ID,Severity,Start_Time,City,County,State,Start_Lat,Start_Lng,Weather_Condition,Temperature(F),Humidity(%),Visibility(mi),Wind_Speed(mph),Crossing,Junction,Station,Stop,Traffic_Signal,Sunrise_Sunset
A-1,3,2022-02-05 10:35:49,Houston,Harris,TX,29.782826263929604,-95.4164694057816,Clear,54.8,67.1,6.2,10.9,False,False,False,False,True,Day
A-2,3,2022-05-08 12:13:26,Chicago,Cook,IL,41.79514151562334,-87.59985007994375,Clear,71.2,28.4,8.6,0.0,False,True,False,False,True,Day
A-3,2,2022-04-22 17:18:30,Orlando,Orange,FL,28.50063742076705,-81.41964486356053,Fair,84.1,62.0,6.0,5.6,False,False,False,False,False,Day
A-4,2,2022-08-16 08:37:16,Dallas,Dallas,TX,32.701856403837965,-96.81739659062723,Clear,88.3,31.2,8.7,4.9,False,True,False,False,False,Day
A-5,2,2022-11-18 17:03:47,Los Angeles,Los Angeles,CA,33.972050321864465,-118.30489576024193,Fog,58.6,43.1,6.7,14.2,False,False,False,False,False,Day
A-6,2,2022-10-27 05:03:16,Los Angeles,Los Angeles,CA,34.05710197989767,-118.2904600182962,Clear,54.9,62.1,8.8,3.2,False,True,False,False,False,Night
A-7,2,2022-08-13 16:30:10,Los Angeles,Los Angeles,CA,34.08053887344077,-118.19891386339133,Overcast,62.7,70.8,9.3,9.7,False,False,False,False,False,Day
A-8,2,2022-12-31 17:37:52,Seattle,King,WA,47.5788620925994,-122.27970680988268,Clear,60.2,10.0,8.8,4.3,True,False,False,False,True,Day
A-9,2,2022-01-01 07:45:29,Dallas,Dallas,TX,32.704842310509434,-96.74242621255941,Clear,60.8,94.3,8.4,11.3,False,False,False,False,False,Day
A-10,2,2022-12-24 11:25:26,Orlando,Orange,FL,28.474494716314688,-81.32445370890171,Fog,71.2,46.8,8.2,5.3,False,False,False,False,False,Day
A-11,2,2022-08-29 07:38:07,Los Angeles,Los Angeles,CA,34.07078148190165,-118.26140158841184,Overcast,56.9,55.5,10.0,2.1,False,False,False,False,False,Day
A-12,3,2022-05-27 16:07:54,Chicago,Cook,IL,41.883634528527345,-87.59653035149721,Cloudy,88.4,90.7,9.6,6.9,False,True,False,False,False,Day
A-13,2,2022-12-20 13:58:15,Seattle,King,WA,47.62560373366432,-122.27945562469607,Cloudy,58.9,94.2,6.0,10.4,False,False,False,False,False,Day
A-14,2,2022-12-23 15:12:22,Miami,Miami-Dade,FL,25.83962026113031,-80.23542945074618,Thunderstorm,56.0,47.6,9.3,9.1,False,False,False,False,False,Day
A-15,2,2022-06-29 07:21:31,Los Angeles,Los Angeles,CA,34.08096747735906,-118.23401138518588,Fair,47.5,81.3,10.0,1.0,False,False,False,False,False,Day
A-16,3,2022-04-27 07:26:01,Los Angeles,Los Angeles,CA,34.07265146990063,-118.25007947526998,Clear,83.9,63.2,8.1,0.6,False,True,False,False,False,Day
A-17,2,2022-10-09 04:19:29,Miami,Miami-Dade,FL,25.88013582325974,-80.28536750146276,Clear,45.6,100.0,8.2,4.4,False,False,False,False,False,Night
A-18,2,2022-04-29 08:16:43,Charlotte,Mecklenburg,NC,35.213360778209996,-80.8268176338105,Cloudy,71.9,46.5,10.0,3.1,False,False,False,True,False,Day
A-19,2,2022-08-26 13:45:25,Houston,Harris,TX,29.87958376903691,-95.40552857294212,Cloudy,75.4,93.0,7.3,3.4,False,False,False,False,False,Day
A-20,2,2022-03-20 17:07:42,Miami,Miami-Dade,FL,25.832894184507804,-80.13923878098755,Cloudy,21.3,48.3,6.6,5.2,False,False,False,False,True,Day
A-21,3,2022-06-07 15:45:07,Dallas,Dallas,TX,32.76180372955215,-96.8351176185836,Clear,45.4,38.5,5.9,9.4,False,False,False,False,False,Day
A-22,2,2022-05-03 11:34:38,Los Angeles,Los Angeles,CA,34.09244194205857,-118.22724442751634,Heavy Rain,59.3,53.9,10.0,5.9,True,False,False,False,False,Day
A-23,2,2022-11-26 20:50:03,Miami,Miami-Dade,FL,25.750939956959083,-80.18619101101122,Fair,93.4,27.2,10.0,2.3,False,False,False,False,False,Night
A-24,2,2022-03-11 16:15:12,Houston,Harris,TX,29.688580229542744,-95.45594919948243,Cloudy,59.3,41.4,7.8,3.3,False,False,False,False,False,Day
A-25,2,2022-10-03 19:50:04,Houston,Harris,TX,29.75999803724392,-95.38581708190785,Clear,57.4,53.6,6.7,8.8,False,False,False,False,False,Night
A-26,2,2022-03-15 13:19:23,Austin,Travis,TX,30.193843683517073,-97.72523607941298,Fog,53.8,54.9,10.0,6.6,False,False,False,False,False,Day
A-27,2,2022-11-02 08:33:57,Los Angeles,Los Angeles,CA,34.063848237587244,-118.19252462790973,Fair,53.5,78.3,8.7,4.2,False,False,False,False,False,Day
A-28,3,2022-07-29 04:18:16,Charlotte,Mecklenburg,NC,35.2671239919596,-80.84217313049741,Fair,55.5,76.4,5.0,9.5,False,False,False,False,False,Night
A-29,3,2022-05-25 16:24:17,Dallas,Dallas,TX,32.76585467526027,-96.75169553789107,Heavy Rain,54.9,59.3,9.7,10.2,False,False,False,False,False,Day
A-30,3,2022-06-09 06:54:52,Los Angeles,Los Angeles,CA,34.063747872552774,-118.21683167355668,Rain,54.3,25.3,9.6,10.1,False,False,False,False,False,Day
A-31,2,2022-01-03 08:26:14,Dallas,Dallas,TX,32.787419582414344,-96.7684593642517,Clear,54.3,17.3,10.0,6.6,False,True,False,False,False,Day
A-32,2,2022-11-02 13:12:15,Los Angeles,Los Angeles,CA,34.09441747936458,-118.21292356690049,Rain,59.3,49.4,10.0,3.4,False,False,False,False,False,Day
A-33,2,2022-11-15 14:12:19,Los Angeles,Los Angeles,CA,34.056673776093206,-118.25742863985958,Cloudy,79.3,43.3,10.0,6.1,False,False,False,True,False,Day
A-34,2,2022-05-07 14:46:54,Atlanta,Fulton,GA,33.733263684623076,-84.43745723659035,Clear,48.2,48.2,7.2,4.2,False,False,False,False,False,Day
A-35,2,2022-11-02 07:57:53,Chicago,Cook,IL,41.91804701976992,-87.55131226586361,Clear,55.3,92.4,6.3,0.0,False,True,False,False,False,Day
A-36,4,2022-10-05 09:13:03,Austin,Travis,TX,30.275127909286464,-97.70468359395731,Fair,57.2,47.9,10.0,6.1,False,False,False,False,True,Day
A-37,2,2022-03-20 14:50:54,Miami,Miami-Dade,FL,25.654922158573385,-80.19522384382563,Fair,65.0,42.7,9.0,0.0,False,False,False,False,False,Day
A-38,3,2022-10-14 20:35:33,Los Angeles,Los Angeles,CA,34.034685673030296,-118.21284201634248,Cloudy,53.6,59.9,10.0,4.1,False,False,False,False,False,Night
A-39,2,2022-02-03 16:06:02,Orlando,Orange,FL,28.512441436152194,-81.35933056201092,Clear,96.1,49.6,9.3,4.7,False,False,False,False,False,Day
A-40,2,2022-06-17 18:32:01,Houston,Harris,TX,29.76777296201988,-95.41250671483913,Light Rain,73.7,71.9,10.0,13.2,False,True,False,True,True,Day
A-41,2,2022-08-12 16:15:24,Los Angeles,Los Angeles,CA,34.054199532373204,-118.26059119401776,Light Rain,79.6,64.9,8.1,2.3,True,False,False,False,True,Day
A-42,2,2022-02-10 14:23:14,Charlotte,Mecklenburg,NC,35.12958205035532,-80.77677797173916,Cloudy,68.6,97.1,9.1,7.9,False,False,False,False,False,Day
A-43,2,2022-06-26 07:53:13,Los Angeles,Los Angeles,CA,33.977613915577315,-118.24396493647102,Rain,86.1,54.2,7.7,5.7,False,False,True,False,False,Day
A-44,3,2022-10-30 15:17:19,Atlanta,Fulton,GA,33.70135697515971,-84.36923843683446,Overcast,47.9,98.6,7.3,8.8,True,False,False,False,False,Day
A-45,3,2022-12-02 15:16:15,Miami,Miami-Dade,FL,25.7649227541614,-80.12881910054156,Clear,56.6,74.0,10.0,4.3,False,False,False,False,False,Day
A-46,2,2022-08-14 14:38:51,Dallas,Dallas,TX,32.83039209139758,-96.79741580815102,Overcast,52.8,70.6,8.8,0.7,False,False,False,False,True,Day
A-47,2,2022-01-12 12:59:43,Miami,Miami-Dade,FL,25.68151781345637,-80.23836734934173,Heavy Rain,62.4,20.2,10.0,7.4,False,False,False,False,False,Day
A-48,4,2022-03-25 13:26:45,Charlotte,Mecklenburg,NC,35.19349425243812,-80.83743447108485,Clear,88.8,17.2,6.3,7.1,False,False,True,False,True,Day
A-49,3,2022-02-16 08:09:16,Charlotte,Mecklenburg,NC,35.22467629111448,-80.87101730041454,Fog,98.0,27.8,9.2,7.8,False,True,False,False,False,Day
A-50,2,2022-10-04 13:16:17,Los Angeles,Los Angeles,CA,34.0056300500497,-118.31327881158987,Clear,79.3,64.3,9.3,5.8,False,True,False,False,False,Day
A-51,3,2022-04-01 07:22:33,Chicago,Cook,IL,41.88246901562765,-87.58964764581627,Fair,63.5,75.1,10.0,5.6,False,False,False,False,False,Day
A-52,2,2022-06-15 17:22:56,Austin,Travis,TX,30.299213747425668,-97.75591607002497,Overcast,81.8,70.7,7.2,10.2,False,False,False,False,False,Day
A-53,2,2022-03-13 07:53:19,Atlanta,Fulton,GA,33.71115944371587,-84.53726314411215,Overcast,87.2,60.8,7.8,9.9,False,False,False,False,False,Day
A-54,2,2022-05-23 05:46:51,Atlanta,Fulton,GA,33.76537917360888,-84.37532392598237,Cloudy,82.6,78.1,6.2,3.8,True,False,False,False,True,Night
A-55,2,2022-01-01 11:40:34,Dallas,Dallas,TX,32.77097403983542,-96.7837084737684,Fair,63.0,83.9,10.0,6.4,False,False,False,False,False,Day
A-56,2,2022-01-24 15:16:44,Atlanta,Fulton,GA,33.69154490237016,-84.2904607148227,Cloudy,63.4,53.8,5.6,2.2,False,False,False,False,False,Day
A-57,2,2022-06-05 11:29:22,Los Angeles,Los Angeles,CA,34.04515591887466,-118.24390827079128,Cloudy,55.1,71.2,9.2,9.3,False,False,False,False,False,Day
A-58,2,2022-10-27 08:58:56,Los Angeles,Los Angeles,CA,34.075033298634494,-118.1903194639949,Fair,61.3,67.7,10.0,8.8,False,False,False,False,False,Day
A-59,4,2022-06-23 13:01:38,Los Angeles,Los Angeles,CA,34.12288715023814,-118.2113719450186,Fair,53.0,76.1,10.0,12.7,False,False,False,False,False,Day
A-60,4,2022-05-19 09:17:05,Miami,Miami-Dade,FL,25.84391218714488,-80.22127111113889,Light Rain,64.0,66.6,10.0,9.9,False,False,False,False,True,Day
A-61,2,2022-04-07 19:39:27,Houston,Harris,TX,29.732015763596216,-95.35238534136602,Clear,64.7,65.3,10.0,7.7,False,False,False,False,False,Night
A-62,2,2022-09-07 18:15:38,Miami,Miami-Dade,FL,25.7303026959278,-80.20002094071152,Fair,52.0,47.9,9.3,17.3,False,False,False,False,False,Day
A-63,2,2022-01-16 12:46:12,Austin,Travis,TX,30.269219506338928,-97.77748725318041,Clear,105.3,64.1,9.3,8.4,True,False,False,False,False,Day
A-64,2,2022-05-16 08:01:13,Houston,Harris,TX,29.733265150629784,-95.39562837913444,Cloudy,69.4,53.2,9.0,9.2,False,False,False,False,True,Day
A-65,2,2022-08-11 16:40:27,Miami,Miami-Dade,FL,25.82235162511085,-80.22441473976626,Clear,84.4,38.6,8.8,0.0,False,False,False,False,False,Day
A-66,2,2022-11-19 03:17:55,Charlotte,Mecklenburg,NC,35.23213453694299,-80.84358441290968,Fair,83.0,66.0,7.8,10.2,False,True,False,False,False,Night
A-67,2,2022-12-01 12:40:35,Los Angeles,Los Angeles,CA,34.05496217552879,-118.24393632874911,Clear,94.1,39.6,10.0,16.7,False,False,False,False,False,Day
A-68,2,2022-02-11 08:03:56,Austin,Travis,TX,30.299365389025176,-97.77058977051087,Clear,51.4,59.1,7.9,8.1,True,False,False,False,False,Day
A-69,1,2022-02-08 18:23:19,Los Angeles,Los Angeles,CA,34.06019180880866,-118.25410929201536,Fair,56.8,52.7,8.4,10.1,False,False,True,False,False,Day
A-70,3,2022-10-02 01:30:23,Chicago,Cook,IL,41.89336223240271,-87.7235982748033,Fair,37.8,48.8,6.4,11.4,False,False,False,False,True,Night
A-71,2,2022-02-11 13:12:53,Austin,Travis,TX,30.280359548728487,-97.79352258617146,Fair,40.7,88.1,10.0,14.2,True,False,False,False,False,Day
A-72,2,2022-06-26 16:54:04,Los Angeles,Los Angeles,CA,34.04496810026062,-118.25832219640085,Clear,49.9,92.8,10.0,9.4,False,True,False,False,False,Day
A-73,2,2022-08-09 12:12:28,Los Angeles,Los Angeles,CA,34.00707808194193,-118.16011616966803,Heavy Rain,62.7,54.1,4.5,0.7,False,False,False,False,True,Day
A-74,2,2022-07-30 05:49:26,Austin,Travis,TX,30.355151100760185,-97.7114381705604,Clear,63.6,79.9,10.0,7.9,False,False,False,False,True,Night
A-75,2,2022-02-25 21:03:20,Orlando,Orange,FL,28.493013314444134,-81.4280654890825,Light Rain,112.6,28.4,10.0,10.1,False,True,False,False,False,Night
A-76,3,2022-03-17 13:52:37,Orlando,Orange,FL,28.621011525913996,-81.29845863950237,Cloudy,72.5,36.4,10.0,9.8,False,False,False,False,False,Day
A-77,2,2022-06-22 14:23:07,Austin,Travis,TX,30.28427213113822,-97.74318034173096,Clear,79.6,58.8,9.7,6.4,False,False,False,False,False,Day
A-78,3,2022-01-02 07:20:15,Los Angeles,Los Angeles,CA,34.02212080102257,-118.30043158341434,Fair,67.1,38.7,10.0,5.5,False,False,False,False,False,Day
A-79,2,2022-10-21 12:34:16,Houston,Harris,TX,29.78814287967815,-95.37374572712358,Snow,45.3,67.5,9.7,5.6,False,True,False,False,False,Day
A-80,2,2022-06-09 11:34:51,Los Angeles,Los Angeles,CA,34.091495804345186,-118.19444560459587,Cloudy,69.5,65.8,7.0,6.4,False,False,False,False,True,Day
A-81,2,2022-01-24 05:21:58,Seattle,King,WA,47.69211008157094,-122.38878595821119,Clear,40.8,59.1,8.8,7.5,False,False,False,False,False,Night
A-82,2,2022-06-09 06:48:51,Dallas,Dallas,TX,32.710917761608975,-96.8488068459688,Fair,62.3,100.0,8.0,9.2,False,False,False,False,False,Day
A-83,2,2022-01-04 17:00:01,Miami,Miami-Dade,FL,25.754699845063428,-80.10148407030812,Fair,74.7,67.4,10.0,8.5,False,False,False,False,False,Day
A-84,4,2022-06-01 07:07:21,Los Angeles,Los Angeles,CA,34.12106049035744,-118.22887863220043,Overcast,56.2,71.5,8.5,5.3,True,False,False,False,True,Day
A-85,2,2022-03-28 07:01:50,Miami,Miami-Dade,FL,25.79902764258268,-80.21538295674316,Rain,67.9,69.7,10.0,2.2,False,False,False,False,True,Day
A-86,2,2022-09-11 12:08:12,Miami,Miami-Dade,FL,25.786000875358294,-80.1971106591789,Clear,56.0,42.0,6.8,8.5,True,True,False,False,False,Day
A-87,3,2022-09-01 16:50:52,Orlando,Orange,FL,28.612224382557432,-81.36492384208401,Clear,48.4,99.0,10.0,5.8,False,True,False,False,False,Day
A-88,2,2022-03-06 05:49:06,Dallas,Dallas,TX,32.76770296723079,-96.80667267161714,Clear,72.3,31.9,9.5,13.4,False,False,False,False,False,Night
A-89,2,2022-08-18 14:10:39,Seattle,King,WA,47.48629825947735,-122.26460849900437,Thunderstorm,80.7,65.7,6.3,10.6,False,False,True,False,False,Day
A-90,2,2022-03-18 06:39:01,Charlotte,Mecklenburg,NC,35.20877460996126,-80.83815348843615,Fair,80.6,74.9,10.0,8.4,False,True,False,False,True,Day
A-91,2,2022-10-03 03:43:16,Los Angeles,Los Angeles,CA,34.152787822293966,-118.21051457532329,Light Rain,61.4,79.7,9.5,4.0,True,False,False,False,False,Night
A-92,2,2022-09-15 04:03:34,Orlando,Orange,FL,28.553223797845344,-81.37503422079445,Fair,32.4,53.8,10.0,1.6,False,False,False,False,False,Night
A-93,2,2022-03-29 17:35:30,Austin,Travis,TX,30.22507847472844,-97.74496738594954,Cloudy,66.3,74.9,10.0,7.0,False,False,False,False,False,Day
A-94,2,2022-05-07 06:40:12,Charlotte,Mecklenburg,NC,35.29380647340386,-80.79845220314131,Clear,84.0,39.0,10.0,7.6,False,False,False,False,True,Day
A-95,2,2022-12-23 04:00:35,Austin,Travis,TX,30.30944314518876,-97.69740394328478,Rain,45.3,93.4,10.0,0.1,False,False,False,False,False,Night
A-96,2,2022-07-22 11:07:51,Charlotte,Mecklenburg,NC,35.23445058754331,-80.92477856288144,Fair,91.7,56.7,8.3,8.9,False,False,False,False,False,Day
A-97,2,2022-08-25 17:51:52,Charlotte,Mecklenburg,NC,35.25635660196319,-80.84406392796144,Overcast,34.1,50.1,9.2,7.2,False,True,False,False,False,Day
A-98,2,2022-08-23 08:20:26,Houston,Harris,TX,29.709537254988813,-95.26731453741981,Clear,71.0,47.2,8.3,0.0,False,False,False,False,False,Day
A-99,4,2022-05-31 10:50:49,Los Angeles,Los Angeles,CA,34.034095080285404,-118.2660080881374,Cloudy,77.4,65.9,6.4,3.6,False,False,False,False,False,Day
A-100,2,2022-05-27 04:42:34,Los Angeles,Los Angeles,CA,34.04895343858643,-118.22099658969631,Fair,87.0,28.4,8.1,3.8,False,False,True,False,False,Night
A-101,3,2022-02-28 11:50:41,Los Angeles,Los Angeles,CA,34.107158614867515,-118.18133695736527,Clear,71.9,77.7,10.0,2.1,False,True,False,False,False,Day
A-102,2,2022-12-12 14:04:51,Dallas,Dallas,TX,32.74926266113199,-96.85240714612367,Fair,60.1,48.1,9.8,8.5,False,True,False,False,False,Day
A-103,2,2022-11-02 14:07:10,Miami,Miami-Dade,FL,25.760412514812522,-80.21046386626186,Fair,67.5,86.1,6.7,14.2,True,True,False,False,False,Day
A-104,2,2022-09-06 08:38:46,Charlotte,Mecklenburg,NC,35.2991495746749,-80.92169427133196,Clear,54.8,35.2,8.8,8.9,False,True,False,False,False,Day
A-105,3,2022-07-01 08:20:51,Atlanta,Fulton,GA,33.87521634837798,-84.38277704072628,Clear,35.2,62.6,7.4,9.5,False,True,False,False,True,Day
A-106,2,2022-03-22 06:48:37,Miami,Miami-Dade,FL,25.71816806364907,-80.17255834985659,Fair,61.4,71.1,9.9,3.9,False,True,False,False,True,Day
A-107,3,2022-08-14 09:07:06,Houston,Harris,TX,29.767397879485227,-95.337627334405,Clear,72.4,73.2,7.6,9.0,False,False,False,False,False,Day
A-108,4,2022-08-05 06:22:28,Austin,Travis,TX,30.191802354286093,-97.6644112208831,Fair,80.4,49.7,7.9,6.3,False,False,False,False,False,Day
A-109,2,2022-09-19 16:36:19,Miami,Miami-Dade,FL,25.76097495355941,-80.18862453120165,Fair,57.7,35.3,6.4,7.0,False,True,False,False,False,Day
A-110,1,2022-07-13 20:49:14,Los Angeles,Los Angeles,CA,34.037694777484234,-118.30133105810073,Clear,87.2,50.9,10.0,4.6,False,False,False,False,False,Night
A-111,2,2022-11-17 20:41:02,Miami,Miami-Dade,FL,25.824251648422788,-80.23584690076373,Clear,62.5,83.3,8.9,0.7,False,True,False,False,False,Night
A-112,2,2022-06-20 17:28:44,Los Angeles,Los Angeles,CA,33.99355471821291,-118.2818138683182,Light Rain,72.2,100.0,8.8,10.7,False,False,False,False,False,Day
A-113,2,2022-06-13 14:52:28,Atlanta,Fulton,GA,33.6835008481922,-84.37761544380494,Clear,76.2,27.5,9.7,7.6,False,False,False,False,False,Day
A-114,3,2022-03-27 16:40:48,Austin,Travis,TX,30.343246736429286,-97.62560127569066,Cloudy,65.8,45.2,9.8,6.1,False,True,False,False,True,Day
A-115,1,2022-12-07 08:00:43,Dallas,Dallas,TX,32.74504338951348,-96.80060210011781,Fair,63.6,25.4,7.6,14.3,True,False,False,False,False,Day
A-116,2,2022-06-08 15:36:07,Seattle,King,WA,47.61607155707841,-122.2633972322837,Fog,88.4,49.0,9.5,3.0,False,False,False,False,False,Day
A-117,2,2022-09-19 11:34:05,Austin,Travis,TX,30.28195222836243,-97.7488026190574,Clear,39.5,47.2,9.2,9.6,False,False,False,False,True,Day
A-118,4,2022-07-22 12:17:55,Los Angeles,Los Angeles,CA,34.01283421888842,-118.30177794091492,Light Rain,65.6,36.1,10.0,15.2,False,False,False,False,False,Day
A-119,2,2022-11-28 16:06:43,Atlanta,Fulton,GA,33.70968745244073,-84.42881917765196,Fair,37.5,93.3,10.0,8.7,False,False,False,False,False,Day
A-120,3,2022-10-09 08:28:30,Charlotte,Mecklenburg,NC,35.28344548423516,-80.87955419736944,Clear,38.0,82.9,9.0,2.4,False,False,False,False,False,Day
A-121,4,2022-10-17 08:42:35,Austin,Travis,TX,30.301053604442266,-97.74921238557742,Clear,64.2,64.9,9.0,10.9,False,True,False,False,False,Day
A-122,2,2022-07-18 19:05:24,Atlanta,Fulton,GA,33.74821562701208,-84.367722531009,Fair,57.1,57.8,8.6,4.8,False,False,False,False,False,Night
A-123,2,2022-08-08 04:08:19,Miami,Miami-Dade,FL,25.754860408758788,-80.22472714244665,Clear,96.2,77.9,9.2,4.5,False,False,False,False,False,Night
A-124,2,2022-02-21 12:36:26,Los Angeles,Los Angeles,CA,34.06803054424261,-118.20416925612454,Fair,61.2,40.0,8.9,3.4,True,False,False,False,False,Day
A-125,2,2022-02-07 18:01:49,Miami,Miami-Dade,FL,25.780809960596006,-80.1394392809894,Rain,82.0,64.8,9.3,13.5,False,False,False,True,False,Day
A-126,3,2022-03-09 14:32:23,Houston,Harris,TX,29.823457276110872,-95.38296761335982,Fair,65.8,47.9,6.1,5.4,False,True,True,False,True,Day
A-127,1,2022-08-14 13:41:33,Austin,Travis,TX,30.266157194421943,-97.69719295549989,Fair,47.0,100.0,7.7,3.3,False,False,False,False,False,Day
A-128,2,2022-04-12 07:54:55,Seattle,King,WA,47.62834903741001,-122.42921174165043,Overcast,38.6,32.8,10.0,12.0,False,False,False,False,False,Day
A-129,2,2022-02-24 09:45:10,Los Angeles,Los Angeles,CA,34.08810893975893,-118.36161190992009,Overcast,44.5,54.6,7.7,0.6,False,True,False,False,False,Day
A-130,2,2022-08-24 17:06:15,Charlotte,Mecklenburg,NC,35.26388875950192,-80.80146055639386,Clear,69.9,34.1,8.7,7.3,False,False,False,False,True,Day
A-131,2,2022-08-01 13:44:00,Houston,Harris,TX,29.832885979268063,-95.39089578701528,Cloudy,89.0,75.0,9.4,4.3,False,False,False,False,False,Day
A-132,2,2022-11-09 13:19:34,Miami,Miami-Dade,FL,25.761070561067605,-80.08161716035553,Fair,51.3,75.0,8.7,9.4,False,False,False,False,True,Day
A-133,3,2022-05-18 06:36:40,Los Angeles,Los Angeles,CA,34.02390663840126,-118.24834271585546,Clear,77.6,46.0,7.9,5.3,True,True,False,False,False,Day
A-134,2,2022-06-09 01:11:29,Miami,Miami-Dade,FL,25.74380184883854,-80.24181404412693,Clear,62.3,35.2,10.0,1.4,False,False,False,False,False,Night
A-135,2,2022-05-18 20:26:41,Atlanta,Fulton,GA,33.78104133420475,-84.30366546334788,Clear,49.0,52.3,6.9,7.6,False,False,False,False,False,Night
A-136,3,2022-07-09 09:04:40,Miami,Miami-Dade,FL,25.756294932896825,-80.15901071694233,Fair,70.3,46.0,4.9,5.2,False,True,False,False,False,Day
A-137,4,2022-07-18 14:27:25,Charlotte,Mecklenburg,NC,35.34143988112469,-80.76566123503477,Clear,88.9,61.3,10.0,10.4,False,False,False,False,False,Day
A-138,2,2022-10-03 05:51:48,Orlando,Orange,FL,28.538929446662262,-81.40852647212047,Fair,63.9,92.4,6.4,7.3,False,False,False,False,True,Night
A-139,2,2022-11-26 15:20:00,Houston,Harris,TX,29.71265233445925,-95.35157738517724,Fair,77.4,73.2,10.0,15.6,False,False,False,False,True,Day
A-140,2,2022-12-22 19:47:57,Chicago,Cook,IL,41.89423508336565,-87.67357947412826,Cloudy,69.6,75.2,8.2,4.8,True,False,False,False,False,Night
A-141,2,2022-07-14 14:14:54,Chicago,Cook,IL,41.9550406106378,-87.71709397056458,Cloudy,69.7,59.9,10.0,11.7,False,False,False,False,True,Day
A-142,3,2022-02-26 06:04:05,Miami,Miami-Dade,FL,25.720912009513768,-80.15467815553494,Cloudy,53.0,100.0,8.5,5.6,False,False,False,False,True,Day
A-143,2,2022-10-27 14:51:29,Charlotte,Mecklenburg,NC,35.18486892674495,-80.86594204586162,Light Rain,72.4,62.3,7.9,6.5,False,False,False,False,False,Day
A-144,3,2022-04-21 16:10:30,Miami,Miami-Dade,FL,25.75235923147675,-80.24158997606997,Light Rain,43.1,74.5,10.0,10.0,False,False,False,False,False,Day
A-145,2,2022-11-06 10:12:11,Miami,Miami-Dade,FL,25.729404472058373,-80.26120674267601,Light Rain,70.4,82.0,10.0,3.2,False,False,False,False,False,Day
A-146,2,2022-03-26 18:01:52,Los Angeles,Los Angeles,CA,33.984689095154394,-118.23456346007946,Clear,85.6,59.0,10.0,11.8,False,True,False,False,False,Day
A-147,2,2022-11-21 15:54:35,Dallas,Dallas,TX,32.699658958088015,-96.79379296974648,Clear,92.1,64.1,4.0,9.8,False,False,False,False,False,Day
A-148,2,2022-03-01 18:27:27,Charlotte,Mecklenburg,NC,35.23872143019001,-80.86727328819589,Fair,49.4,48.6,5.0,10.2,True,False,False,True,False,Day
A-149,1,2022-01-17 15:37:06,Los Angeles,Los Angeles,CA,34.08795215535073,-118.27740971095024,Fair,71.6,60.4,6.8,10.7,False,True,False,False,False,Day
A-150,2,2022-04-07 06:31:10,Miami,Miami-Dade,FL,25.726641788891822,-80.15349596336374,Clear,54.4,89.3,6.8,9.3,True,False,False,False,False,Day
A-151,2,2022-07-30 08:29:05,Atlanta,Fulton,GA,33.74547406535009,-84.51211243390112,Clear,67.1,83.3,8.0,9.7,False,False,False,False,False,Day
A-152,3,2022-07-25 07:13:40,Miami,Miami-Dade,FL,25.770948096354275,-80.16025145249854,Fog,93.8,73.8,9.1,12.3,False,False,True,False,True,Day
A-153,2,2022-12-29 18:12:25,Los Angeles,Los Angeles,CA,33.99693829658102,-118.22043929593275,Clear,78.2,78.2,9.4,7.0,False,False,False,False,False,Day
A-154,3,2022-12-28 16:11:17,Charlotte,Mecklenburg,NC,35.27004303485074,-80.90461916060562,Fair,55.2,59.3,10.0,6.3,False,False,False,False,False,Day
A-155,2,2022-03-05 15:20:47,Chicago,Cook,IL,41.88869501677088,-87.72651592682527,Clear,54.4,79.0,7.6,8.9,False,False,False,False,False,Day
A-156,3,2022-10-07 08:52:55,Miami,Miami-Dade,FL,25.787923825482537,-80.16237204704605,Cloudy,65.3,57.0,8.8,7.4,False,True,False,False,False,Day
A-157,4,2022-03-07 07:42:23,Orlando,Orange,FL,28.57229843323989,-81.43789090196549,Fair,66.3,27.3,8.9,10.7,False,False,False,False,True,Day
A-158,2,2022-09-15 16:22:12,Austin,Travis,TX,30.388488149902745,-97.66443046850017,Clear,67.0,96.6,9.0,14.5,False,False,False,False,True,Day
A-159,3,2022-04-19 12:52:48,Miami,Miami-Dade,FL,25.710470097675213,-80.08589663187206,Fog,42.7,55.9,8.0,3.2,False,False,False,False,False,Day
A-160,2,2022-12-27 07:13:15,Orlando,Orange,FL,28.49366158785691,-81.35786215048174,Overcast,95.0,81.1,9.4,7.4,False,True,False,False,True,Day
A-161,3,2022-12-05 14:37:57,Houston,Harris,TX,29.844546243227995,-95.37487069368207,Cloudy,96.5,52.7,6.9,2.7,False,False,False,False,True,Day
A-162,2,2022-05-27 04:38:25,Dallas,Dallas,TX,32.80931140408048,-96.80795126839242,Heavy Rain,72.2,10.0,10.0,6.2,False,False,False,False,False,Night
A-163,2,2022-09-28 08:00:31,Dallas,Dallas,TX,32.78015136117454,-96.88229701248592,Fair,51.9,58.5,7.2,6.4,False,True,False,False,False,Day
A-164,2,2022-05-28 12:51:20,Charlotte,Mecklenburg,NC,35.20319567349013,-80.85738618229377,Cloudy,55.6,23.2,9.8,5.4,False,False,False,False,True,Day
A-165,2,2022-04-16 06:59:57,Los Angeles,Los Angeles,CA,34.04060567972915,-118.26663391273524,Clear,50.9,75.1,8.4,10.6,False,False,False,False,False,Day
A-166,2,2022-07-17 22:23:29,Seattle,King,WA,47.59557596824065,-122.36390869966172,Cloudy,49.5,55.4,8.0,8.4,True,False,False,False,True,Night
A-167,4,2022-07-26 07:46:43,Miami,Miami-Dade,FL,25.686951088061868,-80.17221037945131,Clear,55.5,84.4,6.0,4.6,False,False,False,False,False,Day
A-168,3,2022-12-02 06:24:49,Los Angeles,Los Angeles,CA,34.10085993484509,-118.23713452923027,Clear,71.3,64.7,7.9,10.6,False,True,False,False,False,Day
A-169,2,2022-10-27 07:05:11,Los Angeles,Los Angeles,CA,33.95166713373595,-118.2043905779359,Fair,66.9,39.4,8.5,6.5,False,True,False,False,False,Day
A-170,3,2022-05-23 16:29:29,Dallas,Dallas,TX,32.73424693519369,-96.81917823903082,Clear,87.9,73.4,7.8,4.9,False,False,False,False,False,Day
A-171,3,2022-09-27 10:29:40,Orlando,Orange,FL,28.51671128360335,-81.34906893835596,Fair,42.2,28.8,10.0,2.9,False,True,False,False,False,Day
A-172,2,2022-01-24 14:57:35,Los Angeles,Los Angeles,CA,34.15937421939263,-118.2433023973313,Fair,51.8,53.9,10.0,1.1,False,True,False,False,False,Day
A-173,1,2022-11-16 02:33:15,Charlotte,Mecklenburg,NC,35.22206014156742,-80.81327999287366,Cloudy,35.0,22.7,8.9,5.1,False,False,False,False,False,Night
A-174,2,2022-11-09 03:13:25,Miami,Miami-Dade,FL,25.777523124940465,-80.19568577735059,Clear,67.2,67.0,10.0,7.2,False,True,False,False,True,Night
A-175,3,2022-12-11 11:13:30,Dallas,Dallas,TX,32.73282552446325,-96.70809811136773,Clear,89.0,64.9,10.0,10.7,False,False,False,False,False,Day
A-176,3,2022-01-03 17:47:03,Los Angeles,Los Angeles,CA,34.09563645064241,-118.36578301805943,Cloudy,57.9,62.5,6.9,0.0,False,True,False,False,False,Day
A-177,2,2022-10-28 18:19:58,Orlando,Orange,FL,28.68589406142479,-81.34791912841321,Cloudy,85.5,41.3,10.0,14.5,False,False,False,False,False,Day
A-178,2,2022-07-31 05:39:24,Houston,Harris,TX,29.78497505398028,-95.32697696560842,Clear,75.4,87.0,6.4,3.9,False,False,False,False,False,Night
A-179,3,2022-01-22 13:24:02,Atlanta,Fulton,GA,33.73222477250946,-84.45133794983494,Fair,78.0,78.2,9.0,5.5,False,False,False,False,False,Day
A-180,4,2022-02-16 18:53:25,Los Angeles,Los Angeles,CA,33.950613025626225,-118.15245173137573,Overcast,73.8,64.7,10.0,5.6,True,True,False,False,True,Day
A-181,3,2022-11-29 09:37:37,Miami,Miami-Dade,FL,25.796384611762882,-80.1906827243179,Clear,92.0,48.4,10.0,4.5,False,False,False,False,True,Day
A-182,2,2022-09-11 17:06:29,Los Angeles,Los Angeles,CA,34.0029026763518,-118.2499345695616,Fair,62.0,53.0,9.0,5.8,False,False,False,False,False,Day
A-183,2,2022-06-25 06:18:38,Atlanta,Fulton,GA,33.7112111998519,-84.3694350997716,Clear,75.3,59.7,9.2,6.0,False,False,False,False,False,Day
A-184,2,2022-05-15 19:32:13,Seattle,King,WA,47.65278553752052,-122.28772480023011,Rain,92.7,38.0,10.0,6.4,False,False,False,True,False,Night
A-185,2,2022-05-25 16:56:27,Miami,Miami-Dade,FL,25.73801851627403,-80.18518916536797,Clear,49.7,77.1,6.0,13.3,True,False,False,False,False,Day
A-186,3,2022-01-20 19:35:37,Dallas,Dallas,TX,32.77199287378963,-96.79196601296195,Clear,61.8,85.2,7.0,4.1,False,False,False,False,False,Night
A-187,2,2022-08-28 15:20:27,Austin,Travis,TX,30.304689317205423,-97.70120808582577,Light Rain,73.6,94.2,6.6,14.3,False,False,False,False,False,Day
A-188,3,2022-10-09 09:05:40,Charlotte,Mecklenburg,NC,35.19179680680084,-80.79465771679166,Clear,52.1,53.1,6.8,9.2,False,False,True,False,False,Day
A-189,2,2022-10-21 19:14:43,Charlotte,Mecklenburg,NC,35.1626521232752,-80.82627121022536,Fair,51.5,87.5,7.2,0.8,False,False,False,False,True,Night
A-190,3,2022-06-15 08:42:46,Miami,Miami-Dade,FL,25.784915179274133,-80.26918052984398,Clear,95.4,88.8,10.0,3.7,True,False,False,False,True,Day
A-191,2,2022-01-05 08:13:01,Los Angeles,Los Angeles,CA,34.08991751665105,-118.2946272647211,Snow,52.8,47.4,10.0,3.2,False,False,False,False,True,Day
A-192,2,2022-02-19 16:03:25,Atlanta,Fulton,GA,33.72012175767856,-84.33376661252456,Overcast,59.5,39.9,9.8,6.9,False,True,False,False,True,Day
A-193,2,2022-07-07 16:01:16,Atlanta,Fulton,GA,33.71764345027359,-84.40190301020665,Cloudy,68.2,81.7,10.0,12.3,False,False,True,False,False,Day
A-194,2,2022-09-04 19:09:47,Dallas,Dallas,TX,32.721695232951596,-96.8269308578863,Clear,71.4,49.0,10.0,10.3,False,False,False,False,False,Night
A-195,4,2022-11-04 07:40:42,Miami,Miami-Dade,FL,25.79737454775198,-80.16980176541307,Clear,56.8,45.3,9.0,2.9,False,False,False,False,False,Day
A-196,2,2022-01-01 17:34:47,Miami,Miami-Dade,FL,25.85764490422767,-80.17600204760777,Fair,61.9,76.3,10.0,11.9,True,False,False,False,False,Day
A-197,2,2022-04-22 16:20:20,Orlando,Orange,FL,28.584877254292664,-81.39010676651297,Clear,50.0,32.3,10.0,2.8,False,False,False,False,True,Day
A-198,3,2022-12-06 05:54:04,Atlanta,Fulton,GA,33.74444065285664,-84.35082242034622,Cloudy,56.7,51.1,10.0,3.4,False,False,False,False,True,Night
A-199,3,2022-09-23 09:08:52,Seattle,King,WA,47.6420227689658,-122.39550073150659,Fair,75.4,22.7,9.2,11.2,False,False,False,False,False,Day
A-200,2,2022-08-19 08:20:07,Austin,Travis,TX,30.225609610319193,-97.8297215942146,Light Rain,78.6,43.2,9.4,11.1,True,True,False,False,False,Day
A-201,4,2022-10-26 08:33:09,Dallas,Dallas,TX,32.79512018125151,-96.72187086245745,Clear,80.3,46.9,8.7,10.3,False,False,False,False,False,Day
A-202,2,2022-06-12 22:40:56,Los Angeles,Los Angeles,CA,33.997936647080145,-118.29984030029412,Fair,64.9,45.0,5.5,7.1,False,False,False,False,True,Night
A-203,2,2022-02-02 15:39:23,Los Angeles,Los Angeles,CA,34.04609073211156,-118.31747733882729,Overcast,62.0,51.4,8.9,6.7,False,True,False,False,False,Day
A-204,2,2022-05-08 16:31:55,Atlanta,Fulton,GA,33.8027846714015,-84.40430827040413,Fair,45.4,18.9,9.1,2.3,False,False,False,False,False,Day
A-205,2,2022-11-26 21:37:43,Dallas,Dallas,TX,32.81730190360208,-96.79848007405546,Light Rain,59.7,39.9,7.2,7.0,True,False,False,False,True,Night
A-206,2,2022-07-11 09:50:58,Los Angeles,Los Angeles,CA,34.080623760587464,-118.2676187560875,Clear,67.6,86.9,8.0,4.3,False,False,False,False,True,Day
A-207,2,2022-11-05 17:33:10,Los Angeles,Los Angeles,CA,34.07301384154761,-118.25512197508658,Cloudy,81.3,66.0,10.0,6.3,False,False,False,False,False,Day
A-208,2,2022-06-08 11:22:59,Dallas,Dallas,TX,32.73989388528048,-96.86806874053175,Heavy Rain,36.0,49.8,10.0,16.2,False,False,False,False,False,Day
A-209,3,2022-08-04 17:17:39,Los Angeles,Los Angeles,CA,34.059324033653006,-118.20801145415027,Clear,59.9,46.9,5.7,8.3,False,True,False,False,False,Day
A-210,2,2022-09-26 07:40:46,Los Angeles,Los Angeles,CA,34.09136377765562,-118.32018120909538,Fair,31.0,75.3,7.6,2.6,False,False,False,False,True,Day
A-211,4,2022-05-31 19:12:44,Charlotte,Mecklenburg,NC,35.214942277564255,-80.84197463253246,Clear,40.9,61.7,10.0,12.0,False,True,False,False,False,Night
A-212,3,2022-02-20 07:51:03,Orlando,Orange,FL,28.52807090943648,-81.36750415038345,Cloudy,84.8,37.6,6.5,12.4,False,False,False,False,True,Day
A-213,2,2022-06-08 08:35:44,Dallas,Dallas,TX,32.75318873334573,-96.76455506005172,Fair,45.5,49.3,8.7,12.7,False,False,False,False,False,Day
A-214,2,2022-07-28 16:27:25,Miami,Miami-Dade,FL,25.74745254536517,-80.18043270982373,Clear,66.6,35.3,6.5,5.1,False,False,False,False,True,Day
A-215,2,2022-08-03 10:14:35,Orlando,Orange,FL,28.499633832727913,-81.43361508160896,Overcast,80.4,46.1,7.2,6.6,True,True,False,False,False,Day
A-216,3,2022-09-30 14:34:38,Miami,Miami-Dade,FL,25.76290358598281,-80.21236154049299,Overcast,58.0,73.7,9.7,2.0,False,False,False,False,False,Day
A-217,1,2022-05-05 11:35:09,Miami,Miami-Dade,FL,25.74568621690844,-80.22699889962551,Rain,46.6,71.7,10.0,13.2,False,False,False,False,False,Day
A-218,2,2022-11-27 16:37:28,Orlando,Orange,FL,28.464587717307577,-81.45785122137382,Fair,66.8,80.6,10.0,7.5,False,False,False,False,False,Day
A-219,3,2022-07-11 07:58:42,Dallas,Dallas,TX,32.90674711636036,-96.77522130085623,Fair,88.4,62.8,10.0,1.5,False,False,False,False,False,Day
A-220,2,2022-09-16 05:35:58,Seattle,King,WA,47.55432859224286,-122.36993301457176,Light Rain,79.9,29.8,8.6,13.6,False,False,False,False,False,Night
A-221,2,2022-12-22 08:24:13,Dallas,Dallas,TX,32.76996530664247,-96.78956361465178,Fair,61.3,35.1,8.7,4.3,False,False,False,False,False,Day
A-222,2,2022-11-23 12:33:21,Charlotte,Mecklenburg,NC,35.23015839513087,-80.84865543331388,Cloudy,56.6,69.5,10.0,5.4,False,False,False,False,True,Day
A-223,3,2022-05-24 07:23:58,Los Angeles,Los Angeles,CA,34.02545661914523,-118.30049327061718,Cloudy,82.3,62.0,10.0,2.8,False,False,False,False,False,Day
A-224,3,2022-07-24 09:38:15,Houston,Harris,TX,29.755914108560386,-95.42993456915117,Fair,43.1,36.8,10.0,2.2,False,False,False,False,False,Day
A-225,2,2022-02-23 10:33:55,Miami,Miami-Dade,FL,25.72077276051041,-80.20855341359639,Clear,79.1,53.2,8.2,8.6,False,False,False,False,False,Day
A-226,2,2022-08-07 05:29:26,Miami,Miami-Dade,FL,25.79805896579018,-80.2574751696635,Clear,57.0,98.0,10.0,4.2,True,False,False,False,True,Night
A-227,3,2022-07-30 14:26:24,Chicago,Cook,IL,41.87698807230825,-87.58036120357393,Fair,42.7,78.6,7.8,0.9,False,False,False,False,False,Day
A-228,3,2022-05-06 18:24:21,Houston,Harris,TX,29.79631966291737,-95.30255265617754,Fair,38.5,90.0,7.7,11.0,False,True,False,True,False,Day
A-229,3,2022-08-08 06:11:22,Atlanta,Fulton,GA,33.822494783584645,-84.34884853537307,Overcast,89.5,36.4,9.6,9.0,False,False,True,False,True,Day
A-230,2,2022-06-25 14:38:24,Dallas,Dallas,TX,32.76263856280139,-96.77954647746151,Fair,62.0,93.4,10.0,14.2,False,False,False,False,False,Day
A-231,3,2022-03-15 15:09:33,Austin,Travis,TX,30.305872447331833,-97.74003609784556,Clear,51.6,49.6,8.4,5.5,False,False,False,False,False,Day
A-232,2,2022-07-24 10:28:37,Charlotte,Mecklenburg,NC,35.30391725736097,-80.89549336036272,Fair,64.3,91.4,9.1,7.2,False,True,True,False,False,Day
A-233,2,2022-05-08 16:08:12,Dallas,Dallas,TX,32.770526614603774,-96.7556219482845,Clear,56.4,67.2,5.8,7.8,False,True,False,False,False,Day
A-234,3,2022-02-08 10:13:36,Charlotte,Mecklenburg,NC,35.261654962503435,-80.77455802082405,Clear,56.9,72.6,7.2,7.6,False,False,False,False,False,Day
A-235,2,2022-10-29 12:07:38,Los Angeles,Los Angeles,CA,34.02893591081246,-118.26067144443336,Clear,57.6,73.9,9.7,8.0,False,False,False,False,False,Day
A-236,3,2022-01-24 00:02:54,Orlando,Orange,FL,28.598160601755193,-81.38101654698148,Clear,65.1,62.0,10.0,5.7,False,False,False,False,False,Night
A-237,2,2022-01-31 15:32:31,Miami,Miami-Dade,FL,25.736710086269635,-80.23219215509948,Clear,76.4,71.7,10.0,0.0,False,False,False,False,True,Day
A-238,3,2022-12-30 15:33:13,Los Angeles,Los Angeles,CA,34.087353169810534,-118.2602618572129,Clear,42.1,39.6,6.9,8.2,False,False,False,False,False,Day
A-239,2,2022-12-31 04:46:45,Dallas,Dallas,TX,32.82645589487933,-96.85987743012129,Overcast,85.3,57.4,9.3,9.3,False,False,False,False,False,Night
A-240,2,2022-06-06 09:56:18,Los Angeles,Los Angeles,CA,33.99325114498948,-118.25816285469469,Clear,50.8,75.6,8.1,5.7,False,False,False,False,False,Day
A-241,1,2022-12-29 21:50:53,Atlanta,Fulton,GA,33.715664505412924,-84.36636545019188,Clear,68.8,62.2,9.6,16.9,False,False,False,False,False,Night
A-242,2,2022-10-30 10:53:27,Chicago,Cook,IL,41.84274097304701,-87.61354202871532,Heavy Rain,64.1,53.0,7.9,5.1,False,False,False,False,False,Day
A-243,3,2022-04-29 12:26:47,Atlanta,Fulton,GA,33.80299664415004,-84.37546557110637,Cloudy,52.9,64.7,5.5,4.5,False,False,False,False,False,Day
A-244,2,2022-07-22 18:18:32,Houston,Harris,TX,29.701632618192427,-95.49186442915814,Clear,82.0,32.7,10.0,8.8,False,False,False,False,False,Day
A-245,2,2022-01-19 16:06:28,Los Angeles,Los Angeles,CA,34.06848446154557,-118.24129957557585,Clear,53.1,80.9,7.5,7.9,False,False,False,False,False,Day
A-246,2,2022-03-13 14:04:29,Atlanta,Fulton,GA,33.78532388576254,-84.35734237481881,Cloudy,86.3,18.4,8.5,0.7,False,False,True,False,True,Day
A-247,3,2022-03-21 17:42:55,Houston,Harris,TX,29.76886944915827,-95.37023836418197,Fair,75.0,59.5,9.1,10.2,False,False,False,False,False,Day
A-248,2,2022-10-12 17:11:41,Chicago,Cook,IL,41.94183665038291,-87.57302944572712,Clear,53.8,75.2,8.9,5.2,False,False,False,False,False,Day
A-249,2,2022-09-14 11:25:17,Chicago,Cook,IL,41.781870306068406,-87.63478445478142,Clear,47.0,61.6,3.1,12.0,False,True,False,False,False,Day
A-250,2,2022-09-16 12:51:48,Seattle,King,WA,47.636595777428646,-122.31224197796766,Rain,81.0,50.6,5.8,8.6,False,False,False,False,True,Day
A-251,4,2022-10-14 09:15:36,Miami,Miami-Dade,FL,25.75261234132371,-80.24193549271251,Fair,47.9,82.0,8.4,6.1,True,False,False,False,False,Day
A-252,2,2022-05-28 20:14:57,Houston,Harris,TX,29.685143606107847,-95.3404888662572,Fair,63.0,46.2,10.0,12.1,False,False,False,False,False,Night
A-253,1,2022-04-06 16:33:44,Seattle,King,WA,47.55214510760314,-122.29276139395832,Clear,75.5,93.7,7.1,4.8,False,False,False,False,False,Day
A-254,3,2022-05-15 05:39:22,Miami,Miami-Dade,FL,25.83995507203043,-80.2274792296056,Clear,72.0,55.8,8.3,1.7,False,False,False,True,False,Night
A-255,2,2022-02-15 17:48:03,Los Angeles,Los Angeles,CA,34.083811068424275,-118.31517298501626,Fair,62.0,55.1,10.0,1.5,False,False,False,False,False,Day
A-256,2,2022-03-08 12:40:22,Charlotte,Mecklenburg,NC,35.267195395856405,-80.86564117055386,Rain,54.1,74.6,10.0,8.0,False,True,False,False,True,Day
A-257,4,2022-08-04 05:08:23,Atlanta,Fulton,GA,33.79694822216402,-84.437908015037,Clear,75.8,53.8,9.8,14.3,True,True,False,False,False,Night
A-258,2,2022-03-08 13:52:15,Orlando,Orange,FL,28.47045879247234,-81.34925533282141,Thunderstorm,36.8,61.9,9.2,6.4,True,False,False,False,False,Day
A-259,2,2022-10-29 10:55:54,Dallas,Dallas,TX,32.788986419590984,-96.82144421173463,Clear,68.9,71.4,5.2,10.0,False,False,False,False,False,Day
A-260,2,2022-11-28 18:25:48,Los Angeles,Los Angeles,CA,34.10712093219355,-118.20777957617865,Fair,45.5,35.5,5.8,8.2,False,False,False,False,False,Day
A-261,3,2022-06-01 07:44:08,Dallas,Dallas,TX,32.756569872648846,-96.87519009275185,Clear,51.8,72.3,7.2,5.3,False,False,False,False,True,Day
A-262,2,2022-07-25 17:38:32,Chicago,Cook,IL,41.94622232119376,-87.67121414339117,Fair,70.5,26.1,8.2,0.4,False,False,False,False,False,Day
A-263,2,2022-03-08 13:04:55,Los Angeles,Los Angeles,CA,34.02156967298671,-118.28189132840686,Fair,53.8,59.7,10.0,7.7,False,False,False,False,False,Day
A-264,2,2022-01-30 04:27:44,Charlotte,Mecklenburg,NC,35.23333805956694,-80.82931835160582,Cloudy,82.4,52.9,9.1,10.2,False,False,False,True,False,Night
A-265,3,2022-02-03 21:27:39,Seattle,King,WA,47.626076701434854,-122.43591835151585,Fair,75.6,33.8,7.7,8.8,True,False,False,False,False,Night
A-266,2,2022-09-09 12:05:26,Orlando,Orange,FL,28.5760299211966,-81.39293454037086,Fair,54.5,93.8,8.4,5.6,True,False,True,False,False,Day
A-267,2,2022-10-06 08:03:10,Orlando,Orange,FL,28.52391317696332,-81.39742205015527,Cloudy,61.6,63.3,10.0,4.9,False,False,False,False,False,Day
A-268,2,2022-12-11 12:29:17,Orlando,Orange,FL,28.58890560593582,-81.36112185657218,Clear,48.4,46.9,9.3,4.5,False,False,False,True,False,Day
A-269,2,2022-08-10 17:11:26,Houston,Harris,TX,29.781800723788297,-95.36727962103939,Fair,72.1,62.8,10.0,4.4,True,False,False,False,False,Day
A-270,3,2022-08-14 08:39:14,Miami,Miami-Dade,FL,25.67976031914601,-80.2395252924259,Clear,88.5,100.0,8.0,7.2,False,True,False,False,False,Day
A-271,2,2022-01-08 07:28:47,Austin,Travis,TX,30.359028631701445,-97.85603747289133,Fair,47.1,40.1,5.1,6.4,False,False,False,False,True,Day
A-272,3,2022-10-27 06:16:40,Austin,Travis,TX,30.219306730228563,-97.78163312276422,Overcast,67.8,73.2,10.0,9.0,False,False,False,False,False,Day
A-273,2,2022-11-16 08:17:56,Seattle,King,WA,47.702150027765136,-122.39543936898869,Clear,69.9,41.7,9.6,3.1,False,True,False,False,False,Day
A-274,3,2022-08-09 16:11:10,Atlanta,Fulton,GA,33.74111572794039,-84.44842254468324,Rain,46.2,69.6,10.0,6.9,False,True,False,False,False,Day
A-275,1,2022-03-05 12:51:48,Charlotte,Mecklenburg,NC,35.20990457539095,-80.87984083097233,Light Rain,49.9,46.8,9.2,6.9,True,False,False,False,False,Day
A-276,2,2022-10-03 07:08:00,Charlotte,Mecklenburg,NC,35.247061908812576,-80.80221771369608,Fair,37.9,56.7,10.0,5.0,False,False,False,False,False,Day
A-277,4,2022-09-27 07:02:20,Austin,Travis,TX,30.232269337309432,-97.80655995563689,Clear,73.4,63.2,7.1,8.2,False,True,False,False,False,Day
A-278,4,2022-03-28 08:08:53,Dallas,Dallas,TX,32.68240423635047,-96.88974957574058,Overcast,59.6,86.4,6.8,3.4,False,False,False,False,True,Day
A-279,2,2022-12-22 19:44:54,Orlando,Orange,FL,28.532834565170962,-81.4081745146877,Light Rain,54.1,30.5,8.6,11.8,False,False,False,False,False,Night
A-280,2,2022-08-17 09:18:22,Austin,Travis,TX,30.285952640517255,-97.75702034941439,Clear,96.0,94.0,8.4,8.7,False,True,False,False,False,Day
A-281,2,2022-05-18 22:26:38,Atlanta,Fulton,GA,33.82588849769436,-84.40526194128661,Rain,38.0,21.6,8.6,9.2,False,False,True,False,False,Night
A-282,3,2022-02-27 12:11:54,Miami,Miami-Dade,FL,25.702131982454187,-80.22477882456278,Rain,84.3,66.6,8.8,6.7,False,False,False,False,False,Day
A-283,2,2022-02-03 07:27:30,Houston,Harris,TX,29.78941116248262,-95.38203402907342,Fair,32.7,61.2,8.4,5.7,True,False,False,False,True,Day
A-284,2,2022-08-08 18:39:34,Los Angeles,Los Angeles,CA,34.04700499338149,-118.23292463251762,Overcast,57.2,57.4,7.9,4.1,False,False,False,False,True,Day
A-285,2,2022-05-16 11:30:37,Dallas,Dallas,TX,32.77835208695657,-96.8406009435003,Fair,39.5,60.7,7.0,3.7,False,False,False,False,True,Day
A-286,4,2022-02-10 16:44:40,Los Angeles,Los Angeles,CA,34.10080224435512,-118.1935919523604,Fair,52.7,70.4,10.0,0.9,False,False,False,False,False,Day
A-287,2,2022-05-04 22:51:08,Houston,Harris,TX,29.734828858067317,-95.37895288639496,Clear,56.9,69.2,10.0,7.4,False,False,True,False,False,Night
A-288,2,2022-03-30 04:12:21,Charlotte,Mecklenburg,NC,35.235476298758115,-80.79412921268732,Clear,54.4,56.4,10.0,9.8,False,False,False,False,False,Night
A-289,2,2022-09-03 06:31:01,Miami,Miami-Dade,FL,25.81619688941009,-80.17862320333718,Cloudy,68.8,74.1,9.7,2.1,True,False,False,False,False,Day
A-290,2,2022-05-19 16:37:33,Dallas,Dallas,TX,32.82818001930949,-96.86001290228567,Clear,78.2,55.4,10.0,12.3,False,False,False,False,True,Day
A-291,2,2022-04-30 08:42:55,Los Angeles,Los Angeles,CA,33.99118574079302,-118.3414479497281,Fair,63.3,61.9,9.4,0.7,False,False,False,False,False,Day
A-292,4,2022-03-15 07:45:43,Los Angeles,Los Angeles,CA,34.021553099863276,-118.19045057039841,Light Rain,69.9,83.2,10.0,10.4,False,False,False,False,True,Day
A-293,3,2022-09-17 04:30:32,Austin,Travis,TX,30.260013681909598,-97.7887219302041,Clear,88.4,83.7,8.9,3.6,True,False,False,False,True,Night
A-294,2,2022-04-17 02:08:01,Houston,Harris,TX,29.801096928726192,-95.37465771023163,Clear,54.5,81.0,8.4,11.3,False,False,False,False,False,Night
A-295,3,2022-05-11 16:44:36,Los Angeles,Los Angeles,CA,34.03963985935703,-118.27383646743903,Fair,78.6,39.5,8.5,10.1,True,False,False,False,False,Day
A-296,2,2022-10-23 06:43:16,Charlotte,Mecklenburg,NC,35.23123689611275,-80.77597962926771,Clear,102.9,68.5,10.0,17.6,False,False,True,False,False,Day
A-297,2,2022-07-26 12:59:46,Austin,Travis,TX,30.329715459444873,-97.7468337355052,Light Rain,92.2,69.2,10.0,4.5,False,False,False,False,False,Day
A-298,4,2022-03-15 14:29:05,Miami,Miami-Dade,FL,25.744767040610533,-80.26081408631896,Fair,89.4,95.4,7.3,0.0,False,True,False,False,False,Day
A-299,2,2022-03-24 10:08:05,Dallas,Dallas,TX,32.850357937865724,-96.81019076414978,Fair,75.9,75.9,10.0,0.0,False,False,False,False,False,Day
A-300,2,2022-10-27 02:58:21,Los Angeles,Los Angeles,CA,33.971928316683204,-118.18746672721034,Clear,82.3,47.5,8.5,6.2,False,False,False,False,False,Night
A-301,4,2022-07-02 16:51:35,Los Angeles,Los Angeles,CA,34.032562428102324,-118.28720260597545,Clear,57.7,52.4,10.0,7.7,False,False,False,False,False,Day
A-302,2,2022-11-06 01:57:35,Charlotte,Mecklenburg,NC,35.1588427748827,-80.92118472533998,Clear,63.8,10.0,6.6,4.1,False,False,False,True,False,Night
A-303,3,2022-09-10 16:41:49,Charlotte,Mecklenburg,NC,35.23293492816129,-80.80659060724062,Clear,62.0,58.5,10.0,8.5,False,False,False,False,False,Day
A-304,4,2022-06-15 18:00:12,Dallas,Dallas,TX,32.8142495810889,-96.84594700299684,Fair,55.0,52.6,9.2,10.6,False,False,False,False,False,Day
A-305,2,2022-09-11 11:31:33,Orlando,Orange,FL,28.530239169720378,-81.46419910623368,Fair,67.2,49.5,5.3,9.3,False,True,False,False,False,Day
A-306,1,2022-06-22 13:30:13,Chicago,Cook,IL,41.854378479567515,-87.67706196526412,Clear,57.1,44.4,10.0,6.8,False,False,True,False,True,Day
A-307,2,2022-03-18 12:46:13,Charlotte,Mecklenburg,NC,35.15911902263642,-80.83198904433009,Clear,65.9,90.7,5.5,3.6,False,False,False,False,False,Day
A-308,2,2022-12-04 09:54:28,Miami,Miami-Dade,FL,25.84576674555783,-80.17245790902332,Fair,44.3,10.0,7.0,10.3,False,False,False,False,False,Day
A-309,2,2022-05-09 18:26:08,Austin,Travis,TX,30.266079406810306,-97.72590339456318,Overcast,57.0,34.6,6.5,12.5,False,False,False,False,False,Day
A-310,3,2022-03-10 18:36:42,Miami,Miami-Dade,FL,25.73909284912047,-80.24572519279575,Cloudy,84.7,100.0,10.0,4.6,False,False,False,False,True,Day
A-311,2,2022-12-12 08:51:56,Houston,Harris,TX,29.838526620677392,-95.32745731533004,Clear,67.9,79.7,7.8,2.3,False,False,False,False,False,Day
A-312,2,2022-02-04 14:17:24,Los Angeles,Los Angeles,CA,34.03459773223142,-118.20951901244747,Light Rain,85.0,66.1,6.7,11.6,False,False,False,False,False,Day
A-313,2,2022-08-19 19:03:13,Los Angeles,Los Angeles,CA,34.00668188362834,-118.22206921752202,Rain,55.9,59.9,10.0,8.3,False,False,False,False,True,Night
A-314,2,2022-12-19 20:23:15,Chicago,Cook,IL,41.84258597223617,-87.68503230084109,Clear,61.3,48.3,6.8,8.2,False,False,False,False,False,Night
A-315,3,2022-02-23 12:57:16,Seattle,King,WA,47.563338002220824,-122.36465401362311,Cloudy,68.2,34.5,9.9,13.9,True,False,False,False,False,Day
A-316,2,2022-10-05 11:21:21,Orlando,Orange,FL,28.484998591664272,-81.36512126419336,Fair,62.1,67.4,9.7,0.0,True,False,False,False,True,Day
A-317,3,2022-08-15 08:45:46,Houston,Harris,TX,29.725728172861402,-95.34249366293137,Heavy Rain,44.1,76.0,9.5,6.2,False,False,False,False,False,Day
A-318,2,2022-01-05 20:15:04,Los Angeles,Los Angeles,CA,34.172947531685615,-118.29598189336026,Fair,73.5,46.1,5.1,8.5,False,True,False,False,False,Night
A-319,2,2022-11-06 06:51:27,Los Angeles,Los Angeles,CA,33.99470885173463,-118.15782351234307,Heavy Rain,50.2,23.7,10.0,15.1,False,False,False,False,True,Day
A-320,2,2022-12-12 14:53:26,Miami,Miami-Dade,FL,25.687092402134336,-80.20027852575406,Clear,64.8,73.3,10.0,6.8,False,False,False,False,False,Day
A-321,2,2022-08-14 08:40:35,Charlotte,Mecklenburg,NC,35.241001473378944,-80.79724052794325,Clear,33.0,75.5,10.0,5.1,True,False,False,False,False,Day
A-322,2,2022-05-22 08:49:28,Orlando,Orange,FL,28.534501681046766,-81.44285923728873,Overcast,55.3,76.6,10.0,7.9,False,True,False,False,False,Day
A-323,2,2022-08-23 10:07:56,Dallas,Dallas,TX,32.80970204782854,-96.78823022964141,Overcast,63.1,56.8,8.7,9.9,True,False,False,False,True,Day
A-324,4,2022-09-06 23:17:21,Miami,Miami-Dade,FL,25.733995783988803,-80.25661281340382,Cloudy,73.4,16.8,10.0,11.8,False,False,False,False,False,Night
A-325,2,2022-07-13 04:11:18,Chicago,Cook,IL,41.83467433063478,-87.62374420699847,Light Rain,46.5,35.5,6.2,12.9,False,False,False,False,False,Night
A-326,4,2022-12-01 14:49:58,Orlando,Orange,FL,28.62198598837413,-81.35757863595822,Cloudy,51.6,85.7,4.5,0.0,False,True,False,False,False,Day
A-327,1,2022-02-12 05:33:38,Charlotte,Mecklenburg,NC,35.146515520772226,-80.81870459550711,Cloudy,91.5,33.0,10.0,3.9,False,False,False,False,False,Night
A-328,2,2022-06-02 06:46:56,Dallas,Dallas,TX,32.794729944963144,-96.83538638569065,Fair,94.5,74.0,5.5,10.5,False,False,False,False,False,Day
A-329,1,2022-02-02 11:59:36,Houston,Harris,TX,29.7949151464046,-95.46225200927421,Fair,72.7,39.6,10.0,8.0,False,False,False,False,False,Day
A-330,2,2022-05-13 12:51:59,Miami,Miami-Dade,FL,25.802785106125743,-80.17717503631411,Fair,84.2,37.6,6.2,8.7,False,False,False,False,True,Day
A-331,3,2022-06-30 08:23:25,Houston,Harris,TX,29.74523093659314,-95.3912288794598,Cloudy,59.1,96.5,10.0,4.5,False,False,False,False,False,Day
A-332,1,2022-02-28 08:25:45,Austin,Travis,TX,30.20478890551048,-97.76455493464509,Fair,74.8,97.3,7.5,8.0,False,False,False,False,True,Day
A-333,2,2022-02-27 05:57:09,Los Angeles,Los Angeles,CA,34.12717570146964,-118.29130618710741,Clear,74.0,63.3,9.8,6.1,False,False,False,False,True,Night
A-334,2,2022-03-28 08:52:13,Los Angeles,Los Angeles,CA,34.02992278733165,-118.24788612175955,Clear,50.9,50.3,10.0,8.9,False,True,False,False,False,Day
A-335,2,2022-04-28 20:47:12,Los Angeles,Los Angeles,CA,34.12869989905406,-118.24543210946257,Rain,67.9,80.6,7.3,9.0,False,False,False,False,False,Night
A-336,3,2022-06-18 19:06:47,Los Angeles,Los Angeles,CA,34.07060369732855,-118.19244915831476,Clear,60.6,28.4,10.0,8.3,False,False,False,False,False,Night
A-337,2,2022-08-12 08:53:08,Seattle,King,WA,47.582003799411375,-122.43442764309825,Clear,70.5,84.2,9.0,8.1,False,False,False,False,False,Day
A-338,3,2022-06-21 14:06:47,Orlando,Orange,FL,28.55797215236417,-81.44683920199061,Fair,57.0,100.0,9.2,6.3,False,False,False,False,True,Day
A-339,2,2022-06-02 18:06:42,Charlotte,Mecklenburg,NC,35.28464009785289,-80.82160380766501,Clear,43.2,71.6,10.0,13.4,False,True,False,False,False,Day
A-340,4,2022-04-28 00:27:18,Los Angeles,Los Angeles,CA,34.056304412524526,-118.35527993641988,Fair,65.3,36.7,10.0,11.5,False,False,False,False,False,Night
A-341,3,2022-02-16 17:43:38,Charlotte,Mecklenburg,NC,35.19022087787213,-80.88074190244939,Clear,77.5,90.5,8.9,7.2,False,True,False,False,False,Day
A-342,2,2022-08-14 19:40:58,Charlotte,Mecklenburg,NC,35.13772235029278,-80.7258706589973,Clear,77.5,66.3,5.9,10.4,False,True,True,False,False,Night
A-343,2,2022-12-07 05:21:48,Los Angeles,Los Angeles,CA,34.03098715635514,-118.25908637662982,Overcast,38.4,57.2,9.1,15.1,False,False,False,False,False,Night
A-344,3,2022-06-14 06:21:33,Houston,Harris,TX,29.800782029044274,-95.3363294551278,Overcast,67.7,40.6,6.0,3.4,False,True,False,False,True,Day
A-345,2,2022-10-10 20:44:17,Houston,Harris,TX,29.70988330748818,-95.45538697311679,Clear,75.3,37.2,8.8,4.2,False,False,False,False,False,Night
A-346,3,2022-04-06 13:59:53,Dallas,Dallas,TX,32.81075810322981,-96.7634953455322,Cloudy,67.1,83.1,8.3,7.3,False,False,False,False,False,Day
A-347,2,2022-03-19 01:41:01,Dallas,Dallas,TX,32.77810995378601,-96.81736359030977,Cloudy,78.0,58.5,6.1,8.3,True,False,False,False,False,Night
A-348,2,2022-08-31 08:26:13,Los Angeles,Los Angeles,CA,34.08947476687884,-118.23073345143266,Cloudy,43.8,58.3,7.2,4.9,True,False,True,False,False,Day
A-349,3,2022-01-11 11:52:55,Houston,Harris,TX,29.64343840497966,-95.3434597229369,Fair,47.8,62.5,10.0,9.8,False,False,False,False,False,Day
A-350,2,2022-06-08 15:27:54,Dallas,Dallas,TX,32.705683243361726,-96.824223493663,Clear,73.8,21.0,8.4,6.7,False,False,False,False,False,Day
A-351,2,2022-10-20 16:24:03,Charlotte,Mecklenburg,NC,35.20397008335802,-80.82026308365991,Cloudy,59.8,59.6,8.1,11.4,True,False,False,False,False,Day
A-352,2,2022-01-20 23:35:49,Seattle,King,WA,47.69951365381341,-122.3896347931232,Fair,82.6,59.9,10.0,4.3,False,False,False,False,False,Night
A-353,2,2022-03-16 08:16:06,Dallas,Dallas,TX,32.73898659193542,-96.79580731486683,Clear,69.6,89.9,10.0,3.6,False,False,True,False,False,Day
A-354,3,2022-10-28 13:04:18,Los Angeles,Los Angeles,CA,34.04586083466807,-118.21919858733412,Fair,51.6,76.6,7.8,6.2,False,True,False,False,False,Day
A-355,4,2022-08-09 13:34:48,Los Angeles,Los Angeles,CA,34.1597365344248,-118.27217197943935,Overcast,50.8,35.7,10.0,6.4,False,False,False,False,True,Day
A-356,3,2022-03-04 10:49:46,Dallas,Dallas,TX,32.79813185513806,-96.84663746504938,Fair,36.8,52.1,9.0,3.4,False,True,False,False,True,Day
A-357,2,2022-09-12 07:26:40,Los Angeles,Los Angeles,CA,34.09518150471815,-118.26801025612188,Clear,75.3,80.9,10.0,7.4,False,False,False,False,False,Day
A-358,2,2022-12-17 21:49:49,Dallas,Dallas,TX,32.744583764125025,-96.74399071668378,Light Rain,63.2,33.9,10.0,4.4,False,True,False,False,True,Night
A-359,3,2022-04-19 17:13:13,Atlanta,Fulton,GA,33.80794933703174,-84.3426580615815,Light Rain,78.7,93.9,8.3,14.6,False,True,False,False,False,Day
A-360,2,2022-04-29 12:35:03,Dallas,Dallas,TX,32.84326974677575,-96.76045975850309,Fair,68.9,59.2,9.6,6.8,False,False,False,False,False,Day
A-361,2,2022-03-15 14:14:31,Houston,Harris,TX,29.78547991238613,-95.2944084328098,Fair,66.7,70.7,7.4,8.5,True,False,False,False,False,Day
A-362,4,2022-12-11 07:13:57,Dallas,Dallas,TX,32.772401152918775,-96.79668512537725,Cloudy,77.2,51.2,9.3,2.0,False,False,False,False,True,Day
A-363,2,2022-05-16 13:19:09,Houston,Harris,TX,29.78837136272828,-95.36100531240207,Clear,63.5,50.9,7.3,9.2,True,False,False,False,False,Day
A-364,2,2022-11-22 15:23:33,Charlotte,Mecklenburg,NC,35.14581570727007,-80.94274827229417,Cloudy,60.0,41.6,7.6,3.8,False,False,False,False,False,Day
A-365,1,2022-12-26 13:27:26,Atlanta,Fulton,GA,33.80343169504958,-84.43350093295255,Overcast,65.0,90.7,10.0,10.7,False,False,False,False,True,Day
A-366,2,2022-10-06 22:00:32,Houston,Harris,TX,29.71794391483997,-95.34422636836457,Fair,77.6,71.8,9.5,0.8,False,True,False,False,False,Night
A-367,1,2022-12-05 14:06:08,Chicago,Cook,IL,41.86417009032432,-87.58638892057336,Clear,50.9,40.7,9.7,6.9,False,False,False,False,False,Day
A-368,3,2022-11-11 09:33:59,Atlanta,Fulton,GA,33.8148777435283,-84.4526378209922,Clear,78.9,74.1,8.0,11.1,False,False,False,False,False,Day
A-369,2,2022-09-05 16:49:24,Los Angeles,Los Angeles,CA,34.107078112521336,-118.24835446393678,Cloudy,66.0,78.8,8.4,7.7,False,False,False,False,False,Day
A-370,2,2022-05-27 07:50:12,Los Angeles,Los Angeles,CA,33.97114361410769,-118.13572928143454,Clear,59.2,81.6,8.3,6.4,False,True,False,False,False,Day
A-371,3,2022-06-05 09:51:50,Los Angeles,Los Angeles,CA,34.00483357388431,-118.24808582532292,Fair,67.7,65.6,7.8,12.3,False,False,False,False,True,Day
A-372,2,2022-08-24 09:36:12,Los Angeles,Los Angeles,CA,34.08420566753959,-118.17145822437867,Fair,82.6,63.4,7.7,3.7,True,False,False,False,True,Day
A-373,2,2022-05-07 11:19:32,Los Angeles,Los Angeles,CA,33.96522962671269,-118.22633558166143,Clear,82.5,41.4,7.3,2.3,False,False,False,False,False,Day
A-374,2,2022-12-01 16:07:55,Orlando,Orange,FL,28.609267311611376,-81.35113156829478,Fair,70.9,86.6,6.2,2.8,False,True,False,False,False,Day
A-375,3,2022-04-26 12:39:18,Los Angeles,Los Angeles,CA,34.05809625384016,-118.28917398069831,Fair,74.4,73.3,8.8,3.0,False,True,False,False,False,Day
A-376,2,2022-11-03 17:43:59,Miami,Miami-Dade,FL,25.832345878689594,-80.27224758646632,Cloudy,65.6,79.8,7.1,8.7,False,False,False,True,False,Day
A-377,2,2022-11-10 14:40:20,Seattle,King,WA,47.568955657062595,-122.29597959966308,Clear,56.2,22.3,10.0,5.8,False,False,False,False,False,Day
A-378,2,2022-04-28 08:21:41,Los Angeles,Los Angeles,CA,34.01939141762037,-118.22834477117875,Clear,71.7,79.1,6.3,10.9,False,False,False,False,False,Day
A-379,2,2022-06-29 17:09:51,Austin,Travis,TX,30.318907649886093,-97.74007158464767,Overcast,58.3,60.5,8.2,8.8,False,False,False,False,False,Day
A-380,2,2022-07-09 07:00:16,Miami,Miami-Dade,FL,25.74688136621512,-80.25815529278252,Cloudy,49.6,76.6,10.0,8.5,False,False,False,False,False,Day
A-381,2,2022-07-23 07:25:52,Los Angeles,Los Angeles,CA,33.99015392575914,-118.26153814696742,Overcast,58.7,36.0,4.7,0.1,False,False,False,False,False,Day
A-382,2,2022-09-08 12:45:18,Orlando,Orange,FL,28.566373598893588,-81.4100335455701,Clear,40.4,96.3,10.0,9.3,False,False,False,False,False,Day
A-383,2,2022-03-09 08:16:45,Dallas,Dallas,TX,32.69708136105692,-96.82293752801476,Clear,46.4,47.0,7.4,12.0,False,False,False,False,False,Day
A-384,2,2022-06-29 00:52:40,Seattle,King,WA,47.67830671313544,-122.3206761487454,Fair,95.4,83.0,6.8,7.4,False,False,False,False,False,Night
A-385,2,2022-01-08 15:44:48,Orlando,Orange,FL,28.547510422132557,-81.34388853847456,Light Rain,81.9,55.9,10.0,3.1,True,False,False,False,True,Day
A-386,2,2022-02-28 12:06:16,Austin,Travis,TX,30.22271717582269,-97.72879620821854,Light Rain,61.4,97.0,10.0,0.8,False,False,False,False,False,Day
A-387,4,2022-01-23 11:56:05,Miami,Miami-Dade,FL,25.818959402849078,-80.18207693920581,Light Rain,72.8,66.0,6.8,11.0,False,False,False,False,False,Day
A-388,3,2022-08-29 20:58:31,Los Angeles,Los Angeles,CA,34.110339269590945,-118.23802406731988,Clear,50.7,97.7,8.3,7.4,False,True,False,False,False,Night
A-389,4,2022-03-16 14:47:53,Austin,Travis,TX,30.267386620464567,-97.75183865650592,Overcast,74.9,58.6,10.0,1.6,False,False,False,False,False,Day
A-390,2,2022-02-03 17:30:11,Austin,Travis,TX,30.380970436184644,-97.78463329963633,Light Rain,68.9,37.7,8.1,8.5,False,False,False,False,False,Day
A-391,2,2022-11-10 06:47:05,Chicago,Cook,IL,41.990717239799075,-87.62745769638025,Clear,54.4,65.9,7.0,6.9,False,False,False,False,False,Day
A-392,2,2022-06-26 14:15:19,Houston,Harris,TX,29.776567432815167,-95.3324361958064,Fair,60.2,57.3,8.8,13.4,True,False,False,False,False,Day
A-393,2,2022-05-21 17:41:45,Houston,Harris,TX,29.813670305089705,-95.37556484444653,Fair,59.1,47.9,8.8,3.8,True,False,False,False,True,Day
A-394,2,2022-06-16 14:28:02,Austin,Travis,TX,30.332640261222508,-97.78911816965584,Clear,77.8,84.9,8.5,8.5,False,False,False,False,True,Day
A-395,2,2022-07-09 16:10:24,Miami,Miami-Dade,FL,25.704953827391314,-80.25158222154924,Fair,63.8,32.9,9.9,11.7,False,False,False,False,False,Day
A-396,2,2022-04-15 09:41:57,Atlanta,Fulton,GA,33.763335813227805,-84.43568911899605,Light Rain,41.3,98.2,7.7,8.8,True,True,False,False,False,Day
A-397,2,2022-08-30 05:08:19,Seattle,King,WA,47.57210820612218,-122.38928667697482,Light Rain,58.3,56.3,10.0,6.4,False,False,False,False,False,Night
A-398,2,2022-10-22 11:28:08,Houston,Harris,TX,29.719254922148785,-95.22523940750804,Rain,53.3,32.8,8.3,5.7,False,False,False,False,False,Day
A-399,2,2022-03-08 10:04:39,Austin,Travis,TX,30.273280340728473,-97.78698644244209,Fair,42.8,67.8,6.1,5.8,True,False,False,False,True,Day
A-400,2,2022-06-04 17:52:41,Austin,Travis,TX,30.27703706302263,-97.74502152803808,Fair,53.6,63.7,10.0,5.0,True,True,False,True,False,Day
A-401,2,2022-12-21 07:53:38,Los Angeles,Los Angeles,CA,33.97159951982042,-118.24803849046668,Cloudy,32.6,56.9,5.9,4.2,False,False,False,False,True,Day
A-402,4,2022-11-29 20:04:48,Atlanta,Fulton,GA,33.76618576371269,-84.31733425832984,Fair,51.0,47.4,10.0,11.5,False,False,False,False,False,Night
A-403,2,2022-10-25 20:52:05,Charlotte,Mecklenburg,NC,35.21455261028293,-80.8216312962297,Clear,67.9,86.3,8.7,11.2,False,False,False,False,False,Night
A-404,2,2022-11-02 07:47:10,Austin,Travis,TX,30.337095945729587,-97.72187527447265,Cloudy,71.8,70.8,9.0,9.9,True,False,False,False,False,Day
A-405,3,2022-04-16 09:38:54,Miami,Miami-Dade,FL,25.8198355296803,-80.18308071672338,Clear,72.6,50.3,7.3,7.9,False,False,False,False,False,Day
A-406,2,2022-08-24 18:50:43,Atlanta,Fulton,GA,33.70619957570269,-84.37424533735002,Clear,79.4,68.0,8.0,7.8,False,False,False,False,False,Day
A-407,2,2022-08-19 20:02:01,Houston,Harris,TX,29.826036418556928,-95.35368724219143,Clear,82.8,44.4,10.0,0.7,False,False,False,True,False,Night
A-408,2,2022-09-09 11:57:24,Los Angeles,Los Angeles,CA,34.078997767122175,-118.27507038191617,Rain,49.6,79.6,6.8,9.8,False,False,False,False,True,Day
A-409,2,2022-11-29 08:34:21,Atlanta,Fulton,GA,33.73808595069259,-84.43386797575435,Clear,44.4,100.0,8.0,7.1,False,False,False,False,False,Day
A-410,2,2022-07-29 13:21:54,Los Angeles,Los Angeles,CA,34.02659105072468,-118.24076789734126,Fair,65.6,82.1,10.0,2.2,False,False,True,False,True,Day
A-411,2,2022-07-15 15:34:30,Miami,Miami-Dade,FL,25.70431768005673,-80.21864614874599,Heavy Rain,73.2,46.8,7.8,11.2,False,False,False,False,False,Day
A-412,2,2022-03-15 08:52:07,Chicago,Cook,IL,41.817200107972184,-87.62058166680954,Fair,52.5,40.8,9.1,6.4,False,False,True,False,True,Day
A-413,3,2022-12-16 16:19:41,Chicago,Cook,IL,41.786743553021296,-87.68376327385529,Clear,69.0,62.0,9.2,10.0,False,True,False,False,False,Day
A-414,2,2022-09-12 04:03:17,Dallas,Dallas,TX,32.77774408647607,-96.87068790039095,Fair,92.3,27.8,7.3,8.8,True,True,False,False,False,Night
A-415,2,2022-12-21 04:03:19,Dallas,Dallas,TX,32.67369725248467,-96.8609661784941,Clear,45.0,78.3,9.8,3.4,False,False,False,False,False,Night
A-416,2,2022-04-23 09:15:25,Houston,Harris,TX,29.717074204449556,-95.37349391256583,Clear,65.1,73.3,8.9,10.0,False,False,False,False,False,Day
A-417,2,2022-10-20 09:24:03,Miami,Miami-Dade,FL,25.794542476216485,-80.27257843416288,Light Rain,80.6,56.9,7.4,4.3,False,False,False,False,True,Day
A-418,3,2022-11-02 08:58:44,Miami,Miami-Dade,FL,25.83636324109438,-80.09431701238243,Clear,62.0,54.2,10.0,0.3,False,False,False,False,False,Day
A-419,2,2022-02-17 12:18:13,Orlando,Orange,FL,28.480879266268172,-81.28158838901022,Cloudy,71.2,57.8,9.3,10.0,False,False,False,False,False,Day
A-420,3,2022-04-17 08:36:52,Austin,Travis,TX,30.29768038635757,-97.69882533663039,Fair,78.7,91.2,8.9,7.8,False,False,False,False,False,Day
A-421,2,2022-10-04 07:45:15,Austin,Travis,TX,30.251715754186186,-97.76157045611706,Clear,60.5,51.9,8.4,7.4,False,False,False,False,False,Day
A-422,3,2022-09-30 08:08:46,Austin,Travis,TX,30.241389693432176,-97.76728007359701,Fair,49.1,36.1,6.1,10.0,False,False,False,False,False,Day
A-423,2,2022-11-06 21:13:05,Los Angeles,Los Angeles,CA,34.05993335350372,-118.22887320840206,Clear,63.5,44.4,8.7,2.4,False,False,False,False,True,Night
A-424,2,2022-01-19 10:07:33,Charlotte,Mecklenburg,NC,35.19435768235226,-80.81326897418091,Clear,48.6,79.8,4.6,3.2,True,False,False,False,False,Day
A-425,3,2022-08-07 11:31:57,Los Angeles,Los Angeles,CA,34.047991232559674,-118.22888710813213,Fair,56.7,40.8,10.0,2.6,False,False,False,False,False,Day
A-426,3,2022-03-10 14:04:29,Charlotte,Mecklenburg,NC,35.23064680190389,-80.90862366970563,Clear,71.6,84.0,6.7,5.1,False,False,False,False,True,Day
A-427,2,2022-04-05 22:19:15,Houston,Harris,TX,29.818429058845233,-95.37929543535357,Cloudy,67.7,56.0,10.0,8.3,False,False,False,False,False,Night
A-428,4,2022-09-03 07:06:49,Seattle,King,WA,47.675074795223445,-122.30543671225104,Clear,80.0,24.1,6.2,15.2,False,False,True,False,False,Day
A-429,2,2022-10-15 15:01:46,Houston,Harris,TX,29.730472692405417,-95.4878769194997,Fair,68.5,75.0,6.4,6.0,False,False,False,False,True,Day
A-430,2,2022-09-03 16:30:49,Los Angeles,Los Angeles,CA,34.03870298861895,-118.29896555572557,Cloudy,53.3,54.6,7.5,7.7,False,False,False,False,True,Day
A-431,2,2022-08-24 14:04:10,Los Angeles,Los Angeles,CA,34.092410551583484,-118.21740652432219,Fair,50.0,67.4,10.0,1.3,False,False,False,False,False,Day
A-432,3,2022-04-27 05:04:28,Austin,Travis,TX,30.258151823804454,-97.75870698590533,Light Rain,74.4,47.5,8.1,4.8,False,False,False,False,False,Night
A-433,4,2022-09-01 15:04:48,Dallas,Dallas,TX,32.81241649512428,-96.812556172199,Cloudy,68.6,84.6,10.0,0.0,True,False,False,False,True,Day
A-434,2,2022-12-02 05:31:35,Los Angeles,Los Angeles,CA,34.0973099852902,-118.18827791899588,Heavy Rain,62.1,68.9,9.9,16.1,False,False,False,False,False,Night
A-435,1,2022-02-24 14:33:55,Los Angeles,Los Angeles,CA,34.10315924269308,-118.24639054345027,Clear,70.1,100.0,8.5,0.0,False,False,True,False,True,Day
A-436,2,2022-11-17 16:11:24,Orlando,Orange,FL,28.54268883757606,-81.40287271282804,Rain,54.4,74.2,9.3,4.9,False,False,False,False,True,Day
A-437,2,2022-09-10 07:16:09,Los Angeles,Los Angeles,CA,33.99402605355864,-118.25912867783599,Cloudy,28.3,55.3,9.7,6.4,False,True,False,False,False,Day
A-438,2,2022-12-17 17:50:17,Austin,Travis,TX,30.25880419701661,-97.7568822793463,Cloudy,80.6,42.7,9.9,14.1,False,True,False,False,True,Day
A-439,2,2022-12-26 03:31:13,Orlando,Orange,FL,28.512935791766683,-81.42092700643519,Rain,74.7,31.7,10.0,7.9,False,False,False,False,False,Night
A-440,2,2022-03-29 17:17:15,Los Angeles,Los Angeles,CA,34.091056947399345,-118.25482653264409,Fair,63.7,57.4,9.2,1.4,False,False,False,False,True,Day
A-441,2,2022-08-23 11:16:06,Los Angeles,Los Angeles,CA,34.128473521084665,-118.30069511068544,Light Rain,51.5,58.2,10.0,5.8,False,False,False,False,False,Day
A-442,2,2022-10-25 07:09:04,Chicago,Cook,IL,41.95578168643161,-87.64646615486461,Fair,61.8,91.8,10.0,7.2,True,False,False,False,False,Day
A-443,3,2022-10-09 06:43:34,Houston,Harris,TX,29.80467626021505,-95.39560446503641,Fair,39.1,51.8,5.9,4.4,False,False,False,False,False,Day
A-444,2,2022-05-06 20:13:03,Houston,Harris,TX,29.713660914665642,-95.35823231817251,Fair,66.7,80.3,8.8,4.0,False,False,False,False,False,Night
A-445,2,2022-10-04 05:17:28,Austin,Travis,TX,30.337357742451722,-97.66737378776075,Clear,36.0,57.9,10.0,3.7,False,False,False,False,True,Night
A-446,2,2022-06-19 07:51:37,Atlanta,Fulton,GA,33.770326144916126,-84.37502164247076,Fair,66.6,97.8,6.2,3.9,False,False,False,False,False,Day
A-447,2,2022-12-06 09:19:23,Chicago,Cook,IL,41.836861098681304,-87.62464259108893,Fog,54.4,28.7,7.1,3.3,False,False,False,False,False,Day
A-448,2,2022-09-12 15:43:50,Austin,Travis,TX,30.310296377679837,-97.73140820985721,Overcast,62.8,87.0,7.1,3.4,False,False,False,False,False,Day
A-449,2,2022-09-02 13:01:12,Houston,Harris,TX,29.749347565866593,-95.41294076229363,Cloudy,47.9,50.0,9.8,5.6,False,False,False,False,False,Day
A-450,4,2022-05-30 06:44:29,Los Angeles,Los Angeles,CA,33.95472328244313,-118.20860218331201,Cloudy,87.6,77.8,10.0,9.9,False,False,False,False,True,Day
A-451,2,2022-11-21 08:29:50,Austin,Travis,TX,30.218185622463107,-97.72277991789817,Clear,70.4,91.4,7.2,1.8,False,False,False,False,False,Day
A-452,2,2022-12-18 07:23:47,Charlotte,Mecklenburg,NC,35.22383382388603,-80.84534937917621,Clear,54.7,53.0,9.9,3.7,True,False,False,False,True,Day
A-453,2,2022-04-27 07:32:40,Houston,Harris,TX,29.755162022552202,-95.3520510898153,Clear,62.3,38.1,7.7,7.2,False,False,False,False,False,Day
A-454,2,2022-04-10 10:17:18,Atlanta,Fulton,GA,33.6957523216234,-84.37161769805236,Clear,89.1,36.1,10.0,9.0,True,False,False,False,False,Day
A-455,3,2022-08-05 16:56:18,Los Angeles,Los Angeles,CA,34.089753635977075,-118.22722691260886,Cloudy,50.8,42.9,10.0,12.9,False,False,False,False,False,Day
A-456,4,2022-11-25 07:14:40,Charlotte,Mecklenburg,NC,35.25308832809946,-80.7933866932108,Overcast,48.3,11.4,10.0,9.7,False,False,False,False,False,Day
A-457,2,2022-10-17 09:22:51,Los Angeles,Los Angeles,CA,33.9804118690053,-118.2816062167852,Clear,47.7,55.4,10.0,7.5,False,True,False,False,False,Day
A-458,2,2022-08-28 10:03:37,Houston,Harris,TX,29.892069498286418,-95.30423936356209,Clear,54.8,73.0,10.0,6.8,False,False,False,False,False,Day
A-459,3,2022-09-03 21:04:40,Los Angeles,Los Angeles,CA,33.99147060083058,-118.32383291353419,Clear,87.4,64.9,7.9,6.4,False,False,False,False,False,Night
A-460,2,2022-01-26 20:22:39,Los Angeles,Los Angeles,CA,34.02931269015055,-118.21060551982416,Clear,56.6,52.4,9.2,2.3,True,False,False,False,False,Night
A-461,3,2022-09-18 17:36:10,Los Angeles,Los Angeles,CA,34.070970204898806,-118.23531198407645,Fair,58.7,42.3,6.4,8.5,False,False,False,False,False,Day
A-462,3,2022-05-30 07:13:59,Dallas,Dallas,TX,32.753972407429316,-96.8451455200716,Clear,68.0,48.6,6.8,5.2,False,True,False,False,True,Day
A-463,2,2022-06-18 05:24:17,Orlando,Orange,FL,28.611013821571774,-81.32774484737834,Clear,64.5,65.7,10.0,7.5,False,False,False,False,False,Night
A-464,4,2022-10-31 08:43:43,Dallas,Dallas,TX,32.76793553544361,-96.88767571425848,Rain,79.5,76.5,10.0,3.2,False,False,False,False,True,Day
A-465,4,2022-02-26 08:09:06,Chicago,Cook,IL,41.832014078197545,-87.5485388627356,Clear,77.3,30.1,10.0,6.5,False,False,False,False,False,Day
A-466,4,2022-03-16 12:49:43,Houston,Harris,TX,29.791126002283765,-95.25695927987374,Overcast,69.9,63.1,9.7,3.2,False,True,False,False,False,Day
A-467,2,2022-09-03 16:15:01,Miami,Miami-Dade,FL,25.616729489967007,-80.19996000787935,Cloudy,61.6,65.3,6.0,9.0,False,False,False,False,False,Day
A-468,2,2022-05-08 17:12:19,Seattle,King,WA,47.632890950563144,-122.3834859178025,Clear,79.4,41.1,9.3,5.9,False,False,True,False,False,Day
A-469,2,2022-09-21 17:49:34,Miami,Miami-Dade,FL,25.826196242546683,-80.22068685671171,Overcast,53.2,70.9,7.0,7.6,False,False,False,False,False,Day
A-470,2,2022-09-23 09:34:50,Chicago,Cook,IL,41.762766389313164,-87.58104427394397,Fair,52.2,78.7,9.8,5.2,True,False,False,False,False,Day
A-471,2,2022-08-21 15:54:02,Los Angeles,Los Angeles,CA,34.03199986697034,-118.25981874244792,Clear,58.9,48.6,6.4,9.7,False,True,False,False,False,Day
A-472,2,2022-04-13 08:58:31,Chicago,Cook,IL,41.795791097814146,-87.77657454107164,Clear,82.4,42.7,9.3,8.3,False,False,False,False,False,Day
A-473,2,2022-12-12 05:06:01,Los Angeles,Los Angeles,CA,34.05285643090888,-118.22452863156789,Overcast,52.4,100.0,8.0,3.6,False,True,False,False,False,Night
A-474,2,2022-05-13 16:35:31,Atlanta,Fulton,GA,33.86117601864983,-84.34330805945183,Fair,56.0,76.0,9.2,3.2,False,False,False,False,True,Day
A-475,2,2022-06-11 01:52:45,Charlotte,Mecklenburg,NC,35.238563647706336,-80.81738440408743,Fair,67.6,63.6,7.9,10.4,False,True,False,False,False,Night
A-476,1,2022-03-06 10:10:22,Chicago,Cook,IL,41.867170172684126,-87.59613388622347,Clear,64.2,46.5,5.9,0.0,False,False,False,False,False,Day
A-477,3,2022-07-19 08:01:02,Los Angeles,Los Angeles,CA,33.91098133555852,-118.16347385268891,Clear,59.3,44.5,10.0,12.4,True,False,False,False,False,Day
A-478,2,2022-10-18 15:58:34,Charlotte,Mecklenburg,NC,35.17179387832032,-80.85367302750113,Overcast,72.0,71.5,8.4,4.0,False,False,False,False,False,Day
A-479,2,2022-02-17 16:14:42,Chicago,Cook,IL,41.87144905421128,-87.54388372049267,Overcast,57.9,43.5,8.1,9.5,False,False,False,False,False,Day
A-480,4,2022-08-16 08:30:27,Charlotte,Mecklenburg,NC,35.23175791311736,-80.85081860201028,Fair,80.8,42.7,8.7,8.4,True,False,False,False,False,Day
A-481,1,2022-05-06 17:27:31,Dallas,Dallas,TX,32.793855763985306,-96.74066742184806,Clear,68.6,57.3,7.7,5.5,False,False,False,False,False,Day
A-482,2,2022-06-27 08:19:27,Orlando,Orange,FL,28.576704734809155,-81.38632051800796,Rain,80.2,72.8,7.7,8.1,False,False,False,False,False,Day
A-483,3,2022-06-16 11:10:18,Houston,Harris,TX,29.71511658321705,-95.26788470871202,Cloudy,53.1,95.3,10.0,7.1,False,True,False,False,False,Day
A-484,3,2022-12-01 16:00:58,Dallas,Dallas,TX,32.77870449310551,-96.76460412058331,Overcast,62.8,64.8,9.2,10.0,False,False,False,False,True,Day
A-485,1,2022-12-02 15:33:35,Dallas,Dallas,TX,32.75188462613938,-96.8018086078987,Clear,36.5,43.6,8.1,3.8,False,False,False,False,False,Day
A-486,3,2022-06-28 22:17:12,Atlanta,Fulton,GA,33.702082818003376,-84.44797913577133,Fair,85.1,54.6,5.7,9.6,False,False,False,False,False,Night
A-487,3,2022-11-07 07:01:10,Los Angeles,Los Angeles,CA,34.008607038982596,-118.2333893386589,Light Rain,99.4,86.1,8.0,0.0,True,False,False,False,True,Day
A-488,2,2022-04-16 15:31:31,Miami,Miami-Dade,FL,25.7887434222606,-80.23276386124567,Clear,60.7,84.1,7.1,9.3,False,False,False,False,False,Day
A-489,2,2022-06-06 14:37:54,Chicago,Cook,IL,41.749888653841765,-87.60775000276475,Cloudy,70.6,84.9,8.2,6.9,False,False,False,False,False,Day
A-490,1,2022-07-13 18:09:21,Atlanta,Fulton,GA,33.65624649586385,-84.35505160634924,Cloudy,66.7,80.3,10.0,8.8,False,False,False,False,False,Day
A-491,2,2022-06-09 06:16:21,Houston,Harris,TX,29.91875950720067,-95.31778195469143,Clear,45.6,98.3,10.0,9.3,True,False,False,False,True,Day
A-492,2,2022-07-10 16:16:23,Dallas,Dallas,TX,32.743474693161524,-96.77011466747437,Overcast,83.7,64.1,8.5,12.7,False,True,False,False,False,Day
A-493,3,2022-10-01 14:31:57,Miami,Miami-Dade,FL,25.835143217029813,-80.18779710187445,Clear,60.9,75.0,7.6,7.4,False,False,False,False,False,Day
A-494,2,2022-06-20 08:57:45,Los Angeles,Los Angeles,CA,34.04896704779704,-118.17747150909035,Cloudy,34.3,43.9,10.0,3.4,False,False,False,False,False,Day
A-495,2,2022-04-09 12:35:27,Houston,Harris,TX,29.732321342197853,-95.29777661302994,Thunderstorm,54.3,64.7,10.0,14.1,False,False,False,False,False,Day
A-496,2,2022-08-19 08:05:08,Houston,Harris,TX,29.793259914141988,-95.42243535863514,Heavy Rain,44.1,65.5,8.5,8.3,False,False,False,False,False,Day
A-497,2,2022-04-29 14:11:57,Dallas,Dallas,TX,32.78072964429903,-96.7088961096183,Overcast,66.8,75.8,10.0,10.3,False,False,False,False,False,Day
A-498,2,2022-06-19 18:30:39,Los Angeles,Los Angeles,CA,34.043246300383636,-118.1822476920513,Fair,66.7,47.5,7.9,5.3,False,False,False,False,False,Day
A-499,1,2022-01-08 14:03:30,Chicago,Cook,IL,41.87590031628488,-87.67245570017386,Cloudy,82.8,28.7,8.3,5.3,False,False,False,False,False,Day
A-500,2,2022-07-16 15:26:07,Chicago,Cook,IL,41.897801675248374,-87.72375670871659,Cloudy,92.4,48.4,8.7,7.4,False,False,False,False,False,Day
A-501,3,2022-02-02 13:35:56,Orlando,Orange,FL,28.503889627008437,-81.31897637950473,Clear,93.7,81.2,8.3,9.2,False,False,False,False,False,Day
A-502,2,2022-09-01 04:07:46,Charlotte,Mecklenburg,NC,35.20300697425064,-80.83278771811864,Clear,49.6,55.8,6.7,8.1,False,False,False,False,False,Night
A-503,2,2022-11-11 07:14:36,Miami,Miami-Dade,FL,25.712823215325127,-80.21456720176225,Fair,74.3,69.4,10.0,3.0,False,False,True,False,False,Day
A-504,2,2022-10-30 12:38:05,Austin,Travis,TX,30.206827215928158,-97.72740367766853,Clear,77.0,48.0,8.4,13.1,False,False,False,False,True,Day
A-505,2,2022-06-20 08:18:56,Orlando,Orange,FL,28.630804167243863,-81.3198860864384,Rain,57.1,80.8,10.0,2.2,False,False,False,False,True,Day
A-506,2,2022-08-27 07:16:41,Los Angeles,Los Angeles,CA,34.00688738292583,-118.34527886621557,Fair,69.3,57.9,10.0,8.3,False,False,True,False,False,Day
A-507,2,2022-04-22 12:30:10,Atlanta,Fulton,GA,33.79892975547202,-84.38169084213733,Clear,71.0,57.6,9.6,7.1,False,False,False,False,False,Day
A-508,3,2022-12-22 08:09:42,Austin,Travis,TX,30.249408546055346,-97.74022980114903,Fair,57.7,86.6,10.0,17.1,False,True,False,False,True,Day
A-509,2,2022-02-16 08:02:02,Atlanta,Fulton,GA,33.77602380980096,-84.31317719703138,Light Rain,84.2,91.5,10.0,5.3,False,False,False,False,False,Day
A-510,1,2022-04-02 11:42:19,Orlando,Orange,FL,28.538204152293503,-81.33777336114382,Rain,68.5,86.9,10.0,2.1,True,True,False,False,False,Day
A-511,2,2022-09-21 06:56:14,Dallas,Dallas,TX,32.687136034653676,-96.75603859261483,Clear,62.4,53.4,7.7,9.6,False,False,False,False,True,Day
A-512,4,2022-12-28 19:09:20,Houston,Harris,TX,29.761847376048966,-95.39199284697484,Overcast,46.6,48.1,8.5,5.0,False,False,False,False,False,Night
A-513,2,2022-11-05 17:51:28,Atlanta,Fulton,GA,33.77928624804209,-84.35452107847475,Fair,82.3,41.8,10.0,11.3,False,False,False,False,False,Day
A-514,3,2022-08-23 16:09:12,Seattle,King,WA,47.558450906677805,-122.35635721327141,Fair,66.1,30.2,10.0,10.5,False,False,False,False,False,Day
A-515,2,2022-11-18 06:22:49,Los Angeles,Los Angeles,CA,34.16828573761562,-118.2491370181512,Overcast,66.2,41.3,7.8,9.8,False,False,False,False,False,Day
A-516,2,2022-10-10 16:51:48,Los Angeles,Los Angeles,CA,34.092809537383445,-118.21500562352155,Clear,52.3,43.0,10.0,3.9,False,False,False,False,True,Day
A-517,3,2022-12-05 17:20:52,Houston,Harris,TX,29.80144847219549,-95.36553088447825,Fair,78.4,34.8,8.6,10.5,False,False,False,False,True,Day
A-518,3,2022-06-12 16:00:14,Austin,Travis,TX,30.31355858486006,-97.72728813744894,Clear,48.0,29.7,10.0,16.2,True,True,False,False,False,Day
A-519,2,2022-02-15 06:32:05,Chicago,Cook,IL,41.76139805913556,-87.56414778065047,Clear,31.9,33.9,9.5,5.5,False,False,False,False,True,Day
A-520,2,2022-11-22 15:18:43,Los Angeles,Los Angeles,CA,34.08744321384072,-118.26194830408991,Clear,54.4,59.0,9.9,6.2,False,False,False,False,False,Day
A-521,2,2022-03-08 17:38:18,Dallas,Dallas,TX,32.89050395089138,-96.8488799847779,Clear,70.2,68.8,8.3,6.4,False,False,False,False,True,Day
A-522,2,2022-06-03 14:25:43,Houston,Harris,TX,29.798370688711092,-95.41513810314585,Cloudy,70.1,67.0,9.4,5.8,False,False,False,False,False,Day
A-523,3,2022-05-09 15:21:12,Chicago,Cook,IL,41.86496022615265,-87.68602382349768,Clear,67.1,49.6,5.9,7.5,False,False,False,True,False,Day
A-524,2,2022-09-12 11:37:58,Seattle,King,WA,47.5504340634627,-122.25172837245273,Fair,62.4,53.0,10.0,7.1,False,False,False,False,False,Day
A-525,2,2022-10-05 13:55:40,Seattle,King,WA,47.545607287564074,-122.29938796226084,Fair,67.4,67.3,10.0,6.8,False,False,False,False,True,Day
A-526,3,2022-04-24 03:38:40,Houston,Harris,TX,29.69380325412873,-95.3162733213221,Rain,107.9,63.8,10.0,3.4,False,False,False,False,True,Night
A-527,2,2022-10-12 15:00:53,Houston,Harris,TX,29.74037843991748,-95.32523584822675,Cloudy,68.7,71.2,9.2,11.8,False,True,False,False,False,Day
A-528,2,2022-04-10 05:31:07,Miami,Miami-Dade,FL,25.70829328839979,-80.20172014931923,Snow,58.7,40.8,7.0,8.5,False,False,False,False,False,Night
A-529,3,2022-10-20 11:17:44,Los Angeles,Los Angeles,CA,34.044601308307286,-118.16220560657035,Clear,63.4,94.7,10.0,10.9,False,False,False,False,False,Day
A-530,2,2022-03-04 08:31:32,Seattle,King,WA,47.61639693447133,-122.36664508476771,Cloudy,61.9,72.6,8.5,9.4,True,False,False,False,False,Day
A-531,2,2022-09-03 13:17:47,Austin,Travis,TX,30.181207859807614,-97.6424814276397,Clear,66.0,74.9,1.8,0.0,False,False,False,False,False,Day
A-532,2,2022-06-20 06:09:35,Chicago,Cook,IL,41.83984551058035,-87.62361438741921,Cloudy,51.3,38.8,10.0,10.6,False,True,False,False,True,Day
A-533,2,2022-08-22 15:22:39,Chicago,Cook,IL,41.849147513675945,-87.54036551668752,Fair,77.0,38.3,10.0,10.2,False,False,False,False,True,Day
A-534,2,2022-01-01 17:33:23,Charlotte,Mecklenburg,NC,35.19673688823133,-80.89555519686442,Cloudy,69.5,46.1,10.0,8.0,False,False,False,False,False,Day
A-535,2,2022-02-18 07:30:06,Austin,Travis,TX,30.268095753891355,-97.76467194894917,Clear,53.2,74.7,7.2,15.7,False,False,False,False,True,Day
A-536,4,2022-10-03 06:27:37,Atlanta,Fulton,GA,33.75523911316964,-84.4681445882632,Clear,80.3,36.9,10.0,11.2,False,False,False,False,False,Day
A-537,4,2022-05-20 06:36:14,Seattle,King,WA,47.58498543601838,-122.27998760834758,Cloudy,36.5,68.9,10.0,11.0,False,False,False,False,True,Day
A-538,3,2022-06-09 18:49:24,Miami,Miami-Dade,FL,25.72807702344079,-80.17913904547234,Rain,97.3,89.2,10.0,0.2,False,False,False,False,True,Day
A-539,2,2022-12-10 13:20:54,Houston,Harris,TX,29.759369323703805,-95.26896937882695,Clear,93.3,45.9,7.8,12.4,False,False,False,False,False,Day
A-540,4,2022-02-06 12:01:26,Los Angeles,Los Angeles,CA,34.1243148324085,-118.26789916959316,Rain,90.9,41.3,9.7,9.7,False,True,False,False,False,Day
A-541,2,2022-06-11 06:20:03,Chicago,Cook,IL,41.80532720315743,-87.56294584112216,Clear,57.6,45.4,10.0,1.6,False,False,False,False,False,Day
A-542,2,2022-11-13 15:18:01,Dallas,Dallas,TX,32.833284291512534,-96.79300424477461,Cloudy,68.6,56.7,5.2,8.3,False,False,False,False,False,Day
A-543,3,2022-07-21 17:13:14,Miami,Miami-Dade,FL,25.680016785263984,-80.19648945941942,Heavy Rain,55.7,79.0,9.0,0.2,False,True,False,False,True,Day
A-544,1,2022-04-13 17:33:35,Orlando,Orange,FL,28.55639169550889,-81.39366915673835,Clear,71.5,80.2,10.0,9.7,False,False,False,False,False,Day
A-545,2,2022-12-22 15:08:06,Dallas,Dallas,TX,32.82918063974851,-96.83925736263717,Fair,65.3,76.0,10.0,7.7,True,True,False,True,False,Day
A-546,3,2022-09-06 05:26:43,Houston,Harris,TX,29.694224782368288,-95.35108760406834,Clear,58.1,21.1,10.0,4.6,False,False,False,False,False,Night
A-547,2,2022-05-26 06:12:14,Los Angeles,Los Angeles,CA,34.06973801790551,-118.23313041318305,Fair,57.9,56.3,10.0,9.8,False,False,False,False,False,Day
A-548,2,2022-06-06 04:08:44,Orlando,Orange,FL,28.485987523505948,-81.45783413846364,Overcast,66.2,42.4,10.0,4.0,False,True,False,False,False,Night
A-549,2,2022-03-25 08:53:35,Charlotte,Mecklenburg,NC,35.285615786280076,-80.96866063342426,Cloudy,109.0,68.1,10.0,7.5,False,False,True,False,False,Day
A-550,3,2022-07-06 06:39:02,Austin,Travis,TX,30.187195926449267,-97.75874982910734,Fog,84.6,78.0,4.3,11.4,False,False,False,False,True,Day
A-551,2,2022-12-30 08:27:22,Charlotte,Mecklenburg,NC,35.18247634574181,-80.78500023662093,Clear,66.3,50.0,8.1,5.6,False,False,False,False,True,Day
A-552,2,2022-09-18 09:48:44,Seattle,King,WA,47.61276899174592,-122.3209964441666,Fair,62.3,98.4,10.0,3.2,False,False,False,False,False,Day
A-553,2,2022-03-21 19:11:13,Charlotte,Mecklenburg,NC,35.26267368936915,-80.90823581533797,Fair,74.3,41.9,8.0,11.4,False,True,False,False,False,Night
A-554,2,2022-02-03 14:14:02,Charlotte,Mecklenburg,NC,35.231735845121946,-80.93179229668698,Rain,55.8,70.6,10.0,7.4,False,False,False,False,False,Day
A-555,4,2022-02-02 17:50:23,Seattle,King,WA,47.63095703242338,-122.27436018360332,Clear,61.6,100.0,10.0,15.0,False,False,False,False,True,Day
A-556,2,2022-11-21 16:07:04,Houston,Harris,TX,29.732939167961103,-95.4524521107502,Snow,35.7,78.4,10.0,9.1,True,False,False,False,True,Day
A-557,2,2022-05-11 06:13:15,Los Angeles,Los Angeles,CA,33.997644671695156,-118.2057329853599,Fair,66.4,71.9,8.1,10.1,False,False,False,False,False,Day
A-558,2,2022-06-18 16:23:05,Los Angeles,Los Angeles,CA,34.12543063418232,-118.2152479020791,Cloudy,66.7,56.6,5.3,8.5,False,False,False,True,False,Day
A-559,3,2022-05-13 08:56:30,Austin,Travis,TX,30.292138242674493,-97.66136694878769,Fair,56.8,72.2,8.6,9.2,False,False,False,False,False,Day
A-560,2,2022-08-23 15:34:14,Dallas,Dallas,TX,32.752313250221356,-96.8284574627514,Light Rain,71.8,49.0,6.2,9.4,False,False,False,False,False,Day
A-561,2,2022-01-25 08:10:02,Orlando,Orange,FL,28.45561238324586,-81.33223473346844,Fair,66.9,82.6,8.1,9.7,False,False,False,False,True,Day
A-562,2,2022-03-19 23:49:32,Miami,Miami-Dade,FL,25.822858655885938,-80.12180640606404,Cloudy,57.0,45.5,3.4,2.5,False,False,False,False,True,Night
A-563,1,2022-08-14 08:35:02,Los Angeles,Los Angeles,CA,34.115417718275154,-118.31055630895507,Cloudy,77.3,55.0,9.0,3.6,False,False,False,False,True,Day
A-564,4,2022-09-19 08:56:43,Los Angeles,Los Angeles,CA,34.04132677734818,-118.23704690173098,Fair,62.3,43.2,9.9,9.6,False,False,False,False,False,Day
A-565,4,2022-07-18 19:43:56,Houston,Harris,TX,29.727369360431627,-95.37181933198902,Clear,49.3,53.1,10.0,7.4,False,False,False,False,False,Night
A-566,4,2022-03-20 02:15:31,Dallas,Dallas,TX,32.763735181563696,-96.85018895957252,Overcast,38.6,50.8,10.0,3.9,False,False,False,False,True,Night
A-567,4,2022-08-06 16:36:55,Houston,Harris,TX,29.74986062377107,-95.3565845098935,Clear,86.5,19.7,9.6,8.2,True,False,False,False,False,Day
A-568,3,2022-12-02 16:11:50,Houston,Harris,TX,29.798876845724735,-95.42824956790844,Light Rain,66.9,60.7,7.7,13.5,False,True,False,False,False,Day
A-569,2,2022-05-31 17:59:50,Atlanta,Fulton,GA,33.69210701824497,-84.36889186593197,Cloudy,66.3,50.3,10.0,7.8,True,True,False,False,False,Day
A-570,3,2022-01-01 21:42:52,Miami,Miami-Dade,FL,25.732519771844824,-80.0831120296141,Fair,64.3,33.8,10.0,8.7,False,False,True,False,False,Night
A-571,2,2022-02-15 21:57:13,Charlotte,Mecklenburg,NC,35.21791657979224,-80.85331167430326,Fair,83.3,46.3,8.9,8.8,False,False,False,False,False,Night
A-572,2,2022-12-24 05:00:21,Austin,Travis,TX,30.28011953055002,-97.74784456523456,Cloudy,67.1,67.2,8.8,4.6,False,False,False,True,False,Night
A-573,2,2022-11-07 17:55:10,Houston,Harris,TX,29.803718956173768,-95.29897458512247,Cloudy,88.2,24.5,7.8,6.8,False,False,False,False,False,Day
A-574,4,2022-09-24 15:41:05,Dallas,Dallas,TX,32.79224902839967,-96.7340256037287,Overcast,67.2,56.8,10.0,0.0,False,False,False,False,True,Day
A-575,2,2022-01-01 15:19:20,Seattle,King,WA,47.69380522230927,-122.36298226794389,Clear,24.9,82.9,9.1,3.2,False,False,False,False,False,Day
A-576,3,2022-07-01 06:25:30,Atlanta,Fulton,GA,33.69942267070954,-84.35358922162499,Heavy Rain,84.0,51.4,10.0,6.7,True,False,False,False,True,Day
A-577,2,2022-12-01 15:09:22,Los Angeles,Los Angeles,CA,34.1252817844107,-118.39133148087552,Fair,69.7,89.2,5.0,2.2,False,False,False,False,True,Day
A-578,2,2022-07-31 22:48:29,Atlanta,Fulton,GA,33.70130625638839,-84.43820591602562,Light Rain,57.4,81.5,9.3,6.9,False,False,False,False,False,Night
A-579,2,2022-04-01 18:13:36,Charlotte,Mecklenburg,NC,35.207334829222035,-80.7896059347664,Clear,61.1,67.3,9.6,5.8,False,False,False,False,False,Day
A-580,2,2022-12-31 11:40:43,Miami,Miami-Dade,FL,25.78106115339591,-80.21731124579497,Clear,60.4,59.5,6.7,12.3,False,False,False,False,True,Day
A-581,2,2022-03-28 04:30:06,Houston,Harris,TX,29.819293504142102,-95.37981659383014,Fair,46.4,60.1,7.5,15.1,False,False,False,False,True,Night
A-582,2,2022-06-26 09:15:19,Chicago,Cook,IL,41.85841727607942,-87.67601602185054,Clear,78.2,69.8,10.0,6.8,True,False,False,False,False,Day
A-583,3,2022-01-08 17:46:49,Charlotte,Mecklenburg,NC,35.246725745904,-80.89733631186458,Snow,58.3,100.0,10.0,8.5,False,False,False,False,True,Day
A-584,2,2022-09-04 16:47:31,Miami,Miami-Dade,FL,25.74591881084967,-80.31660900109883,Clear,52.0,70.0,9.6,11.8,False,True,False,False,False,Day
A-585,2,2022-12-27 11:10:14,Dallas,Dallas,TX,32.66192174779241,-96.81515752369677,Clear,129.5,89.8,10.0,7.0,False,True,False,False,False,Day
A-586,1,2022-02-01 04:44:03,Miami,Miami-Dade,FL,25.759778209132666,-80.16851948279859,Clear,47.7,36.8,10.0,8.7,False,False,False,False,True,Night
A-587,2,2022-08-01 10:35:47,Los Angeles,Los Angeles,CA,33.99012353128156,-118.23135748486725,Clear,63.7,49.2,10.0,1.4,False,False,False,False,False,Day
A-588,2,2022-10-16 12:45:43,Los Angeles,Los Angeles,CA,34.11577445324421,-118.28530080373203,Fair,30.5,60.3,7.2,9.1,False,True,True,False,False,Day
A-589,2,2022-12-15 19:37:21,Los Angeles,Los Angeles,CA,34.1161203146962,-118.31514958687565,Fair,83.8,86.9,9.5,12.1,False,False,False,False,False,Night
A-590,2,2022-03-24 15:16:20,Los Angeles,Los Angeles,CA,34.01040011557792,-118.26239383330217,Fair,60.8,24.2,9.2,2.5,False,False,False,False,False,Day
A-591,2,2022-12-08 08:57:14,Los Angeles,Los Angeles,CA,34.002715238024116,-118.31014841782252,Clear,77.3,100.0,6.6,0.4,False,False,False,False,False,Day
A-592,3,2022-01-15 13:54:54,Dallas,Dallas,TX,32.745250979539755,-96.8353785323943,Clear,50.9,60.0,10.0,12.2,False,False,False,False,False,Day
A-593,3,2022-05-09 05:45:41,Los Angeles,Los Angeles,CA,34.078819736118014,-118.23724471297889,Clear,40.8,83.6,8.1,5.7,False,False,False,False,False,Night
A-594,2,2022-04-06 21:30:10,Miami,Miami-Dade,FL,25.788518060131768,-80.23537531795401,Cloudy,53.8,59.7,9.8,3.9,False,True,False,False,False,Night
A-595,2,2022-03-10 09:15:08,Atlanta,Fulton,GA,33.9194025352923,-84.32368425654509,Overcast,85.2,43.7,8.0,7.4,True,False,False,False,False,Day
A-596,2,2022-12-18 12:13:18,Charlotte,Mecklenburg,NC,35.21166602140497,-80.89539081592918,Overcast,73.7,94.3,10.0,4.8,False,False,False,False,False,Day
A-597,2,2022-03-01 09:08:35,Dallas,Dallas,TX,32.78126848321983,-96.82723903930159,Fog,40.8,56.1,8.5,2.9,False,False,False,False,False,Day
A-598,3,2022-12-07 15:53:25,Los Angeles,Los Angeles,CA,34.14878665023349,-118.2012134502189,Light Rain,28.7,45.5,8.5,0.9,False,False,False,False,False,Day
A-599,2,2022-05-09 15:23:07,Los Angeles,Los Angeles,CA,34.06651705938567,-118.2091787792179,Fair,60.2,67.7,9.0,14.2,False,False,False,False,False,Day
A-600,2,2022-04-05 16:46:47,Los Angeles,Los Angeles,CA,33.99779621636428,-118.21786899766029,Fair,81.4,71.9,9.2,13.7,False,False,False,False,False,Day
A-601,2,2022-06-05 08:57:21,Los Angeles,Los Angeles,CA,34.069298298996166,-118.27560240846717,Rain,53.6,66.7,7.9,6.0,False,False,False,False,False,Day
A-602,4,2022-04-14 08:43:47,Miami,Miami-Dade,FL,25.796940765644592,-80.16259358392703,Cloudy,81.1,68.3,7.5,17.5,False,False,False,False,False,Day
A-603,3,2022-12-13 06:36:07,Los Angeles,Los Angeles,CA,34.0351152393904,-118.2040967725037,Clear,66.9,67.6,7.9,12.3,False,False,False,False,False,Day
A-604,3,2022-07-31 15:05:46,Los Angeles,Los Angeles,CA,34.091963982865785,-118.2216154458807,Fair,91.3,84.7,8.7,6.8,False,False,False,False,False,Day
A-605,2,2022-04-27 04:10:04,Los Angeles,Los Angeles,CA,34.08751450280501,-118.24531815549543,Thunderstorm,54.8,61.1,9.5,16.1,False,False,False,False,False,Night
A-606,2,2022-01-29 14:23:46,Houston,Harris,TX,29.73747774655893,-95.34094530460312,Light Rain,64.1,47.0,8.2,0.0,False,False,False,False,False,Day
A-607,2,2022-07-23 17:19:27,Miami,Miami-Dade,FL,25.83928514964989,-80.1955887447046,Clear,55.2,74.4,6.7,6.2,False,False,False,False,False,Day
A-608,2,2022-03-25 18:04:29,Houston,Harris,TX,29.72122103473192,-95.34960359153985,Heavy Rain,79.8,10.7,6.6,14.0,True,False,False,False,False,Day
A-609,2,2022-11-17 11:21:17,Charlotte,Mecklenburg,NC,35.248965588916235,-80.83936930134843,Snow,73.9,72.0,7.2,5.6,False,False,False,False,True,Day
A-610,2,2022-01-18 11:04:30,Orlando,Orange,FL,28.50819430418857,-81.45473443754264,Clear,39.5,90.2,9.7,11.7,False,False,False,False,False,Day
A-611,2,2022-06-07 05:26:55,Los Angeles,Los Angeles,CA,33.96755461437776,-118.2728862829167,Light Rain,75.4,75.2,10.0,3.1,False,True,False,False,False,Night
A-612,3,2022-08-16 15:27:15,Austin,Travis,TX,30.28511859890404,-97.63907696142807,Light Rain,42.7,28.2,6.8,4.4,False,False,False,False,False,Day
A-613,2,2022-05-05 17:11:19,Dallas,Dallas,TX,32.87316639931611,-96.89387023378474,Clear,51.3,88.8,9.9,8.6,False,False,False,False,True,Day
A-614,2,2022-02-26 07:33:54,Los Angeles,Los Angeles,CA,34.0495079463469,-118.16608816530429,Cloudy,76.2,49.0,9.7,9.6,False,True,False,False,False,Day
A-615,2,2022-01-30 10:22:44,Seattle,King,WA,47.53152874700597,-122.30082353781498,Clear,46.2,64.0,10.0,7.8,False,False,False,False,True,Day
A-616,2,2022-09-18 17:16:47,Atlanta,Fulton,GA,33.76010290292634,-84.38628883401549,Cloudy,59.4,85.8,10.0,5.3,False,False,False,False,False,Day
A-617,1,2022-08-09 18:39:30,Los Angeles,Los Angeles,CA,34.011265856241934,-118.32772063558158,Rain,76.4,47.6,10.0,3.3,False,False,False,False,True,Day
A-618,2,2022-08-13 07:16:49,Miami,Miami-Dade,FL,25.814389607866843,-80.191857477717,Fair,71.2,62.8,10.0,16.5,False,False,False,False,False,Day
A-619,2,2022-08-18 13:25:22,Austin,Travis,TX,30.255768279176856,-97.78041615704852,Fair,70.4,33.9,10.0,8.4,False,False,False,False,False,Day
A-620,2,2022-10-28 07:57:44,Orlando,Orange,FL,28.44967188289733,-81.3197510739166,Rain,76.9,56.3,7.5,11.4,False,False,False,False,False,Day
A-621,2,2022-01-17 06:37:28,Los Angeles,Los Angeles,CA,34.07762619924646,-118.27703494935717,Fog,84.6,36.7,6.7,11.0,False,False,True,False,True,Day
A-622,2,2022-04-22 18:31:09,Miami,Miami-Dade,FL,25.772143882122517,-80.2055913848952,Clear,46.4,69.7,5.9,5.1,False,True,False,False,False,Day
A-623,2,2022-12-15 17:00:38,Houston,Harris,TX,29.74540608361917,-95.35749098830809,Rain,70.0,31.0,9.3,7.2,False,False,False,False,False,Day
A-624,2,2022-08-24 16:58:44,Charlotte,Mecklenburg,NC,35.17515986768411,-80.87532641553179,Clear,79.5,58.2,7.5,3.9,False,False,False,False,False,Day
A-625,2,2022-10-13 04:50:46,Dallas,Dallas,TX,32.86615686983806,-96.74907048406529,Clear,76.5,48.7,10.0,10.1,False,True,False,False,False,Night
A-626,3,2022-06-19 17:10:21,Houston,Harris,TX,29.73780457340464,-95.3845945060797,Overcast,62.6,45.7,6.8,6.4,False,False,False,False,True,Day
A-627,2,2022-03-09 11:34:05,Houston,Harris,TX,29.80525490856982,-95.46384194004902,Overcast,61.7,82.0,9.5,13.5,False,False,False,False,False,Day
A-628,2,2022-10-29 08:04:08,Orlando,Orange,FL,28.51513690534005,-81.37166166679044,Cloudy,77.4,38.5,7.5,0.6,True,True,False,False,False,Day
A-629,4,2022-11-18 13:18:27,Los Angeles,Los Angeles,CA,34.08624121045864,-118.20333129280918,Clear,68.2,49.1,6.2,9.0,False,True,False,False,False,Day
A-630,3,2022-07-31 05:12:37,Miami,Miami-Dade,FL,25.76437260828803,-80.11989845565398,Clear,81.4,63.8,7.4,17.2,False,False,False,False,False,Night
A-631,4,2022-05-25 16:26:45,Orlando,Orange,FL,28.539700739597844,-81.35156655164886,Rain,66.6,72.8,7.7,4.1,False,False,False,True,True,Day
A-632,2,2022-03-12 14:48:10,Atlanta,Fulton,GA,33.707676314102976,-84.33034325606604,Clear,59.4,23.9,9.0,7.6,False,False,False,False,False,Day
A-633,2,2022-06-30 07:16:55,Charlotte,Mecklenburg,NC,35.25350722041135,-80.818564730992,Clear,38.5,56.4,7.8,5.6,True,False,False,False,False,Day
A-634,2,2022-09-20 07:20:00,Charlotte,Mecklenburg,NC,35.297356179403764,-80.89107083894437,Light Rain,61.5,75.1,7.1,10.6,False,False,True,False,False,Day
A-635,2,2022-05-04 07:58:56,Los Angeles,Los Angeles,CA,34.000481030891855,-118.28276171477276,Cloudy,46.5,93.3,7.4,0.0,False,False,False,False,False,Day
A-636,4,2022-10-08 04:29:50,Houston,Harris,TX,29.71878582866782,-95.48473821492142,Fair,37.6,60.6,1.5,2.2,False,True,False,False,False,Night
A-637,2,2022-04-17 14:48:18,Charlotte,Mecklenburg,NC,35.37432898120267,-80.85394273457956,Clear,52.0,32.0,8.2,3.0,False,False,False,False,False,Day
A-638,3,2022-07-11 17:58:54,Miami,Miami-Dade,FL,25.711619907965662,-80.15915900544098,Light Rain,75.5,59.7,9.1,10.5,False,False,False,False,True,Day
A-639,2,2022-05-01 01:35:54,Miami,Miami-Dade,FL,25.73397114910911,-80.27069086395198,Snow,61.4,50.4,8.2,6.3,False,False,False,False,True,Night
A-640,2,2022-08-08 04:12:13,Houston,Harris,TX,29.829585019361474,-95.3051013062747,Clear,67.7,66.8,9.4,4.5,False,False,False,False,False,Night
A-641,3,2022-05-31 14:38:46,Los Angeles,Los Angeles,CA,34.12289129955569,-118.24883962498687,Fair,75.1,96.8,10.0,8.6,True,False,False,False,False,Day
A-642,3,2022-05-09 17:57:15,Miami,Miami-Dade,FL,25.640295846146948,-80.23661902255012,Clear,64.5,36.6,10.0,7.9,True,False,False,False,True,Day
A-643,4,2022-10-02 08:47:54,Miami,Miami-Dade,FL,25.799971295697535,-80.2709467355603,Light Rain,54.7,81.9,10.0,6.2,False,False,False,False,False,Day
A-644,3,2022-06-30 09:26:44,Miami,Miami-Dade,FL,25.751949761754958,-80.10874730119828,Clear,58.3,78.1,7.8,5.0,False,False,False,False,False,Day
A-645,2,2022-02-01 14:54:34,Los Angeles,Los Angeles,CA,34.044732253948474,-118.1845951480725,Cloudy,76.6,73.1,7.1,3.4,True,False,False,False,False,Day
A-646,2,2022-06-17 08:49:45,Atlanta,Fulton,GA,33.80725617917038,-84.40817038810349,Fair,64.6,65.2,7.9,12.7,False,False,False,False,False,Day
A-647,3,2022-09-26 02:19:31,Dallas,Dallas,TX,32.759291203611376,-96.7505495485701,Fair,26.8,100.0,10.0,13.0,False,False,False,False,False,Night
A-648,2,2022-02-24 16:39:31,Orlando,Orange,FL,28.51270248179335,-81.38967783988464,Light Rain,59.7,85.8,9.6,1.8,True,False,False,False,False,Day
A-649,2,2022-03-08 15:38:19,Austin,Travis,TX,30.251123362102785,-97.7733216280579,Fair,73.0,48.3,7.5,5.4,False,False,False,False,False,Day
A-650,2,2022-06-22 14:14:51,Charlotte,Mecklenburg,NC,35.20964486718802,-80.87576226118485,Light Rain,67.7,61.0,10.0,8.8,False,False,False,False,False,Day
A-651,2,2022-10-19 16:50:21,Los Angeles,Los Angeles,CA,34.06956785066284,-118.25530709266141,Fair,49.7,38.3,6.8,3.4,False,False,False,False,False,Day
A-652,2,2022-04-19 15:20:01,Charlotte,Mecklenburg,NC,35.2932664963172,-80.86302776108258,Clear,53.8,87.8,8.0,10.0,False,False,False,False,False,Day
A-653,3,2022-11-05 07:52:42,Dallas,Dallas,TX,32.79807759005546,-96.7939266831039,Fair,35.8,60.9,9.4,7.9,False,False,False,False,False,Day
A-654,2,2022-03-16 09:40:08,Orlando,Orange,FL,28.537656780901667,-81.29878269471357,Fair,73.2,21.5,10.0,10.3,False,False,False,False,False,Day
A-655,2,2022-05-03 06:06:40,Houston,Harris,TX,29.787719438215465,-95.25588315500212,Fair,74.3,10.9,10.0,16.3,False,False,False,False,False,Day
A-656,3,2022-11-17 06:03:13,Los Angeles,Los Angeles,CA,34.091209806559974,-118.30382815680139,Overcast,63.0,48.8,9.6,0.3,False,False,False,False,False,Day
A-657,2,2022-06-21 15:35:01,Miami,Miami-Dade,FL,25.790600517757763,-80.16882693500898,Fair,59.7,43.2,6.5,12.9,False,False,False,False,False,Day
A-658,3,2022-08-10 17:13:19,Houston,Harris,TX,29.727034753106157,-95.35931849580409,Light Rain,48.8,51.1,10.0,4.9,True,False,False,False,False,Day
A-659,2,2022-03-26 20:48:07,Dallas,Dallas,TX,32.7979302254223,-96.77047662547737,Fair,70.0,55.9,6.9,9.8,True,False,False,True,False,Night
A-660,4,2022-02-11 15:45:20,Dallas,Dallas,TX,32.670722408218026,-96.81950902113658,Clear,40.4,85.9,8.0,9.2,True,False,False,False,False,Day
A-661,2,2022-02-06 07:15:39,Houston,Harris,TX,29.837096072224536,-95.34259461732415,Clear,76.7,88.5,7.0,12.7,False,False,False,False,False,Day
A-662,1,2022-02-17 06:26:39,Chicago,Cook,IL,41.954654061330864,-87.69878411295632,Light Rain,73.7,100.0,8.8,7.4,False,False,False,False,True,Day
A-663,3,2022-08-03 17:48:51,Dallas,Dallas,TX,32.82117005149222,-96.62788785618824,Clear,82.5,94.2,7.0,3.9,False,False,False,False,False,Day
A-664,3,2022-03-22 14:52:26,Miami,Miami-Dade,FL,25.82399672291552,-80.17726954152693,Clear,65.8,72.6,9.9,8.2,False,True,False,False,False,Day
A-665,2,2022-08-05 14:39:01,Los Angeles,Los Angeles,CA,34.048491899355696,-118.2071985234397,Clear,57.2,32.0,9.8,13.9,False,False,False,False,False,Day
A-666,4,2022-09-24 16:30:36,Los Angeles,Los Angeles,CA,34.01467567124817,-118.29961280723248,Fair,71.5,76.0,10.0,8.6,False,False,False,False,True,Day
A-667,2,2022-08-17 16:40:33,Miami,Miami-Dade,FL,25.699004862043797,-80.22655740850135,Fair,76.7,28.4,9.6,4.9,False,False,False,False,True,Day
A-668,4,2022-08-12 17:54:58,Los Angeles,Los Angeles,CA,34.10260687997048,-118.31712911082445,Clear,47.6,66.6,9.4,6.6,False,False,False,False,False,Day
A-669,2,2022-04-28 04:16:13,Los Angeles,Los Angeles,CA,34.01466925379959,-118.17088573555435,Fair,64.0,30.2,7.0,8.2,False,False,False,False,False,Night
A-670,2,2022-12-20 16:37:34,Miami,Miami-Dade,FL,25.743011892501613,-80.24728490009245,Fair,69.0,98.8,7.6,7.7,False,False,True,False,False,Day
A-671,2,2022-05-03 17:47:28,Los Angeles,Los Angeles,CA,34.06340690507695,-118.25314222275017,Overcast,72.2,67.7,8.8,7.1,False,False,True,False,False,Day
A-672,2,2022-12-21 08:32:16,Atlanta,Fulton,GA,33.74712650552925,-84.39522204180392,Overcast,59.7,55.9,9.0,11.1,False,False,False,False,True,Day
A-673,2,2022-11-10 15:58:26,Los Angeles,Los Angeles,CA,34.06543863914952,-118.22003986109637,Cloudy,74.5,51.0,8.3,15.3,True,False,False,False,True,Day
A-674,2,2022-06-10 08:57:09,Charlotte,Mecklenburg,NC,35.136694133979,-80.90772101721812,Fair,50.6,59.3,10.0,11.0,False,False,False,False,False,Day
A-675,1,2022-12-22 20:21:15,Houston,Harris,TX,29.748725182438662,-95.32681935303101,Clear,95.3,45.5,10.0,9.7,False,False,False,False,True,Night
A-676,2,2022-03-27 03:10:19,Chicago,Cook,IL,41.91930816584248,-87.56755094435928,Light Rain,55.6,53.4,9.8,11.3,False,False,False,False,False,Night
A-677,2,2022-03-13 14:00:26,Los Angeles,Los Angeles,CA,34.03060913451682,-118.27670247452527,Clear,71.1,19.9,7.7,9.8,False,True,False,False,True,Day
A-678,3,2022-05-17 07:11:29,Houston,Harris,TX,29.7172918292048,-95.37162957125669,Fair,56.7,41.6,10.0,7.8,False,False,False,False,True,Day
A-679,2,2022-02-25 16:53:36,Chicago,Cook,IL,41.92583973999076,-87.598472736566,Rain,66.5,36.8,7.8,4.9,False,False,False,False,True,Day
A-680,3,2022-09-03 07:14:50,Seattle,King,WA,47.5849874142694,-122.31932135974813,Fog,48.8,70.4,9.7,4.9,True,False,False,False,False,Day
A-681,4,2022-06-20 07:59:22,Austin,Travis,TX,30.276424444180098,-97.7930859741105,Light Rain,81.1,60.7,9.9,7.2,True,False,False,False,True,Day
A-682,2,2022-02-08 12:38:46,Miami,Miami-Dade,FL,25.751177805778013,-80.15673680374807,Thunderstorm,52.7,77.3,9.5,8.4,True,False,True,False,True,Day
A-683,4,2022-05-07 18:57:54,Los Angeles,Los Angeles,CA,34.05217831857907,-118.16806528709536,Light Rain,66.2,51.6,7.8,11.8,False,False,False,True,False,Day
A-684,2,2022-01-10 07:17:03,Dallas,Dallas,TX,32.85318051470823,-96.72152241628473,Cloudy,64.0,62.3,9.1,6.8,False,False,False,False,False,Day
A-685,2,2022-11-05 06:21:02,Atlanta,Fulton,GA,33.777596788480054,-84.35923625333189,Clear,54.5,19.3,8.0,5.8,False,False,False,False,False,Day
A-686,2,2022-03-10 16:46:37,Charlotte,Mecklenburg,NC,35.16601074942677,-80.80480135459229,Heavy Rain,26.8,78.2,8.0,8.3,False,False,False,False,False,Day
A-687,2,2022-08-21 12:47:00,Dallas,Dallas,TX,32.75809588961315,-96.81645940405579,Light Rain,80.9,85.3,5.7,8.9,True,False,False,False,False,Day
A-688,3,2022-10-31 18:48:25,Miami,Miami-Dade,FL,25.741069357873158,-80.2376618957916,Clear,67.2,73.0,8.8,4.9,False,True,False,True,False,Day
A-689,2,2022-08-29 06:49:15,Austin,Travis,TX,30.27801857430896,-97.74653537833522,Fair,38.9,42.4,10.0,4.3,False,False,False,False,False,Day
A-690,2,2022-07-24 15:09:41,Los Angeles,Los Angeles,CA,34.097639166489,-118.13047819260271,Clear,36.3,71.1,4.0,9.8,False,False,False,False,False,Day
A-691,3,2022-04-26 07:11:19,Miami,Miami-Dade,FL,25.763291877954277,-80.21834984247793,Heavy Rain,60.2,63.5,4.6,6.7,False,True,False,False,False,Day
A-692,2,2022-09-16 06:13:45,Houston,Harris,TX,29.760523089273153,-95.34807934247829,Fair,63.8,20.8,9.1,11.9,False,False,False,False,False,Day
A-693,2,2022-06-24 15:43:01,Charlotte,Mecklenburg,NC,35.11552228898053,-80.82421187098996,Clear,61.8,84.8,10.0,8.3,False,False,True,False,False,Day
A-694,2,2022-06-10 14:58:16,Miami,Miami-Dade,FL,25.82790224070811,-80.21051599596271,Clear,86.7,38.7,6.3,6.9,False,False,False,False,False,Day
A-695,3,2022-07-23 16:18:57,Los Angeles,Los Angeles,CA,34.04380664690095,-118.16951871281674,Snow,40.0,71.5,9.4,2.5,False,False,False,False,False,Day
A-696,3,2022-04-19 08:00:23,Dallas,Dallas,TX,32.789632058460114,-96.71755947930963,Cloudy,68.2,60.6,8.7,7.2,True,False,False,False,False,Day
A-697,2,2022-03-04 11:35:30,Miami,Miami-Dade,FL,25.774513981364574,-80.05844713845848,Fair,74.7,87.0,7.8,3.3,False,False,False,False,False,Day
A-698,2,2022-05-20 10:01:18,Dallas,Dallas,TX,32.73823857007639,-96.83692028287105,Fair,74.4,42.7,9.8,2.1,False,False,False,False,False,Day
A-699,2,2022-03-18 22:11:09,Los Angeles,Los Angeles,CA,34.040004612877055,-118.2233451385201,Clear,78.4,49.9,7.0,13.2,True,False,False,False,False,Night
A-700,2,2022-01-04 08:44:21,Charlotte,Mecklenburg,NC,35.18824534232654,-80.83867205689617,Clear,66.8,73.8,10.0,5.3,False,False,True,False,False,Day
A-701,3,2022-02-13 08:51:22,Charlotte,Mecklenburg,NC,35.29626648742742,-80.87742067948223,Fair,68.7,48.1,5.2,10.8,False,False,False,False,True,Day
A-702,2,2022-12-24 09:25:02,Los Angeles,Los Angeles,CA,33.941007346881435,-118.27700936421353,Fair,60.1,88.5,8.8,2.8,True,False,False,False,False,Day
A-703,2,2022-07-06 14:44:39,Miami,Miami-Dade,FL,25.714033827163174,-80.18345872142679,Fair,42.4,44.9,9.2,4.4,False,False,False,False,False,Day
A-704,4,2022-12-20 07:55:07,Los Angeles,Los Angeles,CA,34.03609650875732,-118.2670463462992,Fair,69.9,71.8,8.7,4.0,False,False,False,False,False,Day
A-705,3,2022-12-15 18:05:26,Los Angeles,Los Angeles,CA,34.12707478579567,-118.29268279013596,Clear,59.0,59.9,8.0,9.9,False,True,False,False,False,Day
A-706,2,2022-09-12 08:14:36,Chicago,Cook,IL,41.91349081603191,-87.62362082021954,Heavy Rain,53.8,46.9,10.0,9.0,True,False,False,False,False,Day
A-707,2,2022-08-31 18:04:38,Miami,Miami-Dade,FL,25.679797985652858,-80.24711375633026,Clear,70.6,86.3,8.2,1.9,False,False,False,False,False,Day
A-708,2,2022-12-18 06:08:06,Austin,Travis,TX,30.26142452844374,-97.76641777891429,Clear,71.9,38.9,6.0,1.5,False,False,False,False,False,Day
A-709,2,2022-02-25 15:19:09,Miami,Miami-Dade,FL,25.79776655041309,-80.17371194461191,Clear,54.4,70.6,7.6,9.1,True,False,False,False,False,Day
A-710,2,2022-10-02 18:25:03,Orlando,Orange,FL,28.64964515696239,-81.38595472997916,Clear,68.8,10.1,9.2,12.4,False,False,False,False,True,Day
A-711,2,2022-05-31 07:13:40,Austin,Travis,TX,30.25021260689096,-97.75597102888446,Clear,63.8,66.5,7.9,12.2,False,False,False,False,True,Day
A-712,3,2022-01-17 20:44:23,Dallas,Dallas,TX,32.717478096609845,-96.70655717341386,Fair,67.8,84.4,8.4,4.1,False,False,True,False,False,Night
A-713,4,2022-09-09 11:06:08,Charlotte,Mecklenburg,NC,35.24321841345147,-80.77296885233363,Cloudy,83.8,57.0,10.0,5.5,False,False,False,False,True,Day
A-714,2,2022-01-16 19:34:57,Houston,Harris,TX,29.75823571975602,-95.36567714850511,Clear,71.6,64.2,7.8,9.1,False,False,False,False,False,Night
A-715,2,2022-06-10 15:20:02,Miami,Miami-Dade,FL,25.784865433559432,-80.24251585904896,Fair,70.5,94.1,8.8,9.4,False,False,False,False,False,Day
A-716,3,2022-01-04 08:09:32,Atlanta,Fulton,GA,33.78352374674187,-84.34746203201222,Rain,51.7,81.1,8.6,8.0,False,False,False,False,True,Day
A-717,4,2022-12-21 07:05:01,Seattle,King,WA,47.62219658460689,-122.20579102754276,Clear,53.8,15.5,10.0,5.5,False,False,False,False,True,Day
A-718,3,2022-07-18 08:32:03,Chicago,Cook,IL,41.90450983618337,-87.56155038158249,Overcast,72.2,49.1,9.1,8.9,False,False,False,False,True,Day
A-719,2,2022-11-06 05:03:28,Los Angeles,Los Angeles,CA,34.13398424931808,-118.3087060443645,Clear,41.2,54.3,10.0,7.7,False,False,False,False,True,Night
A-720,2,2022-05-18 06:59:59,Orlando,Orange,FL,28.52374707848563,-81.38908204944693,Clear,59.7,66.2,7.6,7.8,False,False,False,False,False,Day
A-721,3,2022-11-08 06:22:44,Atlanta,Fulton,GA,33.68777845488956,-84.42464916716297,Fair,53.6,58.7,10.0,10.6,False,False,False,False,False,Day
A-722,2,2022-10-24 10:48:24,Los Angeles,Los Angeles,CA,34.06789878752421,-118.29000360138453,Clear,62.9,49.5,10.0,11.4,False,False,False,False,False,Day
A-723,2,2022-11-30 17:53:14,Los Angeles,Los Angeles,CA,33.98813334849071,-118.18694778111126,Rain,61.8,48.2,10.0,8.4,False,False,False,True,True,Day
A-724,2,2022-01-14 06:33:47,Orlando,Orange,FL,28.48222041236326,-81.32350170891846,Clear,67.0,31.2,9.4,8.2,False,False,False,False,False,Day
A-725,3,2022-05-25 06:53:36,Dallas,Dallas,TX,32.735594990557594,-96.7082279045161,Fair,72.0,39.8,7.8,6.4,False,False,False,False,False,Day
A-726,2,2022-08-03 15:38:02,Seattle,King,WA,47.54366296495625,-122.29818254849343,Cloudy,79.5,76.8,8.5,7.5,False,False,False,False,False,Day
A-727,3,2022-04-05 07:23:23,Los Angeles,Los Angeles,CA,34.11062825210044,-118.24593896117774,Clear,80.6,39.0,9.4,10.0,False,False,False,False,True,Day
A-728,2,2022-11-10 06:06:24,Austin,Travis,TX,30.269645554900872,-97.73370541001294,Cloudy,61.4,44.0,9.4,9.0,False,False,False,False,False,Day
A-729,3,2022-10-15 07:02:14,Miami,Miami-Dade,FL,25.7970394418597,-80.23707907482233,Fair,56.1,30.8,8.2,4.8,False,False,False,False,False,Day
A-730,2,2022-04-14 18:28:09,Los Angeles,Los Angeles,CA,34.07771321924626,-118.1751950256656,Cloudy,53.2,67.7,9.0,4.6,True,False,False,False,True,Day
A-731,2,2022-05-12 17:38:08,Los Angeles,Los Angeles,CA,34.041702473410886,-118.2807602517319,Overcast,60.2,79.2,9.5,4.5,False,False,False,False,False,Day
A-732,3,2022-06-03 09:51:39,Austin,Travis,TX,30.31522519275384,-97.7635304106942,Clear,50.2,83.3,7.4,11.6,False,False,False,False,False,Day
A-733,3,2022-06-02 15:19:27,Dallas,Dallas,TX,32.75257159956445,-96.81218467980531,Fair,72.0,52.2,8.3,0.4,False,False,False,False,False,Day
A-734,4,2022-12-19 13:43:33,Charlotte,Mecklenburg,NC,35.21870186293368,-80.9966494473114,Clear,80.4,58.7,10.0,1.6,False,False,False,False,True,Day
A-735,2,2022-09-17 15:30:32,Houston,Harris,TX,29.72500794071224,-95.326421892416,Clear,42.1,60.6,10.0,4.5,True,False,False,False,True,Day
A-736,2,2022-07-27 15:38:27,Seattle,King,WA,47.67621529036872,-122.37948682891839,Clear,65.1,51.6,7.4,10.0,False,False,False,False,True,Day
A-737,2,2022-06-07 15:24:31,Houston,Harris,TX,29.755043239586012,-95.33532549016293,Fog,88.3,66.6,10.0,5.9,False,True,False,False,False,Day
A-738,2,2022-01-28 08:27:57,Austin,Travis,TX,30.29710138701653,-97.76552800108706,Fair,42.8,82.6,7.4,3.7,True,False,False,False,False,Day
A-739,3,2022-01-01 04:52:22,Houston,Harris,TX,29.73132691785172,-95.3926709392258,Clear,87.2,79.9,9.8,8.4,False,False,False,False,True,Night
A-740,1,2022-09-27 11:54:09,Houston,Harris,TX,29.802750978857272,-95.42532856075869,Clear,52.1,56.6,10.0,8.6,False,False,True,False,True,Day
A-741,2,2022-04-23 18:47:10,Houston,Harris,TX,29.799040154504915,-95.30037806594224,Clear,55.9,49.3,7.4,10.1,False,False,False,False,False,Day
A-742,2,2022-06-20 14:51:02,Miami,Miami-Dade,FL,25.680426015818583,-80.11123821210373,Clear,74.3,37.0,6.7,12.5,False,True,False,False,False,Day
A-743,2,2022-05-16 17:14:59,Orlando,Orange,FL,28.53850625468581,-81.32920556436738,Fair,72.6,25.3,10.0,11.9,True,False,False,False,True,Day
A-744,3,2022-06-07 23:41:51,Charlotte,Mecklenburg,NC,35.232945026664815,-80.82984442495994,Clear,63.4,70.9,8.9,9.2,False,False,False,False,False,Night
A-745,2,2022-10-20 07:16:06,Miami,Miami-Dade,FL,25.74671393026945,-80.18501407976535,Clear,53.5,60.0,8.3,6.7,False,False,False,False,True,Day
A-746,2,2022-12-14 15:37:12,Atlanta,Fulton,GA,33.818235516714026,-84.33367036453136,Cloudy,46.3,60.2,6.3,8.7,False,False,False,False,False,Day
A-747,3,2022-10-05 15:16:14,Houston,Harris,TX,29.699537643878713,-95.37608453101313,Rain,63.9,100.0,10.0,5.4,False,False,False,False,False,Day
A-748,2,2022-06-29 21:14:45,Charlotte,Mecklenburg,NC,35.204685865679394,-80.77721725745866,Fair,61.8,91.7,9.5,10.6,False,False,False,False,True,Night
A-749,2,2022-12-13 22:10:55,Atlanta,Fulton,GA,33.70653310759674,-84.43613148139868,Light Rain,53.1,60.9,10.0,5.0,False,False,False,False,False,Night
A-750,1,2022-02-27 15:03:34,Dallas,Dallas,TX,32.828196073850606,-96.74792088337013,Clear,61.2,64.2,10.0,4.0,False,False,False,False,False,Day
A-751,2,2022-11-05 07:51:26,Los Angeles,Los Angeles,CA,34.00076930396173,-118.17944535881263,Overcast,68.8,37.8,5.5,10.8,False,False,False,False,False,Day
A-752,2,2022-06-15 17:29:44,Atlanta,Fulton,GA,33.657370886715114,-84.44290565611054,Clear,81.0,72.9,9.4,1.2,False,False,False,True,False,Day
A-753,2,2022-05-23 06:28:57,Dallas,Dallas,TX,32.798269255920026,-96.83895145179531,Light Rain,67.9,64.6,6.0,4.6,False,True,False,False,False,Day
A-754,2,2022-06-12 16:28:22,Miami,Miami-Dade,FL,25.754741410199046,-80.19402355398952,Light Rain,62.4,42.3,10.0,9.4,False,False,False,False,False,Day
A-755,2,2022-05-16 18:20:47,Los Angeles,Los Angeles,CA,34.10421748103366,-118.22254388163242,Overcast,52.6,65.0,10.0,6.7,False,False,False,False,False,Day
A-756,2,2022-01-29 09:09:40,Austin,Travis,TX,30.30781716978602,-97.77397974904765,Overcast,53.8,80.8,8.8,6.5,False,False,False,False,False,Day
A-757,2,2022-04-10 15:29:50,Dallas,Dallas,TX,32.77457584205656,-96.7923901541706,Fair,68.2,100.0,8.9,2.8,False,False,False,False,False,Day
A-758,4,2022-12-15 11:17:13,Charlotte,Mecklenburg,NC,35.154941086543325,-80.9464107315505,Clear,69.1,29.7,10.0,3.1,False,True,False,False,True,Day
A-759,2,2022-12-19 11:20:00,Atlanta,Fulton,GA,33.68909488406028,-84.34975038271983,Cloudy,61.7,37.1,10.0,6.3,False,False,False,False,False,Day
A-760,3,2022-07-11 08:42:51,Austin,Travis,TX,30.178540454391012,-97.70249824665527,Fair,78.6,58.0,8.6,1.0,True,False,False,False,False,Day
A-761,2,2022-05-10 16:46:53,Los Angeles,Los Angeles,CA,34.04528692530247,-118.16765001754304,Clear,65.9,64.6,10.0,7.0,False,False,False,False,False,Day
A-762,2,2022-04-26 19:31:57,Miami,Miami-Dade,FL,25.72876486470978,-80.1631113113786,Fair,57.7,93.6,8.5,11.5,False,False,False,False,False,Night
A-763,2,2022-07-18 19:57:40,Miami,Miami-Dade,FL,25.75266402921971,-80.210303432612,Cloudy,55.2,84.6,9.6,11.2,False,False,False,False,True,Night
A-764,4,2022-03-13 07:01:01,Orlando,Orange,FL,28.546978208775283,-81.42991639443211,Clear,54.2,18.5,6.5,9.1,True,False,False,False,False,Day
A-765,2,2022-06-09 17:50:28,Los Angeles,Los Angeles,CA,34.14711503551811,-118.28435694908718,Cloudy,72.2,51.5,10.0,7.8,False,True,False,False,False,Day
A-766,2,2022-05-01 16:38:06,Charlotte,Mecklenburg,NC,35.25614336797109,-80.8475410324713,Cloudy,55.7,29.6,7.3,6.7,False,False,False,False,False,Day
A-767,4,2022-01-12 07:54:36,Austin,Travis,TX,30.27076685575142,-97.78544187393989,Clear,66.6,33.9,9.6,7.2,False,False,False,False,False,Day
A-768,3,2022-04-01 05:57:35,Seattle,King,WA,47.52796016095627,-122.37052108768717,Fair,52.3,71.7,6.7,3.6,False,True,True,False,False,Night
A-769,2,2022-03-04 08:44:15,Miami,Miami-Dade,FL,25.763010577315082,-80.19368867847173,Fog,62.5,62.8,8.1,4.7,True,True,False,False,False,Day
A-770,4,2022-04-16 18:30:33,Austin,Travis,TX,30.311292074589733,-97.82368023222377,Light Rain,64.2,93.2,8.0,1.0,False,True,False,False,False,Day
A-771,3,2022-07-20 15:17:57,Los Angeles,Los Angeles,CA,34.07174196540947,-118.29323816864745,Fair,100.5,31.8,10.0,10.4,False,False,False,False,False,Day
A-772,2,2022-01-19 16:39:42,Seattle,King,WA,47.55380694971753,-122.3211782752471,Clear,45.4,59.5,10.0,6.6,False,False,False,False,False,Day
A-773,2,2022-06-06 08:55:14,Los Angeles,Los Angeles,CA,34.03337752268796,-118.23037500663611,Clear,77.1,49.2,7.5,14.2,False,False,False,False,True,Day
A-774,2,2022-06-12 16:16:43,Houston,Harris,TX,29.764068646566734,-95.32655584839016,Clear,53.5,91.5,7.2,4.9,False,False,False,False,False,Day
A-775,2,2022-11-17 02:05:07,Austin,Travis,TX,30.24679435771555,-97.73535257195866,Clear,85.2,42.0,10.0,7.0,False,False,False,False,False,Night
A-776,3,2022-02-14 09:31:50,Los Angeles,Los Angeles,CA,34.02134470345644,-118.24215375896634,Heavy Rain,54.5,64.3,7.6,9.5,False,True,True,False,False,Day
A-777,2,2022-03-16 15:43:49,Miami,Miami-Dade,FL,25.65433991034718,-80.15994844696982,Heavy Rain,80.5,32.2,10.0,8.5,False,False,False,False,False,Day
A-778,1,2022-12-09 06:23:54,Orlando,Orange,FL,28.499890938433186,-81.36968491050658,Overcast,68.3,89.0,6.9,6.7,False,False,False,False,False,Day
A-779,3,2022-10-17 17:06:09,Orlando,Orange,FL,28.550857117665835,-81.4278052853025,Fair,45.0,96.7,10.0,13.4,True,False,False,False,False,Day
A-780,2,2022-10-27 07:00:51,Dallas,Dallas,TX,32.82045579782722,-96.83697775989944,Clear,68.0,46.1,5.9,3.7,True,False,False,False,True,Day
A-781,4,2022-08-16 15:03:05,Orlando,Orange,FL,28.54210795051231,-81.29537117165242,Fair,72.7,43.7,7.0,9.3,False,False,False,False,False,Day
A-782,4,2022-05-13 10:55:54,Charlotte,Mecklenburg,NC,35.2800724419713,-80.6822508206605,Cloudy,73.8,65.3,7.0,5.4,False,False,False,False,True,Day
A-783,4,2022-09-24 14:13:47,Miami,Miami-Dade,FL,25.75777153262556,-80.15499497220796,Fair,61.4,43.6,7.8,6.5,False,False,False,False,False,Day
A-784,3,2022-01-24 06:08:14,Miami,Miami-Dade,FL,25.717813633233856,-80.24222069450289,Cloudy,103.9,82.9,10.0,7.9,False,False,False,False,False,Day
A-785,2,2022-06-22 01:49:52,Los Angeles,Los Angeles,CA,34.028499537104835,-118.14875173326543,Cloudy,94.2,69.1,8.9,6.5,False,False,False,False,True,Night
A-786,2,2022-10-19 18:07:31,Atlanta,Fulton,GA,33.77395068460566,-84.40951176676697,Overcast,70.1,85.3,10.0,6.4,False,False,False,False,False,Day
A-787,2,2022-04-22 08:20:56,Dallas,Dallas,TX,32.76329594455572,-96.77575461837328,Fair,45.3,38.4,10.0,1.5,False,False,False,False,False,Day
A-788,2,2022-12-12 17:18:28,Houston,Harris,TX,29.728275132257036,-95.3708201053563,Overcast,50.0,32.5,7.0,10.2,False,False,False,True,False,Day
A-789,2,2022-12-20 23:28:41,Houston,Harris,TX,29.682523054759187,-95.36050094417526,Clear,61.0,67.3,8.8,1.4,False,True,False,False,True,Night
A-790,1,2022-02-02 07:00:43,Atlanta,Fulton,GA,33.704341210950375,-84.41001411916902,Cloudy,63.6,93.8,10.0,12.1,False,False,False,False,False,Day
A-791,4,2022-06-10 08:46:20,Los Angeles,Los Angeles,CA,34.032346027989526,-118.17880577730214,Clear,52.6,41.3,7.3,6.6,False,False,False,False,True,Day
A-792,3,2022-10-29 15:30:06,Dallas,Dallas,TX,32.74763467990231,-96.80622248366765,Clear,56.8,69.2,10.0,10.3,True,True,False,False,False,Day
A-793,2,2022-06-29 20:55:18,Charlotte,Mecklenburg,NC,35.1783700347223,-80.81246511414881,Clear,35.2,46.7,7.5,0.0,False,False,False,False,False,Night
A-794,2,2022-01-02 18:59:02,Dallas,Dallas,TX,32.85456884993821,-96.76744618822899,Clear,32.6,81.2,7.1,6.9,False,False,False,False,False,Day
A-795,2,2022-10-22 12:34:57,Los Angeles,Los Angeles,CA,34.08222004746455,-118.2492214760368,Thunderstorm,65.2,42.3,8.4,7.0,False,True,False,False,False,Day
A-796,3,2022-03-01 17:49:51,Seattle,King,WA,47.71580678551261,-122.40733566365131,Fair,88.9,65.5,6.8,3.8,False,False,False,False,False,Day
A-797,2,2022-12-23 06:13:34,Atlanta,Fulton,GA,33.66873964410615,-84.4293707607043,Rain,41.7,82.4,10.0,10.1,False,False,False,False,False,Day
A-798,2,2022-06-27 21:57:29,Charlotte,Mecklenburg,NC,35.24275718627688,-80.80750125297926,Clear,61.8,33.1,3.3,4.8,False,False,False,False,False,Night
A-799,2,2022-09-16 20:34:49,Orlando,Orange,FL,28.51656955454728,-81.36382917354088,Clear,64.7,72.0,10.0,3.8,False,False,False,False,False,Night
A-800,2,2022-11-16 07:51:13,Atlanta,Fulton,GA,33.74998265009243,-84.42875156320721,Fair,70.6,52.8,10.0,5.7,False,True,False,False,False,Day
A-801,4,2022-06-23 08:35:26,Orlando,Orange,FL,28.6308386823006,-81.37701484036526,Clear,57.3,76.9,8.1,10.4,False,False,False,False,False,Day
A-802,2,2022-08-19 06:28:52,Los Angeles,Los Angeles,CA,33.96522535667742,-118.23321728670857,Cloudy,48.5,67.4,5.0,8.0,True,False,False,False,False,Day
A-803,2,2022-04-02 08:07:14,Dallas,Dallas,TX,32.74806429182174,-96.76786188252476,Fair,74.7,51.6,9.9,8.4,False,True,False,False,False,Day
A-804,3,2022-08-07 17:03:10,Dallas,Dallas,TX,32.739293556069676,-96.70598668344853,Overcast,35.7,58.1,8.1,9.7,False,False,False,False,True,Day
A-805,3,2022-08-12 09:29:14,Houston,Harris,TX,29.73189780037915,-95.48394369325598,Fair,70.7,23.3,7.8,6.2,False,False,False,False,False,Day
A-806,3,2022-01-14 05:54:52,Orlando,Orange,FL,28.43276595762058,-81.31866515799784,Fair,52.9,77.4,10.0,10.7,False,False,False,False,False,Night
A-807,2,2022-06-21 08:46:39,Atlanta,Fulton,GA,33.81326850805189,-84.37714063463598,Clear,68.7,98.0,10.0,8.4,False,False,False,False,False,Day
A-808,2,2022-10-13 22:42:58,Atlanta,Fulton,GA,33.81525480280524,-84.4395133978591,Cloudy,82.4,49.1,8.0,10.0,False,False,False,False,False,Night
A-809,2,2022-07-02 15:12:35,Houston,Harris,TX,29.789494064978804,-95.36155570165982,Cloudy,54.7,59.2,7.5,4.2,False,False,False,False,False,Day
A-810,2,2022-10-11 10:08:04,Los Angeles,Los Angeles,CA,33.98528117325821,-118.17137935061211,Fair,59.5,91.4,3.5,7.3,True,False,False,False,False,Day
A-811,2,2022-08-12 07:21:30,Chicago,Cook,IL,41.89198206637673,-87.54251522378541,Clear,58.7,24.1,5.8,10.4,False,False,False,False,True,Day
A-812,1,2022-08-08 22:34:05,Seattle,King,WA,47.649499266648114,-122.38315798778167,Cloudy,99.2,70.1,7.4,13.6,False,False,False,False,False,Night
A-813,2,2022-03-25 17:31:41,Los Angeles,Los Angeles,CA,34.07161910884526,-118.28613005337154,Heavy Rain,63.1,93.5,10.0,10.8,False,False,False,False,True,Day
A-814,4,2022-05-07 08:24:31,Atlanta,Fulton,GA,33.74653196666451,-84.4526498256693,Clear,62.4,47.4,9.9,10.9,False,False,False,False,False,Day
A-815,2,2022-09-17 05:23:38,Seattle,King,WA,47.67672901993866,-122.32044899190822,Overcast,63.7,49.2,10.0,1.4,False,False,False,False,True,Night
A-816,4,2022-05-22 04:53:29,Charlotte,Mecklenburg,NC,35.191643006168285,-80.82898231483661,Fair,85.3,86.6,10.0,5.9,False,False,False,False,False,Night
A-817,2,2022-05-06 06:49:31,Dallas,Dallas,TX,32.76825839009102,-96.74762527842441,Fair,55.4,38.2,9.0,9.2,False,False,False,False,False,Day
A-818,2,2022-10-01 14:22:39,Houston,Harris,TX,29.791680016477898,-95.34773433151477,Fog,76.9,77.2,9.2,2.1,False,False,False,False,False,Day
A-819,2,2022-02-19 19:24:35,Los Angeles,Los Angeles,CA,34.06809204787624,-118.19902516183883,Cloudy,53.6,67.5,10.0,8.6,False,False,False,False,False,Night
A-820,3,2022-12-04 12:45:12,Miami,Miami-Dade,FL,25.789698212013793,-80.26114733106677,Light Rain,52.6,82.7,8.6,5.7,False,False,False,False,False,Day
A-821,2,2022-07-02 17:32:35,Austin,Travis,TX,30.293876831965,-97.65546170569131,Fair,70.6,57.5,9.6,5.9,False,True,False,False,False,Day
A-822,3,2022-07-07 11:15:15,Los Angeles,Los Angeles,CA,34.07844333052643,-118.17883836649655,Clear,83.2,90.7,9.7,7.3,False,False,False,False,False,Day
A-823,1,2022-01-06 16:41:15,Miami,Miami-Dade,FL,25.74345907971605,-80.21825988295357,Cloudy,59.3,52.3,9.5,8.4,False,False,False,False,False,Day
A-824,4,2022-07-22 16:55:10,Houston,Harris,TX,29.725524723117786,-95.40916110648202,Rain,59.1,30.5,7.9,9.9,False,False,False,False,False,Day
A-825,2,2022-04-25 07:00:11,Charlotte,Mecklenburg,NC,35.23395693931888,-80.80578864188544,Light Rain,74.5,29.2,10.0,2.7,False,False,False,False,True,Day
A-826,3,2022-03-05 09:37:27,Atlanta,Fulton,GA,33.82455943535508,-84.4660810936617,Clear,64.8,38.2,10.0,10.8,False,True,False,False,False,Day
A-827,2,2022-07-30 15:16:00,Miami,Miami-Dade,FL,25.760456964886142,-80.22856037779277,Clear,75.2,73.5,6.5,9.5,False,False,True,False,False,Day
A-828,3,2022-06-21 05:07:53,Miami,Miami-Dade,FL,25.791669920546312,-80.24318801254712,Fair,40.6,45.0,5.0,6.0,False,False,False,False,True,Night
A-829,2,2022-11-03 09:42:45,Orlando,Orange,FL,28.54392186630561,-81.38404148734824,Fair,49.4,59.6,8.1,10.8,True,False,False,False,False,Day
A-830,2,2022-03-30 13:46:38,Houston,Harris,TX,29.862086259410816,-95.39199858252648,Clear,64.1,61.8,7.4,0.3,False,False,False,False,False,Day
A-831,3,2022-07-15 23:35:24,Miami,Miami-Dade,FL,25.754804197947028,-80.23107078139668,Clear,71.8,44.5,5.7,7.7,False,False,False,False,False,Night
A-832,2,2022-03-16 12:49:58,Houston,Harris,TX,29.790541849297227,-95.41398336877994,Overcast,63.1,63.1,8.2,4.8,False,False,False,False,False,Day
A-833,2,2022-09-27 17:18:45,Los Angeles,Los Angeles,CA,34.01625555068942,-118.27565260261552,Cloudy,66.2,78.8,10.0,2.8,False,False,False,True,False,Day
A-834,3,2022-02-19 11:14:15,Los Angeles,Los Angeles,CA,33.99617800149376,-118.30320491775436,Light Rain,74.1,60.7,9.9,1.1,True,False,False,False,False,Day
A-835,2,2022-09-08 17:28:03,Charlotte,Mecklenburg,NC,35.22675491362004,-80.81596634618045,Rain,46.3,78.4,10.0,9.5,False,False,False,False,False,Day
A-836,2,2022-06-29 14:16:09,Houston,Harris,TX,29.819454896360256,-95.31349209801778,Clear,74.1,52.5,10.0,9.0,False,False,False,False,False,Day
A-837,2,2022-10-21 18:59:43,Atlanta,Fulton,GA,33.78067944705638,-84.36792313360453,Light Rain,80.8,65.3,10.0,11.8,False,False,False,False,True,Day
A-838,3,2022-07-25 10:58:57,Houston,Harris,TX,29.65607997831848,-95.3006596758694,Cloudy,59.9,61.9,8.7,9.7,False,False,False,False,False,Day
A-839,2,2022-09-10 14:45:44,Dallas,Dallas,TX,32.81334296412734,-96.83902803345305,Heavy Rain,52.1,81.5,10.0,5.8,False,True,False,False,True,Day
A-840,2,2022-04-12 15:25:37,Dallas,Dallas,TX,32.700132479859356,-96.83443303105739,Clear,78.3,68.5,7.4,17.9,False,False,False,False,False,Day
A-841,3,2022-12-31 10:35:51,Los Angeles,Los Angeles,CA,34.09419960831852,-118.22158657388202,Clear,90.8,47.2,6.0,11.1,False,True,False,False,False,Day
A-842,3,2022-09-01 06:50:02,Dallas,Dallas,TX,32.80392048654288,-96.76838823166538,Cloudy,67.2,69.8,10.0,2.4,False,False,False,False,False,Day
A-843,4,2022-09-10 05:12:40,Los Angeles,Los Angeles,CA,34.044709727707904,-118.24293540023521,Rain,51.8,40.9,10.0,6.5,False,False,False,False,True,Night
A-844,3,2022-07-01 01:56:16,Chicago,Cook,IL,41.914462630319605,-87.6310409811123,Overcast,64.9,68.1,8.2,7.9,True,False,False,False,False,Night
A-845,2,2022-08-31 17:33:13,Los Angeles,Los Angeles,CA,34.03899335012446,-118.29700687010654,Cloudy,52.5,59.4,7.9,5.9,False,False,False,False,True,Day
A-846,2,2022-12-18 07:54:58,Houston,Harris,TX,29.76786818480757,-95.50282614976966,Fair,75.7,63.0,10.0,15.2,False,False,False,False,False,Day
A-847,2,2022-11-09 07:02:33,Los Angeles,Los Angeles,CA,33.980288479343145,-118.21582062971628,Cloudy,64.2,59.2,6.8,5.8,True,True,False,False,False,Day
A-848,3,2022-03-28 16:24:01,Chicago,Cook,IL,41.86529003598344,-87.58070881135583,Overcast,51.1,47.8,8.5,5.5,False,True,False,False,False,Day
A-849,4,2022-08-19 08:25:30,Charlotte,Mecklenburg,NC,35.27329312855796,-80.86490684468309,Overcast,68.0,45.3,9.5,10.0,False,False,True,False,False,Day
A-850,3,2022-03-27 12:29:19,Dallas,Dallas,TX,32.71014203407537,-96.82460600407943,Cloudy,55.2,81.6,7.6,7.5,False,False,False,True,False,Day
A-851,1,2022-12-30 07:28:58,Los Angeles,Los Angeles,CA,34.093131184174524,-118.27663888462011,Clear,45.3,97.6,10.0,6.1,False,False,False,False,False,Day
A-852,2,2022-11-28 20:37:57,Orlando,Orange,FL,28.43736401383604,-81.39795925310726,Cloudy,76.4,65.4,9.5,15.7,False,False,False,False,False,Night
A-853,2,2022-07-07 17:38:43,Miami,Miami-Dade,FL,25.702220208108496,-80.14148802216208,Fair,69.5,60.6,8.7,13.1,False,False,False,False,False,Day
A-854,2,2022-04-19 17:15:36,Atlanta,Fulton,GA,33.73326065733572,-84.4347370602621,Fog,58.0,35.4,10.0,1.4,True,False,False,False,False,Day
A-855,3,2022-04-10 10:23:25,Miami,Miami-Dade,FL,25.769379250001734,-80.15952652375255,Cloudy,84.1,24.8,9.3,14.5,False,False,False,True,True,Day
A-856,2,2022-08-08 16:22:42,Los Angeles,Los Angeles,CA,34.023564366008436,-118.26858633795173,Cloudy,53.8,27.8,7.6,6.3,False,False,False,False,False,Day
A-857,2,2022-02-05 06:20:43,Los Angeles,Los Angeles,CA,34.022199643077265,-118.34340106768826,Thunderstorm,58.5,70.6,10.0,11.5,False,False,False,True,False,Day
A-858,4,2022-05-27 00:21:09,Charlotte,Mecklenburg,NC,35.28245801897178,-80.86026432495756,Clear,70.6,24.5,8.9,14.9,False,False,False,False,False,Night
A-859,2,2022-03-09 02:14:29,Charlotte,Mecklenburg,NC,35.28653450875313,-80.76112880291478,Clear,78.1,73.2,2.4,10.2,True,False,False,False,False,Night
A-860,2,2022-04-21 14:12:59,Los Angeles,Los Angeles,CA,34.030980238409526,-118.27796875660587,Cloudy,70.9,38.1,9.6,16.1,False,False,False,False,False,Day
A-861,2,2022-05-25 11:32:33,Austin,Travis,TX,30.24749438124754,-97.75496066886829,Clear,56.5,63.2,5.2,10.4,False,False,False,False,False,Day
A-862,4,2022-01-13 13:35:34,Houston,Harris,TX,29.746047284944105,-95.36939577010767,Clear,61.4,51.8,10.0,9.5,True,False,False,False,False,Day
A-863,3,2022-11-02 00:13:33,Charlotte,Mecklenburg,NC,35.33798726782742,-80.83323202074206,Light Rain,55.3,38.8,9.7,11.0,True,False,False,False,False,Night
A-864,2,2022-09-06 10:56:12,Houston,Harris,TX,29.76124810747775,-95.2926827408566,Fair,60.0,32.3,9.7,2.0,False,False,False,True,True,Day
A-865,1,2022-10-30 16:56:54,Houston,Harris,TX,29.83895083282242,-95.40944687068774,Clear,61.2,25.5,10.0,6.2,True,False,False,False,False,Day
A-866,1,2022-03-03 11:33:52,Charlotte,Mecklenburg,NC,35.26370086324485,-80.84256860084687,Clear,71.2,38.4,5.4,2.7,False,False,False,False,False,Day
A-867,2,2022-03-24 16:11:25,Los Angeles,Los Angeles,CA,34.04695673844695,-118.20576764122032,Clear,54.6,100.0,9.8,6.3,False,False,False,False,False,Day
A-868,2,2022-11-16 07:27:02,Los Angeles,Los Angeles,CA,34.01983061714567,-118.27940568833321,Fair,79.3,86.1,7.0,8.8,False,False,False,True,False,Day
A-869,2,2022-10-08 17:09:51,Seattle,King,WA,47.64515948607055,-122.3284453982518,Clear,64.6,63.6,8.2,6.4,False,True,False,False,False,Day
A-870,2,2022-09-04 14:52:52,Atlanta,Fulton,GA,33.70969346819087,-84.33889410623266,Light Rain,52.2,52.7,9.9,6.4,True,False,False,False,False,Day
A-871,3,2022-02-24 07:26:41,Houston,Harris,TX,29.741074347739303,-95.39578886341268,Fair,70.8,48.3,7.9,1.6,False,False,False,False,True,Day
A-872,1,2022-06-27 07:38:19,Miami,Miami-Dade,FL,25.794642099218574,-80.20046124216316,Clear,63.2,62.2,5.2,4.9,False,False,False,False,False,Day
A-873,2,2022-01-20 15:17:20,Dallas,Dallas,TX,32.764670769076965,-96.85457895888987,Clear,58.1,48.6,10.0,13.7,False,False,False,False,True,Day
A-874,2,2022-02-17 17:28:24,Houston,Harris,TX,29.740652362596872,-95.32245407631324,Cloudy,86.2,48.4,10.0,4.8,False,False,False,False,False,Day
A-875,2,2022-02-09 10:12:26,Los Angeles,Los Angeles,CA,34.036802797183746,-118.23577233913589,Clear,60.3,69.7,6.8,5.6,False,False,False,False,False,Day
A-876,2,2022-09-11 08:18:48,Los Angeles,Los Angeles,CA,34.01786484975051,-118.26497020547747,Fair,58.2,39.8,7.4,7.9,False,False,False,False,False,Day
A-877,2,2022-09-06 17:37:18,Orlando,Orange,FL,28.560773232598724,-81.39461651099754,Rain,79.4,10.4,8.6,8.5,False,False,False,False,False,Day
A-878,3,2022-03-24 15:00:39,Dallas,Dallas,TX,32.77851228636616,-96.79745109402866,Fair,72.6,48.3,10.0,6.5,False,False,False,False,True,Day
A-879,3,2022-06-13 11:20:21,Los Angeles,Los Angeles,CA,33.984391396940254,-118.22699065338506,Clear,76.3,89.0,10.0,1.4,False,False,False,False,False,Day
A-880,3,2022-09-16 12:38:47,Miami,Miami-Dade,FL,25.737326658727053,-80.22443625565639,Overcast,56.6,27.4,10.0,9.2,False,False,False,False,False,Day
A-881,2,2022-01-13 07:03:43,Miami,Miami-Dade,FL,25.743347930195878,-80.22050453297958,Clear,68.3,35.2,10.0,14.7,False,False,False,False,False,Day
A-882,3,2022-07-24 15:31:03,Orlando,Orange,FL,28.519597793780267,-81.39236642263013,Clear,44.2,47.3,10.0,14.3,False,True,False,False,False,Day
A-883,2,2022-04-27 09:00:32,Los Angeles,Los Angeles,CA,34.08215458835575,-118.23614900568379,Clear,36.2,28.0,9.5,4.1,False,False,False,False,False,Day
A-884,4,2022-01-30 23:00:15,Los Angeles,Los Angeles,CA,34.01709032525547,-118.16340329306357,Heavy Rain,56.1,90.1,6.8,8.6,False,False,False,False,False,Night
A-885,2,2022-12-15 12:05:01,Austin,Travis,TX,30.40239375962946,-97.78323686841034,Rain,65.7,62.0,5.5,17.1,False,False,True,False,True,Day
A-886,2,2022-09-29 12:44:42,Los Angeles,Los Angeles,CA,34.12147777911085,-118.32634884469756,Clear,101.0,24.4,8.0,7.0,False,True,False,False,False,Day
A-887,2,2022-02-14 14:07:38,Dallas,Dallas,TX,32.845736820631956,-96.72700389364896,Fair,83.7,57.4,9.4,8.0,False,True,False,False,True,Day
A-888,4,2022-08-08 18:17:59,Miami,Miami-Dade,FL,25.710015059359637,-80.23569565418052,Clear,48.6,59.2,10.0,1.0,False,False,False,False,False,Day
A-889,4,2022-11-02 17:14:59,Los Angeles,Los Angeles,CA,33.95067116940871,-118.17032274361604,Cloudy,78.1,55.2,8.5,11.2,True,False,False,False,False,Day
A-890,3,2022-04-11 11:04:15,Miami,Miami-Dade,FL,25.74474653026924,-80.12962091397326,Clear,44.8,56.7,9.3,8.1,True,True,False,False,False,Day
A-891,2,2022-09-26 16:45:33,Orlando,Orange,FL,28.552976293630582,-81.35198496925845,Clear,88.0,57.4,9.7,3.4,False,False,False,False,False,Day
A-892,2,2022-06-14 14:25:21,Seattle,King,WA,47.5981020604345,-122.27132536657564,Overcast,57.4,66.2,9.4,9.8,False,False,False,False,False,Day
A-893,4,2022-11-10 12:22:12,Seattle,King,WA,47.579708849223714,-122.42367867981959,Clear,56.4,67.5,10.0,10.9,False,False,False,False,False,Day
A-894,2,2022-07-28 07:48:19,Houston,Harris,TX,29.673350605219824,-95.43741885373746,Clear,80.3,30.1,10.0,4.2,False,False,False,False,True,Day
A-895,4,2022-06-03 11:43:56,Dallas,Dallas,TX,32.743092936330505,-96.78279433523248,Light Rain,56.6,61.2,9.0,0.4,False,True,False,False,True,Day
A-896,2,2022-05-18 07:23:43,Miami,Miami-Dade,FL,25.749545991551138,-80.21113875986491,Overcast,91.2,63.6,7.8,7.6,False,False,False,False,False,Day
A-897,2,2022-05-16 18:29:43,Miami,Miami-Dade,FL,25.736931641111767,-80.23105253707456,Cloudy,56.4,47.8,7.9,9.8,True,False,False,False,False,Day
A-898,3,2022-09-27 08:44:48,Atlanta,Fulton,GA,33.723947055975344,-84.34760148670424,Rain,78.3,94.1,9.1,8.1,False,False,False,False,True,Day
A-899,2,2022-08-17 19:13:18,Los Angeles,Los Angeles,CA,34.01228564164071,-118.23082474940453,Fair,66.7,58.3,7.6,11.6,False,False,False,False,False,Night
A-900,4,2022-12-11 13:58:02,Los Angeles,Los Angeles,CA,34.13494292174939,-118.19123427426871,Clear,75.2,70.1,10.0,0.2,True,False,True,False,True,Day
A-901,2,2022-10-20 15:43:31,Miami,Miami-Dade,FL,25.797122365247432,-80.21039500301352,Clear,49.9,51.0,7.6,2.9,False,True,False,False,False,Day
A-902,4,2022-08-24 13:41:01,Los Angeles,Los Angeles,CA,34.10000049688148,-118.24452137863655,Clear,37.5,53.9,10.0,7.9,False,False,False,False,True,Day
A-903,2,2022-05-03 06:03:16,Los Angeles,Los Angeles,CA,34.065838607050225,-118.16671826661094,Clear,50.9,66.9,10.0,0.8,False,False,False,False,False,Day
A-904,3,2022-11-26 09:29:39,Dallas,Dallas,TX,32.70994510768911,-96.86116959884791,Fair,58.9,32.3,6.4,4.0,False,False,False,False,False,Day
A-905,2,2022-10-03 06:45:23,Houston,Harris,TX,29.797321560234405,-95.37410888283918,Clear,62.0,74.9,10.0,4.9,False,False,False,False,False,Day
A-906,2,2022-07-01 15:37:28,Atlanta,Fulton,GA,33.816411128352854,-84.43172027815324,Fair,57.7,35.4,6.4,11.1,False,False,False,True,False,Day
A-907,2,2022-09-04 11:26:28,Austin,Travis,TX,30.34190294583237,-97.65832562474323,Clear,33.0,77.6,10.0,12.2,False,False,True,False,False,Day
A-908,4,2022-09-10 16:51:05,Miami,Miami-Dade,FL,25.792881921101703,-80.07151228631689,Fair,55.4,54.6,10.0,9.9,False,False,False,False,False,Day
A-909,2,2022-07-06 07:22:38,Miami,Miami-Dade,FL,25.76174938295795,-80.18130653914474,Cloudy,65.6,100.0,10.0,14.5,False,False,False,False,True,Day
A-910,2,2022-01-11 07:43:47,Houston,Harris,TX,29.76030542177021,-95.34516760152377,Fair,61.3,79.7,3.9,12.6,False,False,False,False,True,Day
A-911,3,2022-07-19 10:07:54,Dallas,Dallas,TX,32.80263923227892,-96.8021856459496,Clear,59.4,79.8,9.3,10.2,False,True,False,False,True,Day
A-912,2,2022-09-22 19:30:51,Miami,Miami-Dade,FL,25.679649590190106,-80.19891712820733,Thunderstorm,58.1,62.9,8.9,10.0,False,False,False,False,False,Night
A-913,2,2022-03-23 16:35:47,Dallas,Dallas,TX,32.80862897795835,-96.7928223207378,Cloudy,65.8,80.2,7.8,4.7,False,False,False,False,False,Day
A-914,2,2022-10-03 10:35:47,Houston,Harris,TX,29.736115727815644,-95.43724774021713,Fair,49.3,75.2,10.0,1.4,False,False,False,False,False,Day
A-915,3,2022-01-08 13:20:12,Charlotte,Mecklenburg,NC,35.33757333949015,-80.81008527761604,Fair,61.3,21.3,8.4,4.1,False,False,False,False,False,Day
A-916,2,2022-01-07 05:46:25,Houston,Harris,TX,29.74537513053223,-95.4190683672044,Cloudy,58.9,42.6,10.0,10.4,False,False,False,False,False,Night
A-917,2,2022-01-19 22:45:38,Miami,Miami-Dade,FL,25.771426852904973,-80.20949250967809,Clear,46.3,41.4,7.1,5.7,False,False,False,True,False,Night
A-918,4,2022-11-23 15:22:57,Atlanta,Fulton,GA,33.756235978733926,-84.38634094793949,Clear,62.3,44.4,5.2,9.4,False,True,False,False,True,Day
A-919,3,2022-01-23 08:17:41,Austin,Travis,TX,30.232593127618276,-97.78120745537534,Cloudy,35.2,54.9,7.5,0.0,False,False,True,False,False,Day
A-920,2,2022-10-25 14:09:38,Los Angeles,Los Angeles,CA,34.07506510498066,-118.21381163508688,Fair,54.8,70.3,10.0,9.1,False,True,False,True,False,Day
A-921,3,2022-08-30 06:06:06,Seattle,King,WA,47.62330451231355,-122.35587122298939,Clear,70.1,83.5,10.0,3.6,False,False,False,False,False,Day
A-922,3,2022-06-28 20:00:45,Charlotte,Mecklenburg,NC,35.278240241729414,-80.78982181080345,Clear,71.2,72.1,7.1,4.1,False,False,False,False,True,Night
A-923,2,2022-10-06 07:12:24,Atlanta,Fulton,GA,33.7850223721628,-84.43156046816554,Clear,65.2,84.8,10.0,13.7,True,False,False,False,True,Day
A-924,3,2022-08-01 15:07:09,Austin,Travis,TX,30.276557370985902,-97.75144429534248,Rain,68.4,38.9,9.7,15.6,True,False,False,False,False,Day
A-925,2,2022-11-12 07:16:37,Houston,Harris,TX,29.719460996696284,-95.42339394954146,Clear,74.3,49.9,9.4,2.7,False,False,False,False,False,Day
A-926,2,2022-09-06 16:56:47,Los Angeles,Los Angeles,CA,34.01271422089487,-118.1945760786614,Clear,66.6,54.8,10.0,6.1,False,False,False,False,True,Day
A-927,2,2022-07-14 16:39:50,Miami,Miami-Dade,FL,25.84455053669627,-80.20734576096831,Cloudy,82.6,46.7,8.4,6.5,True,False,False,False,False,Day
A-928,2,2022-08-05 15:14:34,Charlotte,Mecklenburg,NC,35.2314573296879,-80.870956199884,Fair,33.2,37.5,7.1,9.9,False,False,False,False,False,Day
A-929,1,2022-05-14 14:29:56,Dallas,Dallas,TX,32.880527959114744,-96.80649771619784,Fair,77.4,67.8,9.2,5.1,False,False,False,False,False,Day
A-930,3,2022-04-09 18:07:30,Miami,Miami-Dade,FL,25.720787066066194,-80.19727592179838,Fair,32.4,45.9,8.7,3.8,False,False,False,False,False,Day
A-931,1,2022-11-22 05:47:46,Los Angeles,Los Angeles,CA,34.1618905481971,-118.22343426818978,Fair,55.6,76.1,10.0,8.2,False,False,False,False,True,Night
A-932,2,2022-09-29 08:51:14,Seattle,King,WA,47.559024331567805,-122.30514399139645,Overcast,76.0,35.6,9.0,7.3,False,False,False,False,False,Day
A-933,2,2022-01-01 07:23:39,Chicago,Cook,IL,41.85618071126571,-87.63737920438822,Clear,74.3,77.3,9.5,10.5,False,False,False,False,False,Day
A-934,3,2022-04-07 22:27:10,Charlotte,Mecklenburg,NC,35.24920718396045,-80.84505520180961,Fair,50.5,64.3,8.4,4.3,False,False,False,False,True,Night
A-935,2,2022-11-08 09:55:24,Los Angeles,Los Angeles,CA,34.10207692964831,-118.39904630095997,Heavy Rain,64.3,64.3,4.4,6.2,False,False,False,False,False,Day
A-936,2,2022-01-11 16:24:01,Miami,Miami-Dade,FL,25.795603996969255,-80.2144003836529,Clear,56.1,64.9,9.4,10.1,False,False,False,False,True,Day
A-937,2,2022-05-14 15:32:31,Los Angeles,Los Angeles,CA,33.95654445305097,-118.17216573417404,Clear,77.7,58.4,10.0,6.8,False,False,False,False,True,Day
A-938,3,2022-09-05 07:23:26,Atlanta,Fulton,GA,33.72037981772343,-84.36556523998908,Clear,63.8,58.7,10.0,0.3,False,False,False,False,False,Day
A-939,2,2022-11-07 07:28:33,Los Angeles,Los Angeles,CA,33.99492383902481,-118.29735677133365,Clear,55.3,54.6,6.0,13.5,False,True,False,False,False,Day
A-940,3,2022-12-14 08:15:02,Dallas,Dallas,TX,32.707634358280266,-96.81637588914542,Clear,70.7,66.0,8.3,6.7,False,False,False,False,False,Day
A-941,2,2022-06-17 10:36:57,Miami,Miami-Dade,FL,25.76088838612596,-80.22163499879196,Clear,73.7,71.0,8.5,6.7,False,False,False,False,False,Day
A-942,2,2022-06-19 07:43:24,Charlotte,Mecklenburg,NC,35.12152141158933,-80.7895945578505,Clear,62.1,50.9,10.0,17.1,False,False,False,False,False,Day
A-943,2,2022-01-19 02:00:32,Dallas,Dallas,TX,32.826695353358254,-96.74856917449684,Fair,74.8,87.8,9.3,15.5,False,False,False,False,False,Night
A-944,4,2022-01-17 18:16:33,Austin,Travis,TX,30.3044394656117,-97.7821503803038,Clear,88.4,52.7,3.0,10.8,False,False,False,False,False,Day
A-945,2,2022-05-05 20:57:40,Miami,Miami-Dade,FL,25.842670489194695,-80.191306196868,Overcast,33.8,46.0,6.9,2.7,False,True,False,False,False,Night
A-946,1,2022-03-13 08:03:12,Los Angeles,Los Angeles,CA,33.99886773274545,-118.3003888428263,Overcast,83.1,57.0,8.3,12.5,False,False,False,False,False,Day
A-947,2,2022-08-29 08:45:58,Los Angeles,Los Angeles,CA,34.00378779848492,-118.27503076545365,Fair,86.5,44.7,7.7,0.0,False,False,False,False,False,Day
A-948,2,2022-04-18 00:22:32,Atlanta,Fulton,GA,33.80160818406407,-84.41748777398989,Snow,71.7,69.3,8.6,7.5,False,True,False,False,True,Night
A-949,2,2022-12-03 15:00:53,Seattle,King,WA,47.66258967285919,-122.36721311289038,Cloudy,60.3,57.2,8.0,5.1,False,False,False,False,True,Day
A-950,3,2022-03-18 17:26:20,Dallas,Dallas,TX,32.844132881879645,-96.77868977308815,Cloudy,41.6,74.7,8.5,4.2,True,False,False,False,True,Day
A-951,2,2022-08-21 06:34:24,Dallas,Dallas,TX,32.83440813902107,-96.72954277628762,Clear,65.6,58.8,10.0,7.9,False,False,False,False,False,Day
A-952,2,2022-07-24 06:08:16,Dallas,Dallas,TX,32.78765726693287,-96.8000136635889,Light Rain,59.0,58.1,10.0,9.5,False,False,False,False,False,Day
A-953,2,2022-05-15 16:59:12,Los Angeles,Los Angeles,CA,34.029196780526725,-118.29644728217853,Heavy Rain,44.1,51.8,8.7,10.1,False,False,False,False,False,Day
A-954,2,2022-01-06 14:03:03,Atlanta,Fulton,GA,33.78574994993833,-84.37759466270475,Clear,55.1,76.5,10.0,6.7,False,False,False,False,False,Day
A-955,2,2022-05-29 04:27:06,Houston,Harris,TX,29.738307445524953,-95.35932630510784,Cloudy,64.4,55.1,9.8,6.2,False,False,False,False,False,Night
A-956,2,2022-11-18 15:10:23,Houston,Harris,TX,29.76566417737208,-95.37923739162567,Cloudy,69.0,65.3,10.0,10.4,False,False,False,False,False,Day
A-957,4,2022-04-27 08:12:43,Charlotte,Mecklenburg,NC,35.20801098836789,-80.75014425976795,Clear,49.6,80.9,10.0,10.5,False,False,False,False,False,Day
A-958,2,2022-03-15 09:38:18,Los Angeles,Los Angeles,CA,34.065531630623134,-118.2314936489557,Fair,29.3,58.2,10.0,7.6,True,False,False,False,False,Day
A-959,3,2022-10-08 16:51:21,Los Angeles,Los Angeles,CA,34.11430334294824,-118.2150089076554,Clear,61.2,58.0,10.0,3.5,False,False,False,False,False,Day
A-960,2,2022-05-07 17:55:29,Orlando,Orange,FL,28.520827538343134,-81.49131049501364,Clear,51.2,55.4,5.8,0.2,False,False,False,False,True,Day
A-961,2,2022-09-22 10:28:20,Los Angeles,Los Angeles,CA,34.02713081453034,-118.29184456798122,Clear,58.5,63.8,10.0,9.6,False,False,False,False,False,Day
A-962,3,2022-09-17 19:59:36,Dallas,Dallas,TX,32.77139319708138,-96.77130454674929,Fair,34.3,76.1,10.0,10.9,False,True,False,False,False,Night
A-963,3,2022-12-20 10:57:17,Miami,Miami-Dade,FL,25.702751002809478,-80.17760922822842,Cloudy,60.2,75.5,10.0,6.2,False,False,False,False,False,Day
A-964,2,2022-02-20 16:26:36,Houston,Harris,TX,29.793606024173396,-95.38872469628056,Rain,70.6,69.8,6.4,8.5,False,False,False,False,False,Day
A-965,2,2022-05-10 12:11:22,Miami,Miami-Dade,FL,25.76752594517854,-80.16912174604914,Fair,58.3,84.2,10.0,12.3,False,False,False,False,False,Day
A-966,2,2022-07-01 18:37:22,Houston,Harris,TX,29.758630560294474,-95.32343499038814,Clear,66.5,61.7,10.0,15.0,False,False,False,False,False,Day
A-967,2,2022-12-05 18:03:29,Orlando,Orange,FL,28.55473263062039,-81.40284132104216,Clear,60.6,88.1,6.2,5.4,False,False,True,False,False,Day
A-968,2,2022-02-11 05:12:41,Miami,Miami-Dade,FL,25.68800240374907,-80.22295006579465,Light Rain,35.4,81.0,10.0,6.6,False,True,False,False,False,Night
A-969,3,2022-10-05 19:48:13,Charlotte,Mecklenburg,NC,35.297132622440685,-80.85589919622879,Fair,66.2,46.9,9.6,8.8,True,False,False,False,True,Night
A-970,2,2022-12-26 17:46:07,Charlotte,Mecklenburg,NC,35.201117579743574,-80.81819314048602,Cloudy,53.2,75.7,9.0,2.1,False,False,False,False,False,Day
A-971,1,2022-04-09 17:23:17,Dallas,Dallas,TX,32.75796215155167,-96.8256297618204,Clear,45.1,22.9,8.8,0.0,False,False,False,False,True,Day
A-972,2,2022-09-23 07:16:31,Atlanta,Fulton,GA,33.79225186359933,-84.34535408289382,Fair,75.2,84.0,5.2,1.7,False,False,False,False,False,Day
A-973,2,2022-10-26 17:23:06,Orlando,Orange,FL,28.568861670915265,-81.40330062993154,Clear,69.0,58.6,8.9,5.9,False,False,False,False,False,Day
A-974,2,2022-01-12 17:26:47,Miami,Miami-Dade,FL,25.86164313966755,-80.21977817330348,Clear,55.8,44.5,10.0,4.1,False,True,False,False,False,Day
A-975,2,2022-08-15 08:35:25,Los Angeles,Los Angeles,CA,34.00394134475976,-118.12637753215677,Overcast,62.7,25.0,7.4,3.7,False,False,False,False,False,Day
A-976,3,2022-08-04 19:44:30,Miami,Miami-Dade,FL,25.71481756288336,-80.25352920596816,Fair,67.4,57.3,8.9,7.2,False,False,False,False,True,Night
A-977,2,2022-06-11 04:21:11,Dallas,Dallas,TX,32.71690653126885,-96.75791409806912,Clear,39.5,84.3,8.0,6.9,False,False,False,False,False,Night
A-978,3,2022-04-08 06:26:32,Los Angeles,Los Angeles,CA,34.058876125412766,-118.33402198351178,Overcast,47.9,64.9,8.1,4.0,False,False,False,False,True,Day
A-979,2,2022-01-21 13:51:19,Charlotte,Mecklenburg,NC,35.213571028552025,-80.81019111507455,Fair,48.6,52.1,5.3,0.5,False,False,False,False,True,Day
A-980,4,2022-12-12 14:40:39,Dallas,Dallas,TX,32.74193507713437,-96.66241026630927,Clear,72.5,56.2,10.0,8.6,False,False,False,False,False,Day
A-981,4,2022-04-25 15:12:13,Miami,Miami-Dade,FL,25.758416353780184,-80.1389478869402,Heavy Rain,88.5,86.6,9.0,11.2,False,False,False,False,False,Day
A-982,3,2022-08-27 01:52:21,Austin,Travis,TX,30.215592895002157,-97.67619655053517,Clear,73.9,74.0,7.4,4.5,False,False,False,False,False,Night
A-983,3,2022-02-25 20:28:42,Los Angeles,Los Angeles,CA,34.12949772160365,-118.24850411932294,Light Rain,66.8,59.2,10.0,5.5,False,True,False,False,True,Night
A-984,2,2022-06-06 04:52:33,Los Angeles,Los Angeles,CA,34.01723840121311,-118.19658657806627,Overcast,49.6,78.7,10.0,10.3,False,False,False,False,True,Night
A-985,3,2022-04-17 06:03:53,Orlando,Orange,FL,28.509742766314627,-81.36676710386189,Clear,76.1,75.9,8.9,11.2,False,False,False,False,False,Day
A-986,4,2022-04-12 01:09:51,Charlotte,Mecklenburg,NC,35.10775499793715,-80.74180181987255,Fair,59.6,42.2,10.0,5.2,False,False,False,False,False,Night
A-987,1,2022-09-04 14:01:11,Orlando,Orange,FL,28.45602429836927,-81.43453176562738,Clear,49.8,53.1,10.0,6.6,False,False,True,False,False,Day
A-988,2,2022-04-10 19:04:36,Houston,Harris,TX,29.73099793769254,-95.31042578437696,Fair,75.8,88.4,7.1,12.9,False,False,False,False,True,Night
A-989,2,2022-01-28 15:22:32,Miami,Miami-Dade,FL,25.74642523428667,-80.17041486323707,Cloudy,84.9,73.5,6.8,10.5,True,False,False,False,True,Day
A-990,2,2022-04-04 17:20:23,Austin,Travis,TX,30.30316905191865,-97.78874032356188,Clear,76.1,95.4,4.5,2.4,False,False,False,False,False,Day
A-991,2,2022-02-27 01:43:47,Austin,Travis,TX,30.192419791102964,-97.75682298701955,Clear,100.7,72.0,7.6,0.1,False,False,False,False,True,Night
A-992,2,2022-09-22 13:48:52,Orlando,Orange,FL,28.56090853736457,-81.45924752455605,Fair,53.6,45.8,8.2,5.9,False,False,False,True,True,Day
A-993,2,2022-10-07 11:48:49,Miami,Miami-Dade,FL,25.792909329290204,-80.355041574001,Fair,58.0,59.6,5.7,3.1,True,True,False,False,False,Day
A-994,4,2022-11-14 12:30:24,Dallas,Dallas,TX,32.81054730621928,-96.85697770521537,Cloudy,51.8,75.7,7.3,8.9,False,False,False,False,False,Day
A-995,2,2022-06-04 05:50:10,Houston,Harris,TX,29.812182989031335,-95.38920213089247,Overcast,51.7,59.8,10.0,9.9,False,True,False,False,True,Night
A-996,3,2022-07-27 15:01:05,Los Angeles,Los Angeles,CA,33.99410399522307,-118.23964062644173,Cloudy,86.0,61.2,9.5,8.0,False,False,False,False,True,Day
A-997,2,2022-02-10 12:04:19,Atlanta,Fulton,GA,33.776061557700544,-84.45348916328393,Light Rain,48.4,100.0,7.5,3.8,False,True,False,False,False,Day
A-998,2,2022-07-18 16:20:08,Los Angeles,Los Angeles,CA,34.14045804506197,-118.25953014941607,Clear,56.8,55.3,10.0,1.9,False,True,False,False,False,Day
A-999,2,2022-11-15 12:54:07,Chicago,Cook,IL,41.94811349077566,-87.61797935089517,Fair,83.9,66.4,6.3,9.6,False,False,False,False,False,Day
A-1000,2,2022-11-28 06:07:53,Houston,Harris,TX,29.854997785590133,-95.39862028245012,Fair,70.8,65.2,10.0,10.3,False,False,False,False,False,Day
A-1001,2,2022-02-26 15:27:22,Los Angeles,Los Angeles,CA,34.06425015821629,-118.2977428781278,Fog,49.8,78.3,8.5,11.4,False,False,False,False,True,Day
A-1002,2,2022-10-02 07:02:04,Charlotte,Mecklenburg,NC,35.19750736565509,-80.87966731116043,Fair,63.8,65.2,9.2,5.8,False,False,False,False,False,Day
A-1003,2,2022-05-04 17:14:33,Seattle,King,WA,47.47967974557024,-122.26527086811495,Heavy Rain,39.5,62.6,9.6,6.6,False,True,False,False,True,Day
A-1004,2,2022-01-27 14:47:06,Orlando,Orange,FL,28.476163105839525,-81.46553531542227,Overcast,62.0,100.0,10.0,10.2,True,False,False,False,False,Day
A-1005,2,2022-12-23 06:05:55,Austin,Travis,TX,30.240929951263112,-97.68538237395725,Cloudy,66.2,58.0,10.0,7.0,False,False,False,False,False,Day
A-1006,2,2022-02-25 20:38:49,Dallas,Dallas,TX,32.75944424295352,-96.72873236377016,Fair,67.1,74.7,10.0,4.7,False,False,False,False,False,Night
A-1007,2,2022-10-27 13:21:24,Orlando,Orange,FL,28.49871234214147,-81.39701231891918,Fair,93.2,34.3,7.0,3.6,False,False,False,False,False,Day
A-1008,2,2022-11-21 05:19:38,Seattle,King,WA,47.623178546340135,-122.30909280571166,Fair,76.1,60.0,8.4,9.9,False,False,False,False,True,Night
A-1009,2,2022-03-24 15:04:00,Miami,Miami-Dade,FL,25.771440494898883,-80.2308457573549,Clear,47.4,58.1,7.1,5.8,True,False,False,False,False,Day
A-1010,1,2022-09-30 07:25:02,Charlotte,Mecklenburg,NC,35.22914764548381,-80.82971431450862,Rain,66.6,58.6,6.4,4.8,False,True,False,False,False,Day
A-1011,2,2022-09-20 17:56:40,Miami,Miami-Dade,FL,25.800964680351754,-80.08047793313311,Overcast,64.0,25.6,10.0,8.8,False,False,False,False,False,Day
A-1012,2,2022-03-04 17:51:04,Chicago,Cook,IL,41.854618225586556,-87.56624246917566,Overcast,93.0,52.9,5.1,4.2,False,False,False,False,False,Day
A-1013,1,2022-02-12 21:12:42,Atlanta,Fulton,GA,33.80379947281227,-84.413176109365,Fair,58.4,42.6,7.8,4.7,False,False,False,False,False,Night
A-1014,2,2022-05-25 12:14:25,Los Angeles,Los Angeles,CA,33.992010733690215,-118.30966110473105,Clear,67.0,81.7,7.9,7.2,False,False,False,False,False,Day
A-1015,2,2022-06-10 11:47:08,Orlando,Orange,FL,28.52312100240318,-81.393883657136,Cloudy,69.0,42.7,8.6,5.1,False,False,False,False,True,Day
A-1016,2,2022-06-09 16:22:42,Atlanta,Fulton,GA,33.764927138183204,-84.374335290316,Fair,49.0,72.6,6.7,12.7,False,False,False,False,False,Day
A-1017,2,2022-06-27 06:57:01,Los Angeles,Los Angeles,CA,33.95626619172386,-118.2076194036891,Light Rain,42.1,73.5,7.5,9.1,False,False,False,False,False,Day
A-1018,3,2022-07-02 13:39:17,Charlotte,Mecklenburg,NC,35.20190622798985,-80.84856076924066,Overcast,61.6,48.1,10.0,7.5,False,False,False,False,False,Day
A-1019,3,2022-08-28 13:52:28,Atlanta,Fulton,GA,33.784587431998766,-84.29869818404504,Clear,75.0,43.0,8.5,12.6,False,True,False,False,False,Day
A-1020,2,2022-05-08 05:10:05,Los Angeles,Los Angeles,CA,34.03083291939081,-118.24207014766819,Cloudy,45.3,54.4,7.2,7.3,True,False,False,False,False,Night
A-1021,4,2022-04-17 10:01:31,Orlando,Orange,FL,28.44716936483822,-81.402968557554,Cloudy,63.5,52.0,9.5,11.3,False,False,False,False,True,Day
A-1022,2,2022-01-20 17:21:02,Miami,Miami-Dade,FL,25.717332874614332,-80.16557291627092,Fair,55.0,40.3,9.2,3.0,False,False,False,False,False,Day
A-1023,2,2022-07-16 17:30:32,Atlanta,Fulton,GA,33.6817440334445,-84.3529972548223,Fair,36.0,54.1,10.0,4.5,False,False,False,False,False,Day
A-1024,4,2022-03-22 06:43:14,Chicago,Cook,IL,41.90291019495154,-87.66794190325128,Clear,68.5,66.2,8.5,3.2,False,False,False,False,False,Day
A-1025,3,2022-08-25 05:26:37,Atlanta,Fulton,GA,33.75486436206176,-84.43493055387363,Clear,71.1,36.2,10.0,9.0,False,True,False,False,False,Night
A-1026,2,2022-08-03 08:43:11,Charlotte,Mecklenburg,NC,35.14902698613931,-80.92519776739775,Overcast,75.1,56.1,6.6,0.8,False,False,False,False,False,Day
A-1027,2,2022-04-18 17:31:22,Seattle,King,WA,47.52430158873334,-122.34654727508078,Clear,76.7,49.5,7.6,8.3,False,False,False,False,False,Day
A-1028,2,2022-04-04 06:06:33,Seattle,King,WA,47.56995716621531,-122.27126208808194,Overcast,63.5,61.9,7.8,5.0,False,False,False,False,False,Day
A-1029,2,2022-11-18 16:52:38,Miami,Miami-Dade,FL,25.76326457418054,-80.15849415811824,Fair,71.0,97.7,6.0,7.5,False,False,False,True,False,Day
A-1030,2,2022-02-09 06:42:13,Austin,Travis,TX,30.233606636900355,-97.6869066752154,Rain,67.8,29.7,9.1,6.9,False,False,False,False,False,Day
A-1031,2,2022-06-15 15:45:31,Los Angeles,Los Angeles,CA,34.06971132715274,-118.27641850759872,Thunderstorm,26.4,57.9,9.5,9.2,False,False,False,True,False,Day
A-1032,3,2022-07-13 09:35:16,Dallas,Dallas,TX,32.79247861994302,-96.80516925090251,Cloudy,42.5,65.6,9.3,15.9,False,False,False,False,False,Day
A-1033,1,2022-01-11 16:09:52,Miami,Miami-Dade,FL,25.78831518884192,-80.28708686028459,Fair,53.9,49.8,5.8,15.1,False,False,False,False,False,Day
A-1034,3,2022-09-05 07:46:39,Los Angeles,Los Angeles,CA,33.98153330167986,-118.19330658229043,Fair,65.8,67.4,7.1,10.3,False,False,False,False,True,Day
A-1035,2,2022-06-10 15:02:38,Los Angeles,Los Angeles,CA,34.03840900840209,-118.17656292218632,Clear,69.0,30.8,8.2,5.6,False,False,False,False,True,Day
A-1036,2,2022-10-18 07:45:10,Orlando,Orange,FL,28.592071635865118,-81.43252857778997,Clear,74.8,53.0,6.7,7.8,False,False,False,False,False,Day
A-1037,2,2022-10-02 16:32:35,Miami,Miami-Dade,FL,25.72810677461902,-80.11051252875359,Fair,75.1,10.0,4.9,5.4,False,False,False,False,False,Day
A-1038,2,2022-01-29 17:21:25,Orlando,Orange,FL,28.497622434634533,-81.39092446156016,Overcast,67.8,55.1,10.0,4.1,False,False,False,False,True,Day
A-1039,2,2022-06-18 06:04:34,Los Angeles,Los Angeles,CA,34.02778361615999,-118.29786380737946,Clear,72.4,35.4,10.0,0.0,False,False,False,False,True,Day
A-1040,2,2022-06-02 17:50:50,Miami,Miami-Dade,FL,25.736029453777178,-80.20759704254229,Fair,88.0,66.3,10.0,6.1,False,False,False,False,False,Day
A-1041,2,2022-08-17 14:17:42,Charlotte,Mecklenburg,NC,35.23317365560861,-80.81167884248781,Fair,71.2,88.3,9.6,8.1,True,False,False,False,False,Day
A-1042,2,2022-01-09 06:55:37,Austin,Travis,TX,30.238123886064063,-97.74579284205923,Rain,64.5,65.5,7.8,9.4,False,False,False,False,False,Day
A-1043,2,2022-07-26 10:44:21,Miami,Miami-Dade,FL,25.660709556241496,-80.22070178374872,Clear,71.9,58.5,10.0,7.5,False,False,False,False,False,Day
A-1044,2,2022-04-28 06:34:22,Dallas,Dallas,TX,32.83596573382994,-96.76738376358973,Clear,77.2,49.6,10.0,4.2,False,True,False,False,False,Day
A-1045,2,2022-07-01 16:51:23,Seattle,King,WA,47.631521047238905,-122.29787631454151,Rain,88.2,54.4,7.4,5.0,False,False,False,False,True,Day
A-1046,2,2022-03-19 16:49:39,Dallas,Dallas,TX,32.784154092089246,-96.80569604062993,Clear,48.6,54.7,10.0,10.7,False,False,False,True,True,Day
A-1047,2,2022-08-16 06:12:39,Miami,Miami-Dade,FL,25.756991373022228,-80.20963791195922,Cloudy,40.4,60.3,9.3,0.2,False,False,False,False,False,Day
A-1048,3,2022-01-08 12:41:16,Los Angeles,Los Angeles,CA,34.03606470500658,-118.27098075455746,Cloudy,68.1,69.5,10.0,5.0,False,False,False,False,False,Day
A-1049,1,2022-05-20 17:54:49,Seattle,King,WA,47.56620166766258,-122.30817157170868,Fair,43.3,44.6,10.0,7.1,False,False,False,False,True,Day
A-1050,2,2022-09-24 19:34:27,Los Angeles,Los Angeles,CA,33.9583208317351,-118.3239115847476,Fair,61.3,82.9,7.7,5.4,False,True,False,False,False,Night
A-1051,2,2022-09-12 12:32:20,Seattle,King,WA,47.6875719484614,-122.37023178031882,Light Rain,92.2,55.7,8.7,0.9,False,True,False,False,True,Day
A-1052,1,2022-04-01 19:09:52,Charlotte,Mecklenburg,NC,35.22814468035748,-80.85120202295312,Clear,65.1,60.3,9.5,10.7,False,False,False,False,False,Night
A-1053,2,2022-03-26 13:05:50,Atlanta,Fulton,GA,33.668444612132,-84.42741148685117,Clear,65.2,85.7,9.2,11.7,False,False,False,False,False,Day
A-1054,2,2022-09-13 10:41:54,Austin,Travis,TX,30.215892324153984,-97.73040119205719,Fair,59.0,17.4,6.9,3.1,True,False,False,False,False,Day
A-1055,3,2022-09-06 17:52:18,Chicago,Cook,IL,41.893324025451186,-87.62163129325943,Fair,87.6,10.0,9.2,0.0,False,False,False,False,False,Day
A-1056,2,2022-09-15 12:10:09,Houston,Harris,TX,29.774626583317065,-95.24576672210688,Fair,71.3,67.8,8.4,15.0,False,False,False,False,False,Day
A-1057,2,2022-10-28 12:25:30,Austin,Travis,TX,30.22982464687679,-97.78116296205663,Rain,58.0,60.2,8.4,5.3,False,False,False,False,False,Day
A-1058,2,2022-02-05 12:20:17,Houston,Harris,TX,29.706506595353186,-95.37035719638028,Rain,87.2,89.7,5.9,3.1,False,False,False,False,False,Day
A-1059,2,2022-08-10 17:17:00,Charlotte,Mecklenburg,NC,35.198488942086286,-80.89094682723486,Clear,67.8,37.5,8.5,6.6,False,True,False,False,False,Day
A-1060,2,2022-01-28 17:07:01,Dallas,Dallas,TX,32.6802291736995,-96.7000098755066,Clear,58.8,69.7,10.0,8.3,False,False,False,False,False,Day
A-1061,3,2022-10-08 10:59:33,Seattle,King,WA,47.58241699547108,-122.24703899272284,Clear,33.7,52.8,9.9,4.5,False,False,False,False,True,Day
A-1062,3,2022-11-07 08:00:50,Chicago,Cook,IL,41.85484880574487,-87.70819599072617,Rain,67.1,79.0,8.4,7.5,False,False,False,False,False,Day
A-1063,3,2022-07-04 12:41:00,Austin,Travis,TX,30.34353234823965,-97.75132355896098,Fair,58.2,16.3,10.0,6.5,True,False,False,False,False,Day
A-1064,2,2022-05-07 14:19:53,Houston,Harris,TX,29.737865752443348,-95.36799835634524,Fair,60.3,54.7,10.0,4.2,True,False,False,False,False,Day
A-1065,3,2022-12-12 07:38:29,Houston,Harris,TX,29.773042412561548,-95.38680936018629,Overcast,59.4,74.6,7.6,0.5,True,False,False,False,False,Day
A-1066,2,2022-04-25 17:44:09,Orlando,Orange,FL,28.618214378024202,-81.40339396003536,Fair,37.5,44.1,10.0,12.3,False,False,False,False,False,Day
A-1067,3,2022-08-07 12:07:26,Miami,Miami-Dade,FL,25.708335579329866,-80.15325488055187,Clear,103.5,58.9,6.9,9.3,False,False,False,False,False,Day
A-1068,4,2022-05-04 08:13:45,Los Angeles,Los Angeles,CA,34.02096546838946,-118.15430650477244,Fair,54.6,61.0,8.2,3.9,False,False,False,False,False,Day
A-1069,1,2022-07-15 06:05:20,Houston,Harris,TX,29.73342979427805,-95.32944724326005,Cloudy,75.0,66.7,8.0,8.6,False,False,False,False,True,Day
A-1070,2,2022-09-21 07:32:18,Miami,Miami-Dade,FL,25.67797099840848,-80.14859256670519,Cloudy,61.7,38.2,10.0,3.5,False,False,False,False,False,Day
A-1071,2,2022-10-03 19:34:51,Miami,Miami-Dade,FL,25.748625048918132,-80.20954165741777,Cloudy,23.9,50.3,6.8,6.8,False,False,False,False,True,Night
A-1072,3,2022-07-25 08:42:36,Miami,Miami-Dade,FL,25.819869578136245,-80.14093307290143,Clear,62.8,69.9,10.0,9.4,False,False,False,False,True,Day
A-1073,2,2022-10-30 07:52:23,Los Angeles,Los Angeles,CA,34.09447771807281,-118.19299761045275,Clear,66.8,74.9,8.6,8.9,True,True,False,False,False,Day
A-1074,4,2022-10-08 11:56:09,Los Angeles,Los Angeles,CA,34.111313622532975,-118.26743192346717,Cloudy,56.8,63.4,9.3,5.4,False,True,False,False,False,Day
A-1075,2,2022-02-22 08:58:37,Chicago,Cook,IL,41.8464099301927,-87.64145444210091,Light Rain,86.8,53.1,10.0,10.3,False,False,False,False,True,Day
A-1076,2,2022-02-11 03:58:27,Houston,Harris,TX,29.70394090320597,-95.44856113016033,Clear,91.9,61.9,10.0,7.0,False,False,False,False,True,Night
A-1077,1,2022-09-26 08:00:33,Houston,Harris,TX,29.87320254353385,-95.43742905977714,Clear,69.3,76.9,10.0,4.9,False,False,False,False,False,Day
A-1078,3,2022-10-20 13:09:11,Orlando,Orange,FL,28.549038635924592,-81.40088664836557,Cloudy,71.3,64.0,10.0,13.7,False,False,False,False,False,Day
A-1079,2,2022-03-09 13:57:20,Miami,Miami-Dade,FL,25.681081264798454,-80.24528871984354,Fair,47.7,36.4,10.0,2.5,False,False,False,False,False,Day
A-1080,2,2022-08-19 09:00:02,Atlanta,Fulton,GA,33.87701977423498,-84.34777937572488,Clear,47.7,37.5,10.0,8.6,False,False,False,False,True,Day
A-1081,2,2022-11-10 11:57:48,Austin,Travis,TX,30.262701001933067,-97.75104851880621,Fair,55.2,60.7,9.2,12.7,False,False,False,False,False,Day
A-1082,2,2022-05-31 20:08:31,Los Angeles,Los Angeles,CA,33.904831686577985,-118.21707122497014,Fog,95.0,26.8,9.1,0.2,False,False,False,False,True,Night
A-1083,2,2022-03-15 09:20:06,Houston,Harris,TX,29.83312644344887,-95.43083899660878,Cloudy,56.8,75.8,10.0,13.5,True,False,False,False,True,Day
A-1084,2,2022-03-16 08:46:38,Seattle,King,WA,47.49068169558489,-122.26716187588677,Fair,84.8,41.4,9.6,13.8,True,False,False,False,False,Day
A-1085,3,2022-01-12 07:07:08,Atlanta,Fulton,GA,33.76342082356894,-84.3635216315726,Overcast,54.2,36.9,10.0,5.1,False,False,False,False,False,Day
A-1086,4,2022-09-22 11:06:46,Houston,Harris,TX,29.802522235041554,-95.34957678185579,Clear,50.6,93.8,10.0,8.2,False,False,False,False,False,Day
A-1087,2,2022-10-24 16:21:49,Dallas,Dallas,TX,32.810769689005504,-96.7496569613493,Fair,57.5,49.8,8.4,4.1,False,False,False,False,False,Day
A-1088,3,2022-08-17 07:32:06,Los Angeles,Los Angeles,CA,34.13000447434055,-118.2277614984426,Fair,57.1,65.7,7.3,3.7,False,True,False,False,False,Day
A-1089,4,2022-01-06 16:13:43,Chicago,Cook,IL,41.92895633960526,-87.68047036296369,Fair,54.1,72.0,10.0,2.5,False,False,False,False,False,Day
A-1090,2,2022-10-17 02:35:12,Miami,Miami-Dade,FL,25.854531802831755,-80.16045535902579,Rain,88.4,89.0,8.1,13.8,False,False,False,False,False,Night
A-1091,2,2022-09-19 10:51:24,Atlanta,Fulton,GA,33.74435063584879,-84.42737073914495,Clear,64.2,48.1,10.0,6.1,False,False,False,False,False,Day
A-1092,2,2022-11-29 16:37:49,Dallas,Dallas,TX,32.75601922472352,-96.78645550500264,Clear,62.0,63.5,4.2,1.5,False,False,False,False,True,Day
A-1093,2,2022-01-02 08:38:55,Dallas,Dallas,TX,32.759367371304414,-96.8356412876436,Rain,65.4,57.6,8.1,11.2,False,False,False,False,False,Day
A-1094,2,2022-08-15 14:55:47,Charlotte,Mecklenburg,NC,35.295782378585045,-80.75998917862329,Clear,78.7,100.0,9.7,9.7,False,False,False,True,False,Day
A-1095,3,2022-01-20 07:58:12,Miami,Miami-Dade,FL,25.729731060825884,-80.15831725233802,Fair,65.4,19.6,7.9,8.5,False,False,False,False,False,Day
A-1096,4,2022-04-19 16:54:00,Los Angeles,Los Angeles,CA,34.09457021042463,-118.19332787393803,Fair,69.6,56.8,10.0,4.4,False,True,False,False,False,Day
A-1097,1,2022-07-28 04:03:20,Miami,Miami-Dade,FL,25.71870475334113,-80.22976181471807,Fog,80.3,59.7,9.7,5.4,False,False,False,False,False,Night
A-1098,2,2022-06-08 17:50:52,Los Angeles,Los Angeles,CA,34.01010890984049,-118.22875456613546,Fair,49.0,57.8,7.9,15.3,False,False,False,False,False,Day
A-1099,2,2022-09-26 07:48:02,Austin,Travis,TX,30.326414229851625,-97.73358989498377,Fair,52.4,31.1,9.8,8.5,False,False,False,False,False,Day
A-1100,3,2022-03-28 17:22:32,Houston,Harris,TX,29.782233292508124,-95.36428391764261,Fair,66.6,22.9,6.4,4.9,False,True,False,False,True,Day
A-1101,2,2022-05-13 09:51:40,Los Angeles,Los Angeles,CA,33.94421791171608,-118.3405712688935,Fog,54.4,29.2,10.0,10.0,False,True,False,False,False,Day
A-1102,2,2022-11-09 16:56:57,Chicago,Cook,IL,41.83540924666441,-87.53158589388146,Overcast,61.5,77.2,10.0,10.4,False,False,False,True,True,Day
A-1103,2,2022-07-17 08:48:21,Seattle,King,WA,47.477657255248346,-122.33402321952516,Clear,48.5,59.7,9.0,14.3,False,False,False,False,False,Day
A-1104,2,2022-06-07 18:03:07,Atlanta,Fulton,GA,33.7302235870099,-84.3629095237523,Overcast,52.1,24.8,9.3,7.3,False,True,False,False,False,Day
A-1105,2,2022-10-23 06:36:30,Chicago,Cook,IL,41.86442870901937,-87.69553721785392,Light Rain,81.7,88.6,7.0,9.9,False,False,False,False,False,Day
A-1106,3,2022-02-08 07:44:25,Los Angeles,Los Angeles,CA,34.02849794297811,-118.17051240984787,Cloudy,59.5,99.3,7.7,9.1,False,True,False,False,True,Day
A-1107,2,2022-11-26 12:07:39,Houston,Harris,TX,29.820724630923564,-95.30083029393774,Cloudy,58.1,66.0,10.0,4.1,False,True,False,False,False,Day
A-1108,4,2022-07-22 05:39:16,Austin,Travis,TX,30.287852701589305,-97.70038113292644,Fair,52.6,68.5,9.0,1.5,False,False,False,False,False,Night
A-1109,2,2022-02-22 07:22:44,Orlando,Orange,FL,28.661592558941692,-81.36555758286435,Cloudy,51.7,61.8,10.0,9.5,False,False,False,False,True,Day
A-1110,2,2022-06-01 19:31:50,Los Angeles,Los Angeles,CA,34.078905940596925,-118.12692395531218,Cloudy,49.4,47.5,10.0,9.8,False,False,False,False,False,Night
A-1111,2,2022-07-16 21:48:30,Austin,Travis,TX,30.29482616164332,-97.69394507550945,Clear,45.6,23.4,7.0,0.0,False,True,False,False,False,Night
A-1112,4,2022-03-27 09:29:57,Miami,Miami-Dade,FL,25.77529970622707,-80.26010611050069,Clear,54.4,38.3,10.0,9.1,False,False,False,False,False,Day
A-1113,3,2022-10-05 18:50:50,Miami,Miami-Dade,FL,25.74824933355759,-80.18057566205299,Clear,63.3,58.9,6.4,6.7,False,False,False,False,False,Day
A-1114,1,2022-11-19 13:08:09,Charlotte,Mecklenburg,NC,35.19461755670102,-80.81391249281685,Light Rain,74.6,71.5,8.5,8.7,False,False,False,False,False,Day
A-1115,3,2022-12-13 08:46:25,Dallas,Dallas,TX,32.76495082589779,-96.79174746088671,Cloudy,63.7,55.4,9.6,5.1,False,True,False,False,False,Day
A-1116,2,2022-04-17 16:29:56,Dallas,Dallas,TX,32.76724608960676,-96.76834475419096,Fair,49.9,58.1,9.9,12.8,False,False,False,False,False,Day
A-1117,2,2022-04-25 15:14:24,Los Angeles,Los Angeles,CA,34.047489570825526,-118.17163833072938,Overcast,56.9,60.9,8.0,11.1,False,False,False,False,False,Day
A-1118,2,2022-02-26 22:00:55,Seattle,King,WA,47.637999357068274,-122.3415327284754,Cloudy,56.0,62.1,9.3,1.4,False,False,False,False,False,Night
A-1119,3,2022-03-28 08:47:07,Miami,Miami-Dade,FL,25.776703675233367,-80.21079514561627,Rain,55.1,48.3,10.0,3.1,True,False,False,False,False,Day
A-1120,2,2022-08-23 15:39:16,Los Angeles,Los Angeles,CA,34.026353586956894,-118.29797565113374,Clear,59.3,68.3,10.0,7.2,True,False,False,False,False,Day
A-1121,2,2022-10-23 04:40:11,Seattle,King,WA,47.569292796558045,-122.4253968112628,Fair,78.3,37.8,10.0,4.5,False,True,False,False,False,Night
A-1122,2,2022-12-13 06:35:52,Chicago,Cook,IL,41.88931391405454,-87.64541218988981,Cloudy,75.1,66.1,7.5,11.3,False,True,False,False,True,Day
A-1123,2,2022-10-02 00:24:28,Seattle,King,WA,47.55986304810998,-122.36596433483766,Clear,89.0,29.6,9.8,3.0,True,False,False,False,True,Night
A-1124,2,2022-12-14 23:59:03,Austin,Travis,TX,30.245855971616464,-97.75343154944012,Clear,51.6,36.1,10.0,11.3,False,False,False,False,False,Night
A-1125,1,2022-07-25 17:45:37,Dallas,Dallas,TX,32.75013272548075,-96.82626125911706,Fair,48.2,45.7,5.6,0.0,False,False,False,False,False,Day
A-1126,2,2022-09-11 16:16:01,Charlotte,Mecklenburg,NC,35.3484023391991,-80.89682160642938,Overcast,59.5,63.9,8.6,5.4,False,False,False,False,False,Day
A-1127,4,2022-02-24 12:09:06,Los Angeles,Los Angeles,CA,33.98849104921085,-118.2712243631996,Fair,82.5,64.7,10.0,12.6,False,False,False,False,False,Day
A-1128,2,2022-12-28 08:15:13,Houston,Harris,TX,29.720768162802635,-95.34414920346077,Fair,33.4,43.0,8.9,6.8,False,False,False,False,False,Day
A-1129,2,2022-02-26 06:24:40,Houston,Harris,TX,29.73262116165609,-95.39656253643057,Fair,66.7,31.6,7.9,7.1,False,False,False,False,False,Day
A-1130,2,2022-10-05 08:28:55,Miami,Miami-Dade,FL,25.73910160759034,-80.20123342671901,Clear,59.9,84.1,10.0,10.1,False,False,False,False,False,Day
A-1131,2,2022-10-05 09:00:38,Orlando,Orange,FL,28.588290449181454,-81.27446742734469,Rain,74.4,61.3,10.0,9.1,False,False,False,False,False,Day
A-1132,3,2022-04-12 16:50:39,Charlotte,Mecklenburg,NC,35.21438060464485,-80.78934146338581,Clear,71.3,57.3,9.6,6.6,False,True,False,False,False,Day
A-1133,2,2022-01-03 13:00:38,Los Angeles,Los Angeles,CA,33.98599014696294,-118.23230720197441,Fair,74.3,67.3,4.9,12.3,False,False,False,True,False,Day
A-1134,3,2022-09-13 05:29:31,Miami,Miami-Dade,FL,25.833245704049887,-80.17875065348399,Clear,72.4,40.9,10.0,7.5,False,False,False,False,False,Night
A-1135,3,2022-02-03 01:47:21,Orlando,Orange,FL,28.551481950042056,-81.41471553740631,Fair,107.0,81.4,6.6,9.2,False,False,False,False,False,Night
A-1136,3,2022-09-12 06:53:45,Los Angeles,Los Angeles,CA,34.07322617806418,-118.26469571611577,Rain,91.8,71.5,6.8,10.8,False,False,True,False,True,Day
A-1137,2,2022-10-05 10:22:54,Seattle,King,WA,47.63874184184429,-122.34596437923769,Thunderstorm,77.4,54.3,9.7,0.0,False,False,False,False,False,Day
A-1138,1,2022-07-08 19:24:11,Charlotte,Mecklenburg,NC,35.16549793666196,-80.8378496392554,Fair,57.7,58.8,9.7,4.1,True,False,False,False,True,Night
A-1139,2,2022-08-23 15:14:09,Charlotte,Mecklenburg,NC,35.22675595334997,-80.8453058003836,Clear,59.4,55.2,7.9,4.6,False,False,False,False,True,Day
A-1140,3,2022-07-06 17:51:51,Dallas,Dallas,TX,32.817762389713835,-96.85342226279523,Clear,82.2,86.7,10.0,9.6,False,False,False,False,False,Day
A-1141,2,2022-12-12 11:11:00,Austin,Travis,TX,30.235186514733176,-97.71329789214386,Clear,82.8,68.6,9.1,14.0,False,True,False,False,False,Day
A-1142,2,2022-10-27 09:17:46,Miami,Miami-Dade,FL,25.77703303200595,-80.22047465781364,Cloudy,52.2,70.8,6.1,0.0,False,False,False,False,True,Day
A-1143,2,2022-08-15 06:48:07,Orlando,Orange,FL,28.5654759274682,-81.28308270811667,Fair,35.0,61.4,7.2,5.3,False,True,False,False,True,Day
A-1144,2,2022-08-13 17:21:25,Charlotte,Mecklenburg,NC,35.154102195767614,-80.7806184842915,Overcast,37.5,60.0,8.6,11.4,True,True,False,False,True,Day
A-1145,3,2022-09-01 16:08:20,Miami,Miami-Dade,FL,25.710077670511197,-80.2748776304221,Cloudy,82.6,97.6,9.2,0.0,False,False,False,False,True,Day
A-1146,2,2022-06-24 07:51:42,Seattle,King,WA,47.491961168212676,-122.34476049241033,Clear,85.4,52.7,8.1,8.5,False,False,False,False,False,Day
A-1147,1,2022-05-30 12:32:06,Austin,Travis,TX,30.278536690092558,-97.66268584207015,Overcast,65.3,64.4,5.4,8.8,False,False,False,False,False,Day
A-1148,2,2022-01-28 12:08:10,Dallas,Dallas,TX,32.870948485620765,-96.76386493643346,Light Rain,69.9,100.0,7.7,9.2,False,False,False,False,False,Day
A-1149,2,2022-04-26 15:47:50,Seattle,King,WA,47.57159084497419,-122.32764633108602,Fair,91.7,86.5,10.0,2.5,False,False,False,True,False,Day
A-1150,3,2022-06-15 19:14:34,Seattle,King,WA,47.59656562728928,-122.44836162619738,Rain,95.2,67.6,9.3,6.8,False,False,False,False,True,Night
A-1151,3,2022-03-05 14:53:27,Orlando,Orange,FL,28.588966172745984,-81.39007836249003,Overcast,75.2,29.8,10.0,2.2,False,False,False,False,False,Day
A-1152,2,2022-11-26 13:03:09,Seattle,King,WA,47.61949378227658,-122.32158188576255,Fair,64.7,100.0,10.0,11.4,True,False,False,False,False,Day
A-1153,2,2022-06-10 04:56:29,Orlando,Orange,FL,28.48961549102791,-81.48199861943463,Rain,58.5,55.2,5.7,2.7,False,False,False,False,True,Night
A-1154,2,2022-01-05 05:48:42,Orlando,Orange,FL,28.614615379345025,-81.34853115969835,Cloudy,60.8,61.7,7.8,7.1,False,False,False,False,False,Night
A-1155,4,2022-06-29 07:57:52,Dallas,Dallas,TX,32.786566212111694,-96.83209222636857,Fair,53.4,80.6,10.0,15.4,False,False,False,False,False,Day
A-1156,3,2022-10-30 03:41:41,Austin,Travis,TX,30.255589218367763,-97.72803514608466,Fair,74.8,55.9,10.0,11.5,False,False,False,False,False,Night
A-1157,3,2022-06-14 16:25:14,Los Angeles,Los Angeles,CA,34.044727871112954,-118.23710869122594,Light Rain,63.0,64.3,10.0,0.0,False,True,False,False,False,Day
A-1158,2,2022-12-19 16:26:17,Seattle,King,WA,47.6357434445239,-122.34487138264909,Clear,52.7,61.3,10.0,5.8,False,True,False,False,False,Day
A-1159,3,2022-06-14 06:18:11,Seattle,King,WA,47.57553067478933,-122.29252155658611,Fair,81.9,52.7,10.0,7.3,False,False,False,False,False,Day
A-1160,3,2022-06-13 17:04:23,Los Angeles,Los Angeles,CA,34.13078103952441,-118.22963563278797,Fair,73.3,67.0,5.6,6.2,False,False,False,False,False,Day
A-1161,2,2022-07-24 06:29:14,Austin,Travis,TX,30.330131667025157,-97.60730512734773,Fair,68.9,47.3,8.3,8.6,False,False,False,False,False,Day
A-1162,2,2022-07-08 08:58:37,Los Angeles,Los Angeles,CA,34.05262398887182,-118.15480430347719,Cloudy,62.6,37.3,10.0,9.5,False,True,False,False,False,Day
A-1163,4,2022-10-01 07:33:26,Miami,Miami-Dade,FL,25.76478046931887,-80.24242234989933,Fair,71.9,70.8,10.0,14.3,False,True,False,False,True,Day
A-1164,2,2022-08-05 09:40:31,Orlando,Orange,FL,28.49599791401353,-81.3198591988289,Clear,59.8,85.0,10.0,5.1,True,False,False,False,False,Day
A-1165,2,2022-09-03 07:52:57,Los Angeles,Los Angeles,CA,34.02033302993114,-118.28053161010999,Light Rain,106.5,45.1,10.0,10.0,False,False,False,False,True,Day
A-1166,2,2022-12-13 12:21:41,Austin,Travis,TX,30.21043018295869,-97.80181559182476,Cloudy,99.2,49.5,10.0,6.3,False,False,False,False,False,Day
A-1167,2,2022-03-22 10:45:29,Seattle,King,WA,47.595996273360555,-122.40590613024563,Light Rain,52.7,60.1,8.2,13.3,False,False,False,False,False,Day
A-1168,2,2022-06-25 22:36:15,Charlotte,Mecklenburg,NC,35.2302171759978,-80.86100779629862,Clear,61.1,60.1,10.0,8.6,False,False,False,False,False,Night
A-1169,2,2022-09-17 04:04:02,Los Angeles,Los Angeles,CA,33.97269611299378,-118.19340640156292,Cloudy,51.5,20.6,10.0,7.2,False,False,False,False,False,Night
A-1170,3,2022-03-06 06:09:04,Miami,Miami-Dade,FL,25.79614559108985,-80.1838819923883,Cloudy,36.9,51.5,10.0,6.0,False,False,True,False,True,Day
A-1171,3,2022-12-11 04:24:07,Dallas,Dallas,TX,32.73315586395665,-96.77157705819258,Fair,90.6,95.9,9.9,3.5,True,False,False,False,False,Night
A-1172,3,2022-05-07 15:20:01,Chicago,Cook,IL,41.898690586186405,-87.79115359921335,Overcast,62.8,87.9,10.0,10.5,False,False,False,False,False,Day
A-1173,2,2022-03-20 04:31:07,Dallas,Dallas,TX,32.81706251010701,-96.80845084137191,Clear,48.6,94.1,9.6,3.7,True,False,False,False,True,Night
A-1174,2,2022-05-11 17:29:18,Miami,Miami-Dade,FL,25.827052695390172,-80.24442437275584,Fair,39.0,72.4,9.6,0.0,False,True,False,False,False,Day
A-1175,1,2022-07-17 12:22:17,Dallas,Dallas,TX,32.83155267112375,-96.87599904619971,Cloudy,68.3,49.4,8.7,3.2,False,False,False,False,False,Day
A-1176,2,2022-09-01 13:22:32,Charlotte,Mecklenburg,NC,35.30993212032183,-80.90329292106965,Fair,70.4,65.1,6.4,7.6,False,True,False,False,False,Day
A-1177,2,2022-06-27 13:17:53,Austin,Travis,TX,30.307974466614983,-97.73955374846486,Cloudy,71.2,72.0,10.0,2.1,False,False,False,False,False,Day
A-1178,3,2022-12-04 07:32:06,Los Angeles,Los Angeles,CA,34.0605862024819,-118.21081195457278,Clear,81.1,53.4,8.9,3.8,False,False,False,False,False,Day
A-1179,2,2022-01-15 07:00:55,Austin,Travis,TX,30.243566305103002,-97.78861988418096,Cloudy,78.4,25.5,9.4,0.0,False,False,False,False,False,Day
A-1180,1,2022-12-17 08:38:18,Charlotte,Mecklenburg,NC,35.22112810586815,-80.81364569625127,Clear,45.7,78.1,10.0,3.7,False,False,False,False,True,Day
A-1181,2,2022-02-21 14:00:32,Chicago,Cook,IL,41.95957309243326,-87.58897938011715,Fair,48.7,51.0,8.0,13.8,False,False,False,False,False,Day
A-1182,2,2022-03-08 07:49:55,Miami,Miami-Dade,FL,25.751807936311568,-80.17531908828009,Clear,79.6,72.5,10.0,4.5,False,False,False,False,False,Day
A-1183,4,2022-03-23 06:31:58,Dallas,Dallas,TX,32.776442773613084,-96.83991290612316,Fair,55.7,28.4,8.8,6.6,False,False,False,False,True,Day
A-1184,4,2022-05-18 20:36:40,Atlanta,Fulton,GA,33.82281115022474,-84.41286704538012,Cloudy,43.0,47.2,8.9,16.0,False,False,False,False,False,Night
A-1185,2,2022-02-10 02:49:54,Los Angeles,Los Angeles,CA,34.040533893698175,-118.22731124150472,Light Rain,44.4,67.8,2.8,8.3,False,False,False,False,False,Night
A-1186,2,2022-06-26 17:32:18,Atlanta,Fulton,GA,33.709259732725705,-84.42378435207144,Fair,79.1,72.6,9.5,8.2,True,False,False,False,True,Day
A-1187,2,2022-11-03 16:56:41,Orlando,Orange,FL,28.594959270703626,-81.34686791716334,Clear,78.8,75.0,7.3,3.2,False,False,False,False,False,Day
A-1188,3,2022-12-30 08:51:01,Los Angeles,Los Angeles,CA,34.010824566373785,-118.29909973773452,Fair,66.9,58.6,8.4,7.9,False,True,False,False,False,Day
A-1189,1,2022-05-20 06:09:40,Miami,Miami-Dade,FL,25.781890869692393,-80.1727524555394,Cloudy,50.9,63.9,7.6,13.9,False,False,False,False,False,Day
A-1190,2,2022-11-16 06:07:25,Orlando,Orange,FL,28.54974146795895,-81.33385303401501,Clear,64.1,67.8,7.7,2.2,False,False,False,False,False,Day
A-1191,2,2022-11-04 16:10:40,Los Angeles,Los Angeles,CA,34.06798697817854,-118.2341267948886,Fair,62.6,66.4,8.7,6.3,False,False,False,False,False,Day
A-1192,2,2022-04-17 15:19:08,Dallas,Dallas,TX,32.655712179188185,-96.84652428996237,Fair,58.4,71.4,10.0,2.3,False,False,False,False,False,Day
A-1193,2,2022-03-14 16:59:14,Miami,Miami-Dade,FL,25.80072333943234,-80.27332170631637,Clear,75.3,37.0,10.0,13.5,False,False,False,False,False,Day
A-1194,2,2022-09-23 19:23:32,Dallas,Dallas,TX,32.77372525167598,-96.85236374274822,Clear,57.8,97.3,9.5,2.3,False,False,False,False,False,Night
A-1195,2,2022-07-21 15:44:39,Los Angeles,Los Angeles,CA,34.08301414561636,-118.21933045733024,Clear,73.1,56.3,8.2,4.2,False,False,False,False,False,Day
A-1196,2,2022-02-21 06:20:04,Seattle,King,WA,47.63123966756135,-122.34239802812445,Fair,70.0,58.1,8.5,2.4,False,False,False,False,False,Day
A-1197,4,2022-12-04 07:20:03,Chicago,Cook,IL,41.89389655039147,-87.65982613669902,Clear,43.4,54.2,10.0,1.5,False,False,False,False,False,Day
A-1198,2,2022-10-26 17:30:25,Chicago,Cook,IL,41.858241006128274,-87.60991323781671,Fair,94.9,64.6,10.0,7.4,True,True,True,False,True,Day
A-1199,2,2022-02-20 07:51:34,Orlando,Orange,FL,28.518992898813075,-81.4784980715845,Clear,73.7,31.2,6.6,5.6,False,False,False,False,False,Day
A-1200,4,2022-07-26 05:20:15,Los Angeles,Los Angeles,CA,34.049485314123906,-118.25680732698603,Fair,41.1,50.3,7.7,8.4,True,True,False,True,False,Night
A-1201,3,2022-03-26 16:56:59,Austin,Travis,TX,30.27577365952238,-97.79843636290865,Clear,43.4,21.8,9.2,9.5,False,False,False,False,True,Day
A-1202,2,2022-04-12 10:05:01,Los Angeles,Los Angeles,CA,34.03099997548659,-118.31122664983212,Cloudy,88.8,50.6,8.7,0.3,False,False,False,False,False,Day
A-1203,2,2022-07-20 18:55:48,Los Angeles,Los Angeles,CA,34.099346820387865,-118.26942902299203,Light Rain,67.7,63.2,7.9,8.2,False,False,False,False,False,Day
A-1204,2,2022-04-21 15:00:00,Miami,Miami-Dade,FL,25.7453078479475,-80.06819142743187,Cloudy,73.4,71.4,8.7,3.3,False,False,False,False,False,Day
A-1205,3,2022-01-23 05:35:19,Charlotte,Mecklenburg,NC,35.17810743806167,-80.81149276457813,Fair,70.8,58.8,9.6,7.6,False,True,False,False,False,Night
A-1206,4,2022-09-06 19:00:25,Austin,Travis,TX,30.296961777299153,-97.79962992816102,Cloudy,81.3,65.7,9.8,8.3,False,False,False,False,True,Night
A-1207,2,2022-08-20 08:48:24,Orlando,Orange,FL,28.632358175366857,-81.31865409763425,Clear,82.0,26.3,9.1,6.0,True,False,False,False,False,Day
A-1208,2,2022-04-25 08:11:46,Houston,Harris,TX,29.70202239523915,-95.43513346154882,Clear,51.8,63.1,10.0,12.3,False,False,False,False,False,Day
A-1209,2,2022-03-20 10:16:04,Miami,Miami-Dade,FL,25.755434205427733,-80.11593480108722,Clear,72.5,85.1,9.9,1.3,False,False,False,False,False,Day
A-1210,2,2022-04-28 04:33:47,Chicago,Cook,IL,41.93129501366648,-87.67387636543761,Clear,43.9,69.3,7.0,2.5,False,False,False,False,False,Night
A-1211,2,2022-04-09 12:16:34,Houston,Harris,TX,29.788891918782248,-95.36432318425173,Clear,48.7,45.1,8.4,8.0,False,False,False,False,False,Day
A-1212,2,2022-09-27 06:49:49,Houston,Harris,TX,29.791462019606616,-95.26551857056322,Fair,60.4,63.4,8.8,15.4,True,False,False,False,False,Day
A-1213,1,2022-11-14 10:59:18,Los Angeles,Los Angeles,CA,34.05372424023371,-118.26121858028154,Clear,39.5,87.3,8.7,3.2,False,False,False,False,False,Day
A-1214,2,2022-04-27 09:41:04,Austin,Travis,TX,30.13429988072152,-97.65121281923498,Rain,53.3,71.4,7.5,6.7,False,True,False,False,False,Day
A-1215,2,2022-12-25 16:42:38,Orlando,Orange,FL,28.551192619145912,-81.38280679380881,Light Rain,32.4,71.9,7.9,11.8,False,True,False,False,False,Day
A-1216,2,2022-10-08 17:51:11,Miami,Miami-Dade,FL,25.780374132514858,-80.19615526026793,Fog,64.7,44.3,10.0,10.7,False,False,False,False,False,Day
A-1217,2,2022-02-17 06:11:17,Los Angeles,Los Angeles,CA,34.10849196508646,-118.28800383409789,Clear,89.6,52.8,7.1,9.5,False,True,True,False,False,Day
A-1218,2,2022-09-05 09:47:42,Orlando,Orange,FL,28.500751615109838,-81.30857927343908,Light Rain,65.5,58.6,8.4,4.1,False,True,False,False,True,Day
A-1219,3,2022-02-01 09:32:48,Dallas,Dallas,TX,32.86084097862122,-96.82178034536665,Overcast,65.5,96.1,10.0,6.9,False,False,False,False,False,Day
A-1220,2,2022-01-30 06:56:28,Miami,Miami-Dade,FL,25.746177706737953,-80.0965421469912,Rain,59.6,41.7,8.9,7.1,False,False,False,False,True,Day
A-1221,3,2022-03-06 17:24:23,Chicago,Cook,IL,41.85396813144328,-87.66118878505668,Fair,79.7,65.2,10.0,11.2,False,False,False,False,False,Day
A-1222,2,2022-09-23 16:58:37,Los Angeles,Los Angeles,CA,34.01616168767257,-118.2664650205015,Overcast,64.2,73.5,10.0,6.5,False,False,False,False,False,Day
A-1223,3,2022-08-30 07:59:32,Houston,Harris,TX,29.812716430784814,-95.31960226583045,Clear,48.5,74.8,4.7,12.4,False,False,False,False,False,Day
A-1224,3,2022-11-25 09:57:10,Atlanta,Fulton,GA,33.69420037827911,-84.39342386592139,Clear,67.5,55.0,6.9,6.8,False,False,False,False,False,Day
A-1225,2,2022-11-28 06:23:06,Houston,Harris,TX,29.791996320614757,-95.35537867824013,Clear,88.3,53.5,9.2,7.6,False,False,False,False,True,Day
A-1226,2,2022-03-10 15:20:19,Dallas,Dallas,TX,32.73632170926364,-96.86245006943685,Rain,43.6,98.6,8.4,6.5,False,False,False,False,True,Day
A-1227,2,2022-10-15 06:09:24,Houston,Harris,TX,29.758192095260437,-95.36428981753268,Clear,50.9,54.6,10.0,6.3,False,False,False,False,False,Day
A-1228,4,2022-04-14 22:35:47,Miami,Miami-Dade,FL,25.68546729717544,-80.17324663341653,Clear,63.4,51.6,10.0,6.7,True,False,False,True,False,Night
A-1229,2,2022-10-21 16:43:39,Chicago,Cook,IL,41.91736883546901,-87.54358522762833,Rain,59.7,78.6,6.0,7.1,False,False,False,False,False,Day
A-1230,2,2022-12-18 09:05:36,Houston,Harris,TX,29.75289798637951,-95.39372131999474,Clear,71.3,62.6,10.0,0.5,False,False,True,False,True,Day
A-1231,2,2022-09-16 14:11:57,Atlanta,Fulton,GA,33.77687151437357,-84.37112504933656,Light Rain,50.3,34.0,10.0,5.9,False,True,False,False,False,Day
A-1232,3,2022-04-05 18:30:15,Miami,Miami-Dade,FL,25.752754050210658,-80.13128894842414,Overcast,57.1,79.6,6.3,13.8,False,True,False,False,True,Day
A-1233,2,2022-05-21 13:25:27,Miami,Miami-Dade,FL,25.788087395469574,-80.18966877977888,Clear,65.8,52.0,8.3,0.0,False,False,False,False,False,Day
A-1234,2,2022-12-23 07:11:36,Los Angeles,Los Angeles,CA,34.04989452365261,-118.18939149463444,Clear,66.3,51.8,8.4,6.0,False,False,False,False,False,Day
A-1235,2,2022-04-14 09:49:19,Dallas,Dallas,TX,32.81373195244292,-96.67208633103554,Fair,104.1,100.0,10.0,4.8,False,False,False,False,False,Day
A-1236,2,2022-05-27 17:35:14,Houston,Harris,TX,29.787089307046003,-95.36832072866355,Thunderstorm,76.7,55.3,10.0,8.3,False,False,False,False,False,Day
A-1237,2,2022-07-08 15:21:43,Seattle,King,WA,47.61601211894693,-122.26591849157225,Light Rain,41.9,61.3,8.1,9.0,False,False,False,False,False,Day
A-1238,2,2022-02-20 15:49:31,Charlotte,Mecklenburg,NC,35.18209268094031,-80.81735789035633,Clear,49.8,78.3,8.1,7.6,False,False,False,False,False,Day
A-1239,3,2022-08-15 17:19:35,Chicago,Cook,IL,41.856230455557416,-87.58692768059117,Fair,44.6,41.4,10.0,0.0,False,False,False,False,True,Day
A-1240,3,2022-07-06 18:32:14,Los Angeles,Los Angeles,CA,34.013589371233074,-118.20844937143767,Fair,89.2,71.2,8.6,0.0,False,False,False,False,False,Day
A-1241,3,2022-01-03 18:49:45,Seattle,King,WA,47.67763473082366,-122.27877503426451,Cloudy,49.0,78.5,9.5,0.0,False,False,False,False,True,Day
A-1242,2,2022-02-18 05:28:46,Austin,Travis,TX,30.306217942459803,-97.69308544647399,Clear,73.8,86.5,10.0,6.5,False,True,False,False,False,Night
A-1243,3,2022-06-04 13:58:55,Austin,Travis,TX,30.26908741295994,-97.74661345170882,Clear,72.3,73.2,10.0,0.4,False,False,False,False,False,Day
A-1244,2,2022-07-29 16:21:34,Seattle,King,WA,47.57809251354504,-122.35989885631082,Cloudy,43.0,37.9,9.6,0.0,False,False,False,False,False,Day
A-1245,2,2022-03-10 16:06:05,Austin,Travis,TX,30.22771143727925,-97.72183122093718,Fair,58.7,68.7,6.4,3.3,True,False,False,False,False,Day
A-1246,4,2022-01-12 14:53:00,Dallas,Dallas,TX,32.782823758052416,-96.86965473022809,Clear,61.0,33.1,10.0,4.3,False,True,False,False,False,Day
A-1247,3,2022-05-22 07:19:22,Los Angeles,Los Angeles,CA,34.14436047935313,-118.21276889129508,Overcast,41.3,84.6,10.0,6.7,False,False,False,False,False,Day
A-1248,2,2022-07-18 17:29:58,Los Angeles,Los Angeles,CA,34.05249652490489,-118.20640607492268,Fair,91.8,81.5,10.0,7.0,False,False,True,False,False,Day
A-1249,3,2022-10-17 16:30:17,Atlanta,Fulton,GA,33.809096012649945,-84.39694290519705,Fair,67.6,64.5,6.3,7.2,False,True,False,False,False,Day
A-1250,4,2022-05-14 05:14:53,Dallas,Dallas,TX,32.79048317283672,-96.79479097531753,Cloudy,88.9,63.7,10.0,10.3,False,False,False,False,False,Night
A-1251,2,2022-06-07 11:07:14,Austin,Travis,TX,30.29532870851824,-97.69750704275717,Fair,98.1,59.8,7.6,5.8,False,False,False,False,False,Day
A-1252,2,2022-08-11 07:21:17,Charlotte,Mecklenburg,NC,35.20330413466699,-80.80574264375785,Cloudy,67.4,59.5,4.2,10.0,True,False,False,False,False,Day
A-1253,3,2022-06-02 08:01:35,Los Angeles,Los Angeles,CA,34.042346624869474,-118.19736054224906,Light Rain,70.6,79.4,8.7,5.6,False,False,False,False,False,Day
A-1254,2,2022-05-04 01:02:55,Los Angeles,Los Angeles,CA,34.010659704757565,-118.20484985187414,Cloudy,53.2,53.8,6.7,5.4,False,False,False,False,False,Night
A-1255,2,2022-06-02 10:34:25,Orlando,Orange,FL,28.553529183654007,-81.37388482751632,Cloudy,85.0,100.0,9.0,4.7,False,False,False,False,False,Day
A-1256,3,2022-05-27 13:04:01,Houston,Harris,TX,29.748228862372304,-95.37054369147455,Cloudy,64.3,63.5,6.5,6.9,False,False,False,False,False,Day
A-1257,2,2022-01-31 15:33:33,Miami,Miami-Dade,FL,25.779694278328304,-80.17068360999885,Fair,58.6,84.8,8.6,9.6,False,False,True,False,False,Day
A-1258,2,2022-02-24 15:49:24,Charlotte,Mecklenburg,NC,35.17783950606896,-80.77042534647872,Clear,53.5,26.9,5.8,9.6,False,False,False,False,False,Day
A-1259,2,2022-01-15 17:24:52,Los Angeles,Los Angeles,CA,34.0749863807248,-118.23048628842591,Clear,66.1,48.5,7.6,9.4,False,False,False,False,False,Day
A-1260,2,2022-05-08 07:42:42,Dallas,Dallas,TX,32.78514514462145,-96.73174207145006,Cloudy,74.3,78.3,9.7,8.2,False,False,False,False,False,Day
A-1261,4,2022-12-05 06:38:11,Miami,Miami-Dade,FL,25.76854348089709,-80.29343746774161,Fair,68.1,66.5,10.0,2.4,False,True,False,False,False,Day
A-1262,2,2022-04-09 17:01:53,Austin,Travis,TX,30.28666878999374,-97.72701940157509,Fair,71.9,60.6,8.4,18.0,False,False,False,False,False,Day
A-1263,2,2022-11-17 06:54:29,Miami,Miami-Dade,FL,25.74981995587982,-80.18766777300672,Overcast,61.8,81.2,9.0,1.7,False,True,False,False,True,Day
A-1264,4,2022-10-23 21:37:44,Houston,Harris,TX,29.95073586830598,-95.45309036979705,Clear,72.6,100.0,10.0,7.5,False,True,False,False,False,Night
A-1265,3,2022-04-14 17:41:23,Los Angeles,Los Angeles,CA,34.07562228664394,-118.31946019344869,Cloudy,72.1,36.9,9.8,19.0,False,False,False,False,True,Day
A-1266,2,2022-01-16 12:29:36,Los Angeles,Los Angeles,CA,34.057455598856016,-118.22063396875565,Fair,83.2,80.0,9.9,10.5,False,False,False,False,False,Day
A-1267,3,2022-04-06 22:58:52,Houston,Harris,TX,29.797498710141593,-95.36444351073469,Fair,77.1,51.2,10.0,4.2,False,False,False,False,False,Night
A-1268,2,2022-10-25 06:10:13,Charlotte,Mecklenburg,NC,35.20103701536751,-80.80357667084178,Clear,67.3,77.1,8.2,11.9,False,False,False,False,True,Day
A-1269,2,2022-10-20 08:15:49,Dallas,Dallas,TX,32.748981466690864,-96.92684031021918,Clear,71.2,50.9,7.4,7.8,True,False,False,False,False,Day
A-1270,2,2022-06-17 15:46:13,Miami,Miami-Dade,FL,25.801718434014617,-80.13832931176341,Clear,47.7,70.6,9.6,3.7,True,False,False,False,False,Day
A-1271,2,2022-09-06 09:58:04,Orlando,Orange,FL,28.582757151378367,-81.32536027540172,Fair,84.2,72.4,4.3,7.9,False,False,False,False,True,Day
A-1272,2,2022-10-09 19:30:44,Seattle,King,WA,47.6657875562779,-122.40126297427615,Fair,61.3,46.1,4.9,5.5,False,False,False,False,False,Night
A-1273,2,2022-10-22 05:43:30,Austin,Travis,TX,30.195941546931078,-97.67270022372776,Cloudy,63.1,50.5,10.0,6.1,False,False,False,False,False,Night
A-1274,2,2022-09-18 13:29:20,Los Angeles,Los Angeles,CA,34.04588054731918,-118.15417955132415,Fair,57.8,56.2,10.0,7.2,False,False,False,False,False,Day
A-1275,1,2022-07-13 14:54:40,Charlotte,Mecklenburg,NC,35.24358154140977,-80.90978231783012,Overcast,51.7,27.5,7.6,9.8,False,False,False,False,False,Day
A-1276,2,2022-04-25 15:04:40,Los Angeles,Los Angeles,CA,34.08821572125872,-118.23831781664319,Cloudy,52.7,69.1,6.5,10.6,False,False,False,False,False,Day
A-1277,2,2022-04-24 07:09:26,Miami,Miami-Dade,FL,25.788029148958152,-80.18189057028579,Clear,48.8,89.5,10.0,4.1,False,False,False,False,False,Day
A-1278,2,2022-09-22 09:29:12,Chicago,Cook,IL,41.83554611911621,-87.71968199036183,Clear,61.4,34.8,10.0,8.4,False,False,False,False,True,Day
A-1279,2,2022-01-29 17:52:39,Los Angeles,Los Angeles,CA,34.07793784488819,-118.26020198915067,Clear,77.5,73.2,7.2,5.9,False,False,False,False,True,Day
A-1280,2,2022-10-26 07:44:14,Charlotte,Mecklenburg,NC,35.24316177379472,-80.77289482823976,Heavy Rain,64.7,66.9,8.7,10.1,False,False,False,False,False,Day
A-1281,2,2022-05-17 17:19:44,Dallas,Dallas,TX,32.79262576443903,-96.83999872077771,Light Rain,75.0,46.2,5.4,2.9,False,False,False,False,False,Day
A-1282,2,2022-11-03 14:58:04,Orlando,Orange,FL,28.48347791780295,-81.28776689359853,Clear,72.2,100.0,8.1,6.9,False,False,False,False,True,Day
A-1283,2,2022-05-08 16:53:59,Charlotte,Mecklenburg,NC,35.180376716508235,-80.82467259471244,Fair,58.3,83.0,8.5,0.0,False,True,False,False,False,Day
A-1284,3,2022-09-04 16:05:29,Los Angeles,Los Angeles,CA,34.14281153311062,-118.28326878460071,Fog,83.6,84.8,9.3,9.8,False,False,False,False,False,Day
A-1285,4,2022-09-26 07:12:28,Miami,Miami-Dade,FL,25.811005627071825,-80.18954390163083,Cloudy,80.0,60.8,10.0,14.2,True,False,False,False,False,Day
A-1286,3,2022-11-26 14:19:54,Charlotte,Mecklenburg,NC,35.223951497486134,-80.91627298290904,Fair,77.3,29.8,6.6,13.2,False,False,False,False,False,Day
A-1287,2,2022-03-24 17:08:20,Los Angeles,Los Angeles,CA,34.04990559246286,-118.22228825259918,Clear,71.2,63.4,10.0,10.4,False,True,False,False,True,Day
A-1288,2,2022-03-21 11:19:14,Houston,Harris,TX,29.871541595742567,-95.37941304061128,Clear,59.9,57.5,7.8,9.3,True,False,False,False,True,Day
A-1289,2,2022-03-28 20:53:41,Los Angeles,Los Angeles,CA,34.05446667588309,-118.26501044501296,Cloudy,59.9,80.4,7.6,15.3,False,False,False,True,False,Night
A-1290,4,2022-01-17 11:36:40,Los Angeles,Los Angeles,CA,34.04636049543835,-118.31600513640093,Overcast,64.6,48.2,10.0,4.8,True,False,False,False,True,Day
A-1291,2,2022-05-24 06:10:26,Houston,Harris,TX,29.72072956744836,-95.37384627804792,Fair,85.7,86.7,7.6,6.0,False,False,False,False,False,Day
A-1292,2,2022-12-31 09:22:52,Los Angeles,Los Angeles,CA,34.04051679010973,-118.23344353496323,Clear,81.8,47.6,7.2,12.7,False,False,True,False,False,Day
A-1293,2,2022-10-11 19:13:51,Charlotte,Mecklenburg,NC,35.1429578152408,-80.91161687320002,Rain,43.4,74.1,10.0,6.4,False,False,False,False,False,Night
A-1294,3,2022-01-12 08:57:53,Orlando,Orange,FL,28.564339649922502,-81.325143626294,Light Rain,68.9,45.1,9.9,3.3,False,True,False,False,True,Day
A-1295,2,2022-10-24 17:48:14,Austin,Travis,TX,30.33016294984215,-97.72920416020405,Clear,27.7,59.2,7.9,0.9,False,False,False,False,False,Day
A-1296,2,2022-03-02 18:13:13,Miami,Miami-Dade,FL,25.82521990753186,-80.23421564481554,Clear,58.4,33.3,10.0,3.6,False,False,False,False,False,Day
A-1297,3,2022-03-03 09:48:07,Los Angeles,Los Angeles,CA,34.0170770733838,-118.24847127037958,Fair,54.8,61.5,8.0,14.0,False,False,False,False,True,Day
A-1298,2,2022-10-26 05:07:18,Los Angeles,Los Angeles,CA,33.93746560591828,-118.20185357823934,Clear,73.3,39.8,5.8,6.6,False,False,False,False,False,Night
A-1299,2,2022-12-20 16:30:28,Dallas,Dallas,TX,32.79366373557522,-96.72851794973086,Clear,48.7,71.1,6.7,4.0,False,True,False,False,False,Day
A-1300,2,2022-07-04 08:44:12,Orlando,Orange,FL,28.60423531748575,-81.29985239445601,Clear,42.1,73.9,6.6,6.6,False,False,False,False,False,Day
A-1301,2,2022-02-19 16:55:18,Los Angeles,Los Angeles,CA,33.971993052889616,-118.15368857309349,Heavy Rain,57.5,59.8,8.2,8.3,False,False,False,False,False,Day
A-1302,2,2022-09-21 11:36:47,Atlanta,Fulton,GA,33.73031976810452,-84.45451976165441,Light Rain,64.9,46.9,10.0,0.0,False,False,False,False,False,Day
A-1303,2,2022-07-22 12:27:31,Los Angeles,Los Angeles,CA,34.07007073101462,-118.27920121233521,Clear,38.9,68.1,5.4,3.4,True,False,True,False,True,Day
A-1304,2,2022-02-20 16:53:02,Charlotte,Mecklenburg,NC,35.18504690729986,-80.91315865029195,Light Rain,82.1,79.0,10.0,1.0,False,True,False,False,False,Day
A-1305,3,2022-09-24 09:31:04,Orlando,Orange,FL,28.45189213401987,-81.32465104734925,Cloudy,62.0,56.6,7.6,12.9,False,False,False,False,False,Day
A-1306,2,2022-06-15 11:13:55,Seattle,King,WA,47.56901435011067,-122.34074387613596,Clear,65.4,51.4,7.8,6.5,False,False,False,False,False,Day
A-1307,2,2022-02-23 09:42:28,Orlando,Orange,FL,28.50984573347598,-81.31606361528986,Light Rain,81.5,34.8,7.4,6.3,True,True,False,False,True,Day
A-1308,2,2022-06-02 09:50:41,Austin,Travis,TX,30.17289193286148,-97.81395927088974,Fair,54.0,64.4,7.9,6.3,True,False,False,False,False,Day
A-1309,3,2022-10-02 13:25:17,Miami,Miami-Dade,FL,25.815277198508532,-80.22625917456881,Light Rain,87.2,81.2,8.5,2.5,False,False,False,False,False,Day
A-1310,2,2022-02-12 17:17:56,Austin,Travis,TX,30.344895770772773,-97.78301373876516,Fair,65.1,88.6,8.7,9.1,False,False,False,False,False,Day
A-1311,2,2022-05-30 09:47:37,Los Angeles,Los Angeles,CA,34.05367784303765,-118.18177868386447,Fair,76.9,64.7,9.5,14.3,False,True,False,False,False,Day
A-1312,2,2022-12-10 13:15:54,Atlanta,Fulton,GA,33.78547435779534,-84.35296163369314,Clear,71.7,32.0,4.8,4.5,True,False,False,False,False,Day
A-1313,2,2022-09-15 15:55:50,Charlotte,Mecklenburg,NC,35.15314054007095,-80.94455107525356,Fair,75.3,50.6,8.7,10.6,False,False,False,False,True,Day
A-1314,2,2022-09-08 08:02:37,Austin,Travis,TX,30.260121085665727,-97.76640652582167,Fair,66.1,83.4,9.9,6.6,False,False,False,False,False,Day
A-1315,3,2022-11-17 08:35:03,Houston,Harris,TX,29.731454773079985,-95.32182840451453,Heavy Rain,58.0,76.4,8.8,3.9,False,False,True,False,False,Day
A-1316,2,2022-03-29 19:08:39,Dallas,Dallas,TX,32.797277869941325,-96.74132364524787,Cloudy,94.1,39.3,8.4,10.6,False,False,False,False,False,Night
A-1317,4,2022-06-03 16:19:13,Charlotte,Mecklenburg,NC,35.092199240006394,-80.82241791527947,Clear,64.7,99.5,7.9,0.5,False,False,False,False,False,Day
A-1318,2,2022-07-23 14:51:26,Orlando,Orange,FL,28.52309647527451,-81.37016352359288,Clear,48.5,38.4,10.0,1.3,False,False,False,False,False,Day
A-1319,3,2022-05-10 15:02:23,Los Angeles,Los Angeles,CA,34.08362003980237,-118.29023200434874,Light Rain,87.0,52.2,9.9,14.1,False,False,False,False,True,Day
A-1320,2,2022-03-09 03:07:21,Los Angeles,Los Angeles,CA,34.06410987594755,-118.19019047691792,Fair,60.3,70.1,8.5,5.4,True,False,False,False,False,Night
A-1321,2,2022-11-10 14:59:09,Miami,Miami-Dade,FL,25.800845349745163,-80.25164619326931,Clear,39.2,58.4,10.0,11.8,False,False,False,False,False,Day
A-1322,2,2022-03-21 12:28:39,Los Angeles,Los Angeles,CA,34.022281220911474,-118.32426734600261,Overcast,52.6,53.5,10.0,6.5,True,False,True,False,True,Day
A-1323,2,2022-05-19 13:00:51,Seattle,King,WA,47.465034102381615,-122.32171672148438,Heavy Rain,35.6,60.3,6.2,0.0,False,False,False,False,False,Day
A-1324,3,2022-06-21 09:38:23,Miami,Miami-Dade,FL,25.816644221399617,-80.21396240645052,Cloudy,53.3,80.5,10.0,9.7,False,False,False,False,False,Day
A-1325,1,2022-07-09 05:59:43,Chicago,Cook,IL,41.91605730882656,-87.59362281196634,Clear,91.4,98.5,7.3,8.5,False,False,False,False,False,Night
A-1326,2,2022-05-08 07:25:08,Miami,Miami-Dade,FL,25.840137861762624,-80.16757476477984,Fair,71.9,66.1,10.0,4.0,False,False,False,False,False,Day
A-1327,2,2022-06-05 19:55:34,Los Angeles,Los Angeles,CA,34.05591282093432,-118.1583115088092,Overcast,64.9,47.4,7.1,11.4,False,False,False,False,False,Night
A-1328,3,2022-05-19 10:08:21,Austin,Travis,TX,30.28801195870074,-97.72287256055868,Rain,56.3,62.1,8.9,10.7,False,False,False,False,False,Day
A-1329,1,2022-07-31 12:36:37,Dallas,Dallas,TX,32.893162385158504,-96.7440085821658,Thunderstorm,62.9,99.5,9.5,4.0,False,True,False,False,False,Day
A-1330,3,2022-01-31 04:07:41,Charlotte,Mecklenburg,NC,35.134549474954085,-80.88566788501775,Fair,81.7,76.2,5.3,11.3,True,False,False,False,False,Night
A-1331,3,2022-11-20 03:12:19,Charlotte,Mecklenburg,NC,35.2493351981114,-80.80752032309879,Overcast,37.6,86.8,4.8,7.9,False,False,False,False,True,Night
A-1332,3,2022-07-21 16:42:43,Orlando,Orange,FL,28.599186980182218,-81.39302990397987,Clear,109.1,76.6,8.1,7.3,True,False,False,False,False,Day
A-1333,2,2022-05-21 13:29:09,Miami,Miami-Dade,FL,25.772329085637388,-80.21649903148273,Clear,51.8,78.8,10.0,4.1,False,False,False,False,False,Day
A-1334,2,2022-06-29 12:24:28,Chicago,Cook,IL,41.88141535395648,-87.6749260419507,Fair,61.3,60.9,8.6,3.3,False,False,False,True,False,Day
A-1335,1,2022-11-05 07:20:40,Chicago,Cook,IL,41.803921387590044,-87.55268145137806,Fog,62.6,88.8,9.9,12.7,False,False,False,False,False,Day
A-1336,3,2022-12-22 16:41:41,Dallas,Dallas,TX,32.85006115748565,-96.7973440200051,Clear,62.2,10.0,2.7,8.5,False,False,False,False,False,Day
A-1337,3,2022-06-15 07:31:13,Los Angeles,Los Angeles,CA,34.10564700830827,-118.2831207816597,Clear,54.9,71.4,10.0,10.8,False,False,False,False,False,Day
A-1338,2,2022-03-30 07:20:23,Orlando,Orange,FL,28.602427946983244,-81.34529599963186,Rain,78.1,69.6,10.0,5.1,False,False,False,False,False,Day
A-1339,3,2022-12-27 11:44:39,Los Angeles,Los Angeles,CA,34.05112230696245,-118.26569769961105,Clear,82.1,42.6,10.0,9.0,False,False,False,False,False,Day
A-1340,2,2022-08-08 08:43:56,Los Angeles,Los Angeles,CA,34.036163521845,-118.28362236127509,Clear,79.3,66.9,9.1,5.6,False,False,False,False,True,Day
A-1341,2,2022-03-26 07:52:32,Miami,Miami-Dade,FL,25.76136470801073,-80.04669146825982,Cloudy,66.3,71.9,6.4,9.7,True,False,False,True,False,Day
A-1342,2,2022-06-13 15:17:34,Houston,Harris,TX,29.845366134521278,-95.43023862294518,Cloudy,56.2,25.4,7.5,1.4,True,False,False,False,False,Day
A-1343,4,2022-12-07 15:30:09,Seattle,King,WA,47.59318461114396,-122.2388446420313,Fair,62.2,67.3,7.2,1.5,False,False,False,False,False,Day
A-1344,3,2022-05-21 17:33:50,Orlando,Orange,FL,28.612397143959605,-81.41971931200867,Heavy Rain,63.7,86.0,10.0,2.6,False,False,False,False,False,Day
A-1345,3,2022-06-19 10:38:07,Orlando,Orange,FL,28.530945100794774,-81.34789982241406,Clear,50.3,93.7,8.5,7.0,False,False,False,False,False,Day
A-1346,4,2022-11-22 05:31:42,Houston,Harris,TX,29.717537100902106,-95.37488014912638,Rain,67.7,72.6,10.0,0.0,False,False,False,False,False,Night
A-1347,2,2022-08-08 08:19:05,Miami,Miami-Dade,FL,25.65783779779412,-80.15497931024717,Overcast,92.0,58.4,10.0,8.8,False,True,False,False,False,Day
A-1348,3,2022-11-24 21:42:48,Houston,Harris,TX,29.78910650254335,-95.43889904493565,Fair,62.5,79.5,10.0,9.5,False,False,False,False,False,Night
A-1349,2,2022-12-09 14:41:55,Chicago,Cook,IL,41.91650610596074,-87.70500327959368,Overcast,72.5,43.3,9.2,0.0,False,True,False,False,False,Day
A-1350,3,2022-08-03 16:52:33,Los Angeles,Los Angeles,CA,33.99467325146503,-118.2053528529399,Clear,55.1,75.9,8.5,5.4,False,False,False,False,False,Day
A-1351,3,2022-09-03 00:01:11,Seattle,King,WA,47.68004316691818,-122.4211086955867,Clear,78.3,59.3,9.2,14.4,False,False,False,False,False,Night
A-1352,1,2022-03-16 13:45:34,Dallas,Dallas,TX,32.70763116118839,-96.85543143414284,Rain,55.1,83.8,3.7,5.2,False,False,False,False,False,Day
A-1353,2,2022-04-19 03:14:06,Houston,Harris,TX,29.795821909970716,-95.37428600945502,Clear,58.8,50.7,8.3,3.0,False,True,False,False,True,Night
A-1354,1,2022-11-16 14:05:46,Orlando,Orange,FL,28.576174115722512,-81.44390760062338,Clear,72.8,94.6,10.0,5.5,False,False,False,False,False,Day
A-1355,4,2022-05-28 18:03:21,Charlotte,Mecklenburg,NC,35.2807582408799,-80.90143467695951,Fair,50.1,84.5,8.4,11.7,False,False,False,False,False,Day
A-1356,2,2022-12-20 20:50:21,Seattle,King,WA,47.50766012423534,-122.35265293023791,Clear,71.5,67.6,8.5,2.4,False,False,False,False,False,Night
A-1357,2,2022-11-26 13:41:37,Atlanta,Fulton,GA,33.80234363450995,-84.49722634687942,Light Rain,80.8,65.9,8.4,9.2,False,True,False,False,True,Day
A-1358,3,2022-01-11 11:08:33,Houston,Harris,TX,29.753157887715226,-95.43984474795883,Rain,67.4,94.3,10.0,8.7,False,False,False,False,False,Day
A-1359,2,2022-06-30 19:08:14,Miami,Miami-Dade,FL,25.744681942120824,-80.12479333139302,Fair,78.0,100.0,9.5,7.0,False,True,False,False,False,Night
A-1360,2,2022-10-23 15:44:19,Dallas,Dallas,TX,32.81795047373829,-96.74915442145294,Fair,45.6,53.5,8.7,5.5,False,True,False,False,True,Day
A-1361,2,2022-01-24 05:27:50,Atlanta,Fulton,GA,33.79703431153458,-84.27474257318693,Fair,71.7,54.3,10.0,10.7,False,False,False,False,False,Night
A-1362,2,2022-04-29 11:56:15,Miami,Miami-Dade,FL,25.662268338520892,-80.16206305647034,Clear,58.2,86.4,6.4,2.4,False,False,False,False,True,Day
A-1363,3,2022-03-30 07:41:07,Dallas,Dallas,TX,32.71221061566695,-96.73191915681038,Clear,70.8,13.3,7.6,8.6,False,False,False,False,False,Day
A-1364,2,2022-06-16 12:09:17,Dallas,Dallas,TX,32.83666062707988,-96.81807663070124,Clear,88.7,10.0,6.8,0.8,False,False,False,False,False,Day
A-1365,2,2022-10-26 11:42:49,Orlando,Orange,FL,28.562049453859018,-81.38855591953192,Fair,20.2,45.5,7.4,10.9,False,False,False,False,False,Day
A-1366,2,2022-01-22 14:39:26,Los Angeles,Los Angeles,CA,34.06128761539111,-118.22305469547648,Cloudy,55.7,67.0,10.0,10.0,False,False,False,False,False,Day
A-1367,2,2022-07-14 09:05:46,Orlando,Orange,FL,28.489016488929988,-81.47389031261677,Rain,30.6,38.7,7.0,5.3,False,False,False,False,False,Day
A-1368,4,2022-02-18 07:06:09,Atlanta,Fulton,GA,33.7709420825446,-84.3607113786465,Cloudy,46.5,35.9,9.0,6.1,True,False,False,False,True,Day
A-1369,3,2022-01-18 12:28:41,Los Angeles,Los Angeles,CA,34.11314660658034,-118.27489078868011,Cloudy,57.9,51.3,9.9,8.9,True,False,False,False,False,Day
A-1370,2,2022-02-16 17:58:50,Miami,Miami-Dade,FL,25.877596646482164,-80.21460674633055,Clear,77.9,88.3,10.0,1.6,False,False,False,False,True,Day
A-1371,2,2022-05-20 15:48:43,Chicago,Cook,IL,41.86039065524951,-87.57993698684899,Light Rain,77.1,53.1,7.7,5.8,True,False,False,False,True,Day
A-1372,2,2022-08-16 08:11:24,Los Angeles,Los Angeles,CA,34.09605430893252,-118.32130508995655,Heavy Rain,76.7,83.2,10.0,7.0,False,False,True,False,False,Day
A-1373,2,2022-08-25 19:04:03,Seattle,King,WA,47.698944079006644,-122.32934180691277,Rain,73.4,63.1,8.0,0.2,False,False,False,False,False,Night
A-1374,2,2022-05-29 18:47:40,Charlotte,Mecklenburg,NC,35.15466530666675,-80.82070756336755,Clear,44.9,92.0,9.0,10.6,True,False,False,False,False,Day
A-1375,3,2022-10-12 07:16:59,Miami,Miami-Dade,FL,25.851656425426192,-80.21831744090163,Cloudy,77.0,56.3,6.8,15.3,False,False,False,False,False,Day
A-1376,2,2022-06-07 04:01:23,Seattle,King,WA,47.616232179343605,-122.3302336524507,Cloudy,54.8,69.4,6.3,16.6,False,True,True,False,False,Night
A-1377,2,2022-12-30 16:34:22,Houston,Harris,TX,29.764143214947108,-95.36552838267096,Clear,71.7,65.6,9.7,0.0,False,False,False,False,False,Day
A-1378,2,2022-07-29 17:22:33,Charlotte,Mecklenburg,NC,35.20001356069616,-80.7982282285528,Thunderstorm,51.2,58.4,10.0,11.6,False,False,False,True,False,Day
A-1379,2,2022-02-26 20:59:50,Houston,Harris,TX,29.742205269969567,-95.37892076186576,Clear,62.3,77.2,8.3,4.5,True,False,False,False,False,Night
A-1380,3,2022-01-22 18:55:20,Dallas,Dallas,TX,32.73944938989954,-96.8596149067081,Clear,64.0,75.0,8.9,6.6,True,True,False,False,False,Day
A-1381,2,2022-02-08 14:04:42,Los Angeles,Los Angeles,CA,34.004548797826374,-118.2725954745826,Fair,70.2,65.8,10.0,3.1,False,False,False,False,False,Day
A-1382,2,2022-03-23 13:23:06,Houston,Harris,TX,29.782881125221422,-95.38723893246444,Clear,52.4,22.8,10.0,9.4,False,False,False,False,True,Day
A-1383,2,2022-05-21 02:57:48,Chicago,Cook,IL,41.93373437188078,-87.66984852507726,Rain,74.9,37.7,10.0,0.0,False,False,False,False,False,Night
A-1384,3,2022-05-02 07:41:29,Miami,Miami-Dade,FL,25.709312685747534,-80.1823290567241,Fair,45.3,42.7,10.0,2.2,False,False,False,False,False,Day
A-1385,2,2022-02-20 11:39:45,Dallas,Dallas,TX,32.741941617234176,-96.7899194542156,Fair,90.5,65.9,8.6,0.0,False,False,False,False,True,Day
A-1386,3,2022-10-24 15:05:03,Miami,Miami-Dade,FL,25.77451724888258,-80.18730721223787,Cloudy,53.7,60.4,10.0,4.7,False,False,False,False,False,Day
A-1387,2,2022-07-28 13:14:30,Austin,Travis,TX,30.21147496983337,-97.78797586047249,Clear,35.6,46.3,9.8,5.7,False,False,False,True,False,Day
A-1388,3,2022-07-19 16:34:54,Los Angeles,Los Angeles,CA,34.0644065020417,-118.23721042903037,Overcast,63.9,44.8,8.9,0.7,False,True,False,False,False,Day
A-1389,3,2022-04-09 08:04:35,Chicago,Cook,IL,41.86461554293472,-87.5653849697702,Overcast,58.8,75.1,10.0,9.1,False,False,True,False,False,Day
A-1390,2,2022-09-26 14:13:57,Houston,Harris,TX,29.678502704722288,-95.35507235598455,Fair,51.2,46.7,9.9,8.7,False,False,False,False,False,Day
A-1391,3,2022-12-24 05:33:39,Miami,Miami-Dade,FL,25.785281520600392,-80.13818360496279,Heavy Rain,85.2,11.8,7.6,10.5,False,False,False,False,False,Night
A-1392,2,2022-07-22 10:28:35,Los Angeles,Los Angeles,CA,34.024149021152716,-118.23825408833777,Fair,76.3,64.4,6.9,12.6,False,False,False,False,False,Day
A-1393,1,2022-06-27 16:28:04,Los Angeles,Los Angeles,CA,34.10345242547503,-118.27556287473013,Cloudy,71.9,50.4,5.8,5.9,False,False,False,False,True,Day
A-1394,2,2022-12-13 15:51:23,Charlotte,Mecklenburg,NC,35.21732520930393,-80.80008303335298,Rain,50.7,76.4,7.1,7.9,False,False,False,False,False,Day
A-1395,2,2022-03-20 23:11:51,Miami,Miami-Dade,FL,25.72613447455976,-80.26216349297192,Cloudy,57.1,46.1,9.1,2.9,False,False,False,False,False,Night
A-1396,2,2022-06-26 08:06:16,Austin,Travis,TX,30.265537762997255,-97.77101504580179,Fair,55.8,56.5,10.0,7.3,False,False,False,False,False,Day
A-1397,3,2022-05-14 12:33:42,Houston,Harris,TX,29.822498538245757,-95.37686436560449,Clear,37.6,66.7,8.8,7.5,False,True,False,False,False,Day
A-1398,3,2022-02-20 08:02:28,Miami,Miami-Dade,FL,25.85379112636376,-80.15916161691483,Cloudy,69.1,17.2,9.6,13.1,True,False,False,False,False,Day
A-1399,2,2022-06-21 11:37:53,Dallas,Dallas,TX,32.8063535556614,-96.73327151515323,Fog,70.2,49.0,10.0,9.1,False,False,False,False,True,Day
A-1400,3,2022-12-29 17:49:53,Orlando,Orange,FL,28.508848417480063,-81.33687641830363,Fair,66.8,45.6,6.6,9.2,False,False,False,False,False,Day
A-1401,2,2022-07-18 15:54:20,Los Angeles,Los Angeles,CA,34.0538303491384,-118.20639362851024,Clear,68.4,51.4,8.1,5.8,True,False,False,True,False,Day
A-1402,2,2022-01-16 18:25:53,Los Angeles,Los Angeles,CA,34.04727913481459,-118.20046997068057,Fair,48.0,50.6,6.7,0.0,False,True,False,False,False,Day
A-1403,3,2022-07-03 07:20:19,Los Angeles,Los Angeles,CA,34.04468799055912,-118.1935005830829,Cloudy,51.6,60.9,8.3,7.1,False,False,False,False,False,Day
A-1404,1,2022-03-12 17:03:20,Orlando,Orange,FL,28.52558049846789,-81.43608139956702,Clear,60.3,64.6,9.5,5.1,False,False,False,False,False,Day
A-1405,2,2022-01-11 05:14:16,Dallas,Dallas,TX,32.728428632856506,-96.68675974866413,Light Rain,85.8,73.5,9.2,2.6,False,True,False,True,True,Night
A-1406,3,2022-01-03 18:13:58,Charlotte,Mecklenburg,NC,35.275880942117126,-80.7876140209147,Light Rain,82.4,71.1,7.4,10.0,False,False,False,False,False,Day
A-1407,2,2022-01-25 08:49:59,Seattle,King,WA,47.64923899152229,-122.34114912389717,Fair,72.8,84.7,10.0,10.9,False,False,False,False,False,Day
A-1408,1,2022-06-11 08:05:44,Austin,Travis,TX,30.268358129282007,-97.72453465407162,Clear,95.2,80.3,9.5,3.0,False,False,False,False,False,Day
A-1409,2,2022-08-28 12:53:04,Dallas,Dallas,TX,32.83963738287108,-96.86267270095277,Cloudy,72.6,88.7,9.9,7.2,False,False,False,False,True,Day
A-1410,2,2022-07-22 19:32:12,Seattle,King,WA,47.635752528957966,-122.34509186100006,Clear,74.5,85.4,9.3,6.6,False,False,False,False,False,Night
A-1411,4,2022-09-10 04:53:00,Miami,Miami-Dade,FL,25.705878265908613,-80.20890615848229,Fair,87.2,50.6,7.5,11.5,False,False,False,False,False,Night
A-1412,2,2022-12-03 09:57:24,Los Angeles,Los Angeles,CA,34.03447975083298,-118.26492026614655,Clear,75.4,54.8,6.6,8.7,False,True,False,False,False,Day
A-1413,2,2022-12-07 17:16:44,Miami,Miami-Dade,FL,25.835718537499286,-80.15107879223787,Fair,89.7,56.3,9.8,9.9,False,False,False,False,False,Day
A-1414,2,2022-06-18 10:36:57,Los Angeles,Los Angeles,CA,34.03416760712541,-118.23848655214285,Clear,65.4,84.4,9.8,5.5,False,False,False,False,False,Day
A-1415,2,2022-12-05 07:22:58,Charlotte,Mecklenburg,NC,35.19243349988431,-80.9028193442684,Light Rain,55.4,56.4,9.2,8.7,False,False,False,False,False,Day
A-1416,1,2022-09-22 10:28:37,Atlanta,Fulton,GA,33.785120458398126,-84.44677541565254,Overcast,63.6,76.7,10.0,10.5,False,True,False,False,True,Day
A-1417,2,2022-01-26 09:44:49,Los Angeles,Los Angeles,CA,34.038189129384286,-118.34194147662559,Thunderstorm,68.6,23.4,8.1,16.3,False,False,False,False,True,Day
A-1418,2,2022-03-07 18:35:16,Los Angeles,Los Angeles,CA,34.08023924345637,-118.19971434100991,Clear,51.4,19.4,9.7,4.8,False,False,False,False,False,Day
A-1419,2,2022-04-08 16:54:04,Houston,Harris,TX,29.758594196224056,-95.38103074189682,Clear,54.3,87.3,9.2,5.5,False,True,False,False,False,Day
A-1420,2,2022-12-04 12:14:51,Atlanta,Fulton,GA,33.7091672195101,-84.35026604300965,Fair,58.7,71.5,8.9,4.0,False,False,False,False,True,Day
A-1421,3,2022-01-16 22:09:53,Miami,Miami-Dade,FL,25.72704440212708,-80.0347964441253,Clear,48.5,85.4,6.9,5.2,False,False,False,True,True,Night
A-1422,3,2022-04-05 11:22:47,Charlotte,Mecklenburg,NC,35.142812541125195,-80.88804257324973,Clear,56.2,31.0,8.5,12.5,False,False,False,False,False,Day
A-1423,4,2022-10-11 05:45:19,Los Angeles,Los Angeles,CA,33.996940872087016,-118.22735129575238,Fair,76.0,65.1,10.0,3.7,False,False,False,False,True,Night
A-1424,2,2022-06-11 08:40:14,Los Angeles,Los Angeles,CA,34.08361891901956,-118.17154015065599,Fair,76.9,32.0,10.0,8.6,False,False,False,False,True,Day
A-1425,2,2022-05-16 11:45:57,Chicago,Cook,IL,41.938388519202164,-87.65424961917789,Clear,44.0,79.6,10.0,11.0,False,False,False,False,True,Day
A-1426,3,2022-01-13 06:51:05,Chicago,Cook,IL,41.84757868756658,-87.64676101456728,Fair,69.6,62.4,7.8,11.8,True,True,False,False,False,Day
A-1427,2,2022-02-09 19:57:22,Los Angeles,Los Angeles,CA,33.983450852045735,-118.21718385592816,Fair,64.0,59.4,10.0,12.8,False,False,False,False,True,Night
A-1428,2,2022-11-13 16:44:18,Chicago,Cook,IL,41.934991866513236,-87.50265517771282,Clear,80.8,79.3,6.8,8.9,False,False,False,True,False,Day
A-1429,3,2022-10-20 08:30:43,Dallas,Dallas,TX,32.83507140370204,-96.765181557261,Light Rain,61.0,60.0,8.6,8.5,False,True,False,False,False,Day
A-1430,3,2022-12-11 14:27:02,Seattle,King,WA,47.64234793781292,-122.37423988039042,Clear,46.4,59.3,7.0,4.7,False,False,False,False,False,Day
A-1431,4,2022-01-09 16:17:26,Houston,Harris,TX,29.68785341079599,-95.40589392674288,Clear,57.7,32.9,10.0,0.0,False,False,False,False,False,Day
A-1432,3,2022-08-26 19:09:48,Charlotte,Mecklenburg,NC,35.25285597645546,-80.86752032165737,Clear,47.0,88.8,9.3,4.6,False,False,False,False,False,Night
A-1433,2,2022-10-08 18:03:14,Charlotte,Mecklenburg,NC,35.25467894333659,-80.93407910697289,Clear,31.2,64.1,10.0,7.6,False,False,False,False,False,Day
A-1434,2,2022-01-08 13:47:07,Dallas,Dallas,TX,32.82172879477826,-96.8049667705577,Light Rain,64.2,72.4,9.8,11.1,False,False,False,False,False,Day
A-1435,4,2022-01-05 16:52:00,Los Angeles,Los Angeles,CA,34.05974945126042,-118.24332668397032,Clear,72.8,34.6,10.0,13.0,False,False,False,False,False,Day
A-1436,2,2022-12-14 14:17:11,Los Angeles,Los Angeles,CA,34.01469124830083,-118.24139719785882,Cloudy,67.8,89.6,6.9,7.0,False,False,False,False,True,Day
A-1437,3,2022-04-06 13:46:06,Miami,Miami-Dade,FL,25.741472918152564,-80.26429382560055,Fair,45.7,65.0,8.9,11.5,False,False,False,False,False,Day
A-1438,2,2022-10-30 06:48:02,Orlando,Orange,FL,28.597152646845363,-81.36193483513233,Cloudy,44.7,96.1,6.8,7.7,False,False,False,False,False,Day
A-1439,2,2022-03-31 06:05:30,Miami,Miami-Dade,FL,25.780677115067608,-80.24099760686971,Rain,68.3,81.7,8.1,7.8,False,False,False,False,False,Day
A-1440,3,2022-02-27 13:14:06,Orlando,Orange,FL,28.472897151829955,-81.39114680372366,Light Rain,90.5,12.7,9.0,5.8,False,False,False,False,False,Day
A-1441,1,2022-03-04 08:26:16,Chicago,Cook,IL,41.963423367856514,-87.66692976207949,Clear,84.4,77.1,7.1,5.1,False,False,False,False,True,Day
A-1442,3,2022-05-29 02:17:21,Los Angeles,Los Angeles,CA,34.10997736314341,-118.18596720473056,Light Rain,60.6,79.8,6.4,4.7,False,False,False,False,False,Night
A-1443,2,2022-11-19 16:55:52,Orlando,Orange,FL,28.62142493314135,-81.41345992117304,Fair,68.2,74.1,6.6,4.8,False,False,False,False,False,Day
A-1444,3,2022-03-07 03:50:26,Houston,Harris,TX,29.817115619195615,-95.30251971578745,Fair,78.7,65.5,10.0,4.3,False,False,False,False,False,Night
A-1445,2,2022-04-10 14:51:07,Seattle,King,WA,47.55978010942131,-122.32528454871893,Cloudy,62.8,57.4,8.3,10.4,False,False,True,False,False,Day
A-1446,2,2022-12-19 13:28:42,Los Angeles,Los Angeles,CA,34.06870024758351,-118.22270717209207,Heavy Rain,44.8,60.6,6.4,12.1,False,False,False,False,False,Day
A-1447,2,2022-12-03 20:30:54,Orlando,Orange,FL,28.568474710053206,-81.37503610664999,Clear,22.7,89.2,8.8,4.0,False,False,False,False,False,Night
A-1448,2,2022-02-16 12:32:25,Seattle,King,WA,47.538984799688784,-122.37471330954901,Overcast,67.7,90.6,10.0,3.4,False,False,False,False,True,Day
A-1449,3,2022-08-14 05:42:30,Atlanta,Fulton,GA,33.690380681710735,-84.36769903301601,Clear,62.0,57.6,8.7,6.3,False,False,False,True,False,Night
A-1450,2,2022-03-21 13:00:19,Orlando,Orange,FL,28.575469911682244,-81.40069660070903,Fair,39.4,45.4,6.1,3.5,False,False,False,False,False,Day
A-1451,2,2022-07-07 17:14:33,Charlotte,Mecklenburg,NC,35.26823441481198,-80.82721951827276,Light Rain,43.6,86.5,8.6,2.9,False,False,False,False,True,Day
A-1452,2,2022-01-21 23:15:03,Dallas,Dallas,TX,32.895110951463195,-96.76680393965793,Fair,61.1,79.5,7.3,5.6,False,False,False,False,False,Night
A-1453,2,2022-04-11 11:24:14,Seattle,King,WA,47.593180670044376,-122.23674482933275,Clear,56.8,65.2,9.4,8.0,False,True,False,False,False,Day
A-1454,2,2022-09-15 08:08:01,Dallas,Dallas,TX,32.69255273334973,-96.77345612858169,Fair,86.5,41.7,8.2,7.9,False,False,False,False,False,Day
A-1455,2,2022-12-19 18:57:09,Los Angeles,Los Angeles,CA,34.04464337109505,-118.19586873501467,Overcast,86.3,27.4,9.3,5.7,False,False,False,False,False,Day
A-1456,2,2022-11-07 07:01:23,Atlanta,Fulton,GA,33.79117299481543,-84.35497355564452,Fair,52.3,76.0,5.4,4.9,False,False,False,False,False,Day
A-1457,3,2022-01-01 14:16:42,Orlando,Orange,FL,28.52009506400575,-81.3904492994264,Clear,87.6,49.8,9.0,9.4,False,True,False,False,False,Day
A-1458,1,2022-08-21 10:49:54,Orlando,Orange,FL,28.543387289586114,-81.34524474186262,Fair,89.3,49.3,8.4,8.6,False,False,False,True,False,Day
A-1459,4,2022-12-25 04:37:47,Miami,Miami-Dade,FL,25.729595111575602,-80.1980139329648,Rain,69.4,69.4,7.1,7.7,False,True,False,False,False,Night
A-1460,2,2022-09-24 09:49:00,Dallas,Dallas,TX,32.83635475779083,-96.81764578631517,Cloudy,51.0,50.1,9.0,4.7,False,False,False,False,False,Day
A-1461,2,2022-08-18 08:02:14,Houston,Harris,TX,29.797630779117654,-95.4242923492809,Cloudy,66.8,50.9,8.3,12.3,False,True,False,False,False,Day
A-1462,2,2022-02-09 15:09:20,Dallas,Dallas,TX,32.7356962730829,-96.76436384472021,Overcast,33.1,46.4,8.7,1.8,False,True,False,False,True,Day
A-1463,2,2022-03-18 19:14:22,Los Angeles,Los Angeles,CA,34.02610372105735,-118.27210792975019,Clear,56.2,74.2,6.9,4.8,False,False,False,False,False,Night
A-1464,2,2022-10-13 08:14:09,Dallas,Dallas,TX,32.74272540310839,-96.76557754101859,Fair,69.0,41.2,9.2,3.1,False,False,False,False,False,Day
A-1465,3,2022-04-01 17:08:43,Chicago,Cook,IL,41.78511892230994,-87.62956563763142,Fair,70.8,30.5,5.2,7.0,True,False,False,False,True,Day
A-1466,1,2022-09-04 04:04:24,Los Angeles,Los Angeles,CA,34.01410083489369,-118.25790936884236,Clear,58.3,41.0,8.5,4.3,False,False,True,False,False,Night
A-1467,3,2022-09-05 13:41:56,Chicago,Cook,IL,41.78945684877857,-87.67297874675032,Clear,66.1,88.8,8.8,7.4,False,False,False,False,False,Day
A-1468,2,2022-08-15 05:07:21,Houston,Harris,TX,29.807078981091742,-95.30476059736854,Overcast,49.7,48.4,10.0,9.1,False,True,False,False,True,Night
A-1469,2,2022-02-20 19:24:47,Seattle,King,WA,47.65684375658278,-122.3517320330792,Clear,86.1,69.8,8.3,12.1,False,True,False,False,True,Night
A-1470,2,2022-10-04 16:09:08,Austin,Travis,TX,30.252260536341367,-97.66377087026252,Clear,86.7,53.8,10.0,7.9,False,True,False,False,False,Day
A-1471,3,2022-11-10 15:34:26,Charlotte,Mecklenburg,NC,35.23733479295684,-80.88401058484803,Clear,75.7,56.1,10.0,7.8,False,True,False,False,True,Day
A-1472,2,2022-05-11 17:30:18,Orlando,Orange,FL,28.59184998303958,-81.30381628326936,Clear,61.0,87.5,8.6,8.7,False,False,False,False,False,Day
A-1473,3,2022-04-22 15:37:05,Seattle,King,WA,47.645389102037925,-122.32790293929831,Fair,52.6,62.5,8.9,0.0,False,False,False,False,False,Day
A-1474,2,2022-02-21 20:46:44,Houston,Harris,TX,29.86063493046722,-95.32676350666446,Overcast,77.7,93.3,6.7,7.2,False,False,True,False,False,Night
A-1475,1,2022-09-16 16:01:22,Miami,Miami-Dade,FL,25.77467062303689,-80.25682736643284,Clear,67.8,98.8,7.6,2.6,True,False,False,False,False,Day
A-1476,2,2022-12-10 19:51:45,Dallas,Dallas,TX,32.849331766673835,-96.86226787088503,Clear,50.0,91.7,9.3,4.4,False,False,False,False,False,Night
A-1477,3,2022-01-28 13:23:19,Austin,Travis,TX,30.27195599844928,-97.73019983784964,Cloudy,80.9,49.6,8.2,6.5,False,False,False,False,False,Day
A-1478,3,2022-08-29 06:24:45,Austin,Travis,TX,30.261225077092302,-97.7937936157231,Fair,58.3,63.5,10.0,10.8,True,False,False,False,True,Day
A-1479,2,2022-03-12 13:49:58,Austin,Travis,TX,30.301134203240874,-97.67665058074593,Cloudy,52.0,89.7,10.0,0.0,False,False,False,False,True,Day
A-1480,3,2022-11-19 06:58:04,Houston,Harris,TX,29.78800766065866,-95.35159975587305,Clear,79.2,75.9,9.4,8.0,False,False,False,False,False,Day
A-1481,2,2022-07-08 14:43:41,Austin,Travis,TX,30.236803913704072,-97.7753088427784,Overcast,53.2,83.3,10.0,7.4,False,True,False,False,False,Day
A-1482,3,2022-02-10 12:37:27,Los Angeles,Los Angeles,CA,34.01099844420373,-118.28970202481129,Fair,66.9,85.0,9.7,8.7,False,False,False,False,False,Day
A-1483,3,2022-06-01 15:11:56,Charlotte,Mecklenburg,NC,35.230838778929176,-80.85752670545924,Cloudy,84.2,86.1,9.0,15.9,False,False,False,False,False,Day
A-1484,3,2022-05-04 01:37:43,Los Angeles,Los Angeles,CA,33.957696462976735,-118.27209143807094,Clear,82.7,40.4,7.5,13.2,False,False,False,False,False,Night
A-1485,3,2022-09-07 07:50:52,Miami,Miami-Dade,FL,25.74632348106441,-80.16703547223064,Clear,70.1,59.0,10.0,8.2,False,False,False,False,True,Day
A-1486,2,2022-08-03 12:59:44,Houston,Harris,TX,29.711283073952313,-95.37363708654064,Overcast,47.4,47.2,10.0,9.2,False,False,False,False,False,Day
A-1487,2,2022-09-08 19:58:12,Houston,Harris,TX,29.731582686913313,-95.31138118830313,Clear,57.5,57.8,9.7,6.9,False,False,True,False,False,Night
A-1488,2,2022-04-27 09:05:37,Orlando,Orange,FL,28.499363367537015,-81.34758897806482,Clear,101.2,64.3,7.4,10.0,False,True,False,False,False,Day
A-1489,2,2022-03-31 10:43:48,Houston,Harris,TX,29.79879544836858,-95.41314898159233,Fair,79.2,62.2,10.0,7.1,False,True,False,False,False,Day
A-1490,2,2022-06-26 16:25:14,Houston,Harris,TX,29.782733981402533,-95.39107775359041,Fair,61.5,48.3,7.5,8.7,False,False,False,False,False,Day
A-1491,2,2022-11-13 14:48:41,Miami,Miami-Dade,FL,25.7643476262355,-80.2350255512579,Cloudy,46.1,34.8,9.1,4.3,False,False,False,False,False,Day
A-1492,2,2022-12-25 08:51:37,Houston,Harris,TX,29.741231181285297,-95.41298077820558,Cloudy,36.5,29.6,9.1,7.9,True,False,False,False,False,Day
A-1493,2,2022-08-14 10:17:19,Miami,Miami-Dade,FL,25.813434917123903,-80.28156397113435,Fair,83.2,96.6,6.3,12.4,False,False,False,False,False,Day
A-1494,2,2022-07-24 07:01:54,Los Angeles,Los Angeles,CA,34.09723242987567,-118.19663751828742,Fair,83.5,84.8,9.9,9.3,False,False,False,False,False,Day
A-1495,2,2022-05-16 20:02:45,Dallas,Dallas,TX,32.771142933740244,-96.73238399324474,Rain,64.4,66.9,9.7,7.5,False,False,False,False,False,Night
A-1496,3,2022-11-15 06:46:48,Dallas,Dallas,TX,32.84443733728259,-96.8463778298546,Fair,58.8,10.0,6.8,0.0,False,False,False,False,False,Day
A-1497,2,2022-08-13 09:40:21,Dallas,Dallas,TX,32.76722284261875,-96.8514124051768,Cloudy,82.0,43.6,10.0,8.5,False,False,False,False,True,Day
A-1498,3,2022-09-30 02:47:27,Houston,Harris,TX,29.770635126211896,-95.34175361171282,Clear,42.8,70.0,7.1,6.7,False,False,False,False,True,Night
A-1499,2,2022-09-12 07:44:31,Houston,Harris,TX,29.731689068989656,-95.41076875403125,Light Rain,95.0,77.0,8.3,2.7,False,False,False,False,True,Day
A-1500,2,2022-04-28 16:03:02,Seattle,King,WA,47.58653948836088,-122.26839624217561,Clear,76.1,53.8,7.4,6.7,False,False,True,False,False,Day
A-1501,2,2022-02-03 07:30:33,Charlotte,Mecklenburg,NC,35.195749173764185,-80.87893722049049,Fair,46.2,71.1,10.0,6.8,False,False,False,False,False,Day
A-1502,2,2022-07-20 05:19:22,Charlotte,Mecklenburg,NC,35.26147959283246,-80.95002089617033,Fair,76.8,58.1,10.0,7.0,False,False,False,False,False,Night
A-1503,2,2022-11-11 12:24:14,Los Angeles,Los Angeles,CA,34.071010974856115,-118.25021309881545,Cloudy,54.7,82.7,6.7,10.0,False,False,False,False,True,Day
A-1504,2,2022-09-10 01:22:51,Miami,Miami-Dade,FL,25.709063064266438,-80.22141572690583,Fair,45.0,59.3,7.8,6.2,True,False,False,False,False,Night
A-1505,2,2022-06-23 05:51:43,Houston,Harris,TX,29.788722452521217,-95.3624356857987,Cloudy,76.7,58.6,7.8,6.0,False,False,False,False,False,Night
A-1506,2,2022-07-18 17:09:13,Houston,Harris,TX,29.85004755281077,-95.38724560533147,Clear,48.4,50.0,10.0,5.6,False,False,False,False,False,Day
A-1507,3,2022-10-19 16:53:13,Dallas,Dallas,TX,32.743696198327825,-96.76817291418102,Fair,45.0,75.1,7.6,8.0,False,False,False,False,False,Day
A-1508,2,2022-09-18 18:32:51,Charlotte,Mecklenburg,NC,35.191237071871,-80.82194366774424,Light Rain,72.3,68.3,8.7,9.2,False,False,False,False,True,Day
A-1509,1,2022-12-19 17:33:18,Dallas,Dallas,TX,32.77710334409298,-96.78071320789346,Clear,63.4,36.9,8.5,12.2,False,False,False,True,False,Day
A-1510,2,2022-06-19 15:03:35,Austin,Travis,TX,30.33611173800015,-97.73356140347038,Clear,80.2,67.8,8.3,9.1,False,False,False,False,False,Day
A-1511,2,2022-10-08 04:57:31,Austin,Travis,TX,30.245284386178025,-97.74313115884499,Fair,60.5,63.7,10.0,11.3,False,False,False,False,True,Night
A-1512,4,2022-04-02 16:38:15,Orlando,Orange,FL,28.630392546630766,-81.44906566485945,Fog,59.1,79.3,7.6,10.4,True,False,False,False,True,Day
A-1513,2,2022-05-13 17:19:09,Chicago,Cook,IL,41.82524706808355,-87.61033606342392,Clear,34.4,58.2,8.5,7.6,False,False,False,False,False,Day
A-1514,2,2022-08-17 17:57:57,Los Angeles,Los Angeles,CA,34.06160242831717,-118.2071021861255,Clear,72.5,40.5,9.7,4.1,False,False,False,False,True,Day
A-1515,2,2022-12-19 12:47:02,Los Angeles,Los Angeles,CA,33.96713699652336,-118.2262507483353,Fair,64.7,51.0,8.2,8.6,False,False,False,True,True,Day
A-1516,2,2022-05-28 07:41:47,Los Angeles,Los Angeles,CA,34.00539265247685,-118.25377544486842,Clear,82.8,96.7,7.8,13.2,False,False,False,False,False,Day
A-1517,2,2022-01-17 17:08:14,Dallas,Dallas,TX,32.76602995360508,-96.76748280440614,Fair,76.4,55.7,9.7,11.3,True,False,False,True,True,Day
A-1518,4,2022-08-03 16:52:02,Atlanta,Fulton,GA,33.762509706063966,-84.3761688239093,Light Rain,70.0,80.7,10.0,12.1,False,False,False,False,False,Day
A-1519,2,2022-07-01 21:43:20,Miami,Miami-Dade,FL,25.823736598863686,-80.15629461269766,Clear,54.0,32.6,10.0,0.0,False,False,False,False,False,Night
A-1520,2,2022-09-13 06:18:38,Atlanta,Fulton,GA,33.71403353448157,-84.3923788792412,Cloudy,58.8,67.9,8.6,0.0,False,False,False,False,True,Day
A-1521,2,2022-12-11 07:19:36,Los Angeles,Los Angeles,CA,34.073232195562234,-118.3150679218556,Fair,73.2,29.3,7.5,5.1,False,False,False,False,False,Day
A-1522,2,2022-02-13 07:09:17,Atlanta,Fulton,GA,33.68204464587883,-84.39693837100742,Rain,64.2,61.4,7.4,8.9,False,False,False,False,False,Day
A-1523,1,2022-04-22 17:19:17,Houston,Harris,TX,29.810892674703954,-95.41723331119216,Fog,86.3,45.2,10.0,5.5,False,False,False,True,False,Day
A-1524,2,2022-08-27 07:58:43,Los Angeles,Los Angeles,CA,34.11771911508097,-118.2668813919988,Fair,84.7,41.5,9.7,6.2,False,False,True,False,False,Day
A-1525,2,2022-12-01 05:00:54,Charlotte,Mecklenburg,NC,35.278976242119775,-80.838773377946,Fair,61.2,39.1,7.4,1.1,False,True,False,False,False,Night
A-1526,2,2022-01-06 23:37:38,Miami,Miami-Dade,FL,25.813503221519976,-80.14229714446061,Cloudy,66.4,55.7,7.6,4.6,False,False,False,True,False,Night
A-1527,2,2022-05-29 02:08:30,Miami,Miami-Dade,FL,25.757130822133504,-80.1584996792947,Clear,53.1,22.0,6.8,3.4,False,False,False,False,False,Night
A-1528,2,2022-11-14 17:16:34,Miami,Miami-Dade,FL,25.775535606234723,-80.18135913216973,Clear,63.5,31.2,8.8,3.6,False,False,False,False,False,Day
A-1529,2,2022-03-10 09:36:51,Austin,Travis,TX,30.262351000005275,-97.68069377551139,Fog,79.2,61.9,10.0,4.1,False,False,False,False,False,Day
A-1530,2,2022-04-02 17:32:03,Charlotte,Mecklenburg,NC,35.224824566331485,-80.84073127829924,Fair,56.8,25.1,10.0,2.6,False,False,False,False,False,Day
A-1531,2,2022-03-30 13:10:51,Miami,Miami-Dade,FL,25.724516845082523,-80.18168082490061,Clear,59.5,29.6,10.0,0.0,False,False,False,False,True,Day
A-1532,2,2022-06-12 18:29:07,Dallas,Dallas,TX,32.790783428492134,-96.81595683475572,Light Rain,47.5,95.7,9.1,12.6,False,False,False,False,True,Day
A-1533,3,2022-04-05 19:04:11,Orlando,Orange,FL,28.55919001687198,-81.43267175876757,Fair,56.5,91.4,7.6,6.5,False,False,False,False,False,Night
A-1534,3,2022-02-18 00:14:24,Miami,Miami-Dade,FL,25.810964883434888,-80.16395384917458,Clear,74.2,43.4,9.9,4.3,False,False,False,False,False,Night
A-1535,4,2022-12-27 05:37:41,Houston,Harris,TX,29.78000589577771,-95.44820483590694,Clear,61.4,66.6,5.5,6.4,False,False,False,False,False,Night
A-1536,4,2022-05-16 07:52:25,Los Angeles,Los Angeles,CA,34.09625396631265,-118.29026262705202,Clear,47.7,43.5,7.4,8.3,False,False,False,False,True,Day
A-1537,3,2022-10-07 15:39:58,Los Angeles,Los Angeles,CA,34.0149862645063,-118.23482416898781,Rain,68.2,44.4,10.0,7.5,False,False,False,False,True,Day
A-1538,4,2022-04-20 18:53:21,Orlando,Orange,FL,28.609471896172213,-81.42164954239591,Rain,64.2,10.0,10.0,4.1,False,False,False,False,False,Day
A-1539,3,2022-06-19 11:43:46,Los Angeles,Los Angeles,CA,34.04013734406423,-118.24281056298221,Clear,81.8,90.6,10.0,11.0,False,False,False,False,True,Day
A-1540,3,2022-03-11 14:35:20,Charlotte,Mecklenburg,NC,35.12466229857765,-80.83573128153601,Light Rain,63.0,71.1,8.8,4.6,False,True,False,False,False,Day
A-1541,2,2022-12-02 07:47:25,Orlando,Orange,FL,28.518825494812468,-81.40721416830861,Fair,50.1,74.8,10.0,6.1,False,False,False,False,False,Day
A-1542,1,2022-12-16 17:12:35,Los Angeles,Los Angeles,CA,34.081034017362214,-118.24094177407673,Cloudy,79.4,70.6,8.2,13.9,True,False,False,False,False,Day
A-1543,3,2022-09-08 20:40:25,Charlotte,Mecklenburg,NC,35.23121021681568,-80.8410104315687,Clear,50.5,56.0,8.1,15.2,False,False,False,False,False,Night
A-1544,2,2022-05-25 08:17:14,Miami,Miami-Dade,FL,25.664599387673366,-80.24882919664728,Fair,45.5,50.3,9.6,11.6,False,False,True,False,False,Day
A-1545,3,2022-01-02 12:07:28,Chicago,Cook,IL,41.88885782104458,-87.60247192572979,Clear,49.4,59.3,10.0,4.3,False,False,False,False,False,Day
A-1546,2,2022-09-30 05:16:55,Charlotte,Mecklenburg,NC,35.233436574281896,-80.94464290725875,Clear,55.8,89.3,10.0,5.3,False,False,False,True,False,Night
A-1547,2,2022-02-22 13:23:57,Austin,Travis,TX,30.21862830360388,-97.64917846506695,Clear,36.6,60.5,10.0,3.9,False,False,False,False,True,Day
A-1548,3,2022-10-02 12:49:35,Charlotte,Mecklenburg,NC,35.2553257221247,-80.8163959794709,Clear,39.1,98.8,10.0,6.0,False,False,False,False,False,Day
A-1549,3,2022-06-11 06:46:33,Los Angeles,Los Angeles,CA,34.04550853241597,-118.19264197227318,Fog,76.7,44.5,10.0,9.1,True,True,False,False,False,Day
A-1550,2,2022-01-16 11:02:29,Dallas,Dallas,TX,32.67914592168532,-96.76391501314755,Fog,62.4,30.2,9.1,0.0,False,False,False,False,True,Day
A-1551,3,2022-09-06 08:51:06,Chicago,Cook,IL,41.912853755403056,-87.63194019789943,Overcast,62.5,41.6,9.6,2.9,False,False,False,False,True,Day
A-1552,3,2022-07-05 13:14:13,Dallas,Dallas,TX,32.78544086749572,-96.83559717318595,Clear,64.2,56.8,10.0,7.4,False,False,False,False,True,Day
A-1553,2,2022-04-01 14:58:13,Austin,Travis,TX,30.342877960549615,-97.74432864783603,Fair,73.5,87.8,10.0,6.6,False,False,False,False,False,Day
A-1554,2,2022-09-19 00:49:28,Seattle,King,WA,47.562952701276274,-122.29029414234053,Fair,52.7,50.3,9.0,5.2,True,True,False,False,False,Night
A-1555,1,2022-05-03 16:53:05,Miami,Miami-Dade,FL,25.750047866848906,-80.23293297530944,Fair,73.4,30.8,10.0,1.4,False,False,False,False,True,Day
A-1556,1,2022-02-09 16:22:27,Miami,Miami-Dade,FL,25.814999671798287,-80.18394875913826,Clear,66.7,60.3,6.9,4.6,False,False,False,False,False,Day
A-1557,2,2022-09-06 09:13:19,Dallas,Dallas,TX,32.73091895474402,-96.8875096077682,Fair,50.6,84.4,8.4,5.1,False,False,False,False,False,Day
A-1558,2,2022-09-22 04:26:59,Houston,Harris,TX,29.81193747081763,-95.41021900733658,Clear,74.1,59.9,8.6,1.7,False,False,False,False,False,Night
A-1559,2,2022-02-19 16:55:01,Seattle,King,WA,47.65904148045993,-122.37503336467243,Overcast,65.9,64.0,7.6,3.7,True,False,False,False,False,Day
A-1560,3,2022-10-23 20:39:47,Atlanta,Fulton,GA,33.76468901865806,-84.3039825023066,Cloudy,49.3,59.5,10.0,6.2,True,False,False,False,False,Night
A-1561,2,2022-01-23 07:28:02,Houston,Harris,TX,29.75214355929162,-95.43667201659129,Fair,50.4,55.8,9.9,8.9,False,False,False,False,False,Day
A-1562,2,2022-11-11 08:01:19,Miami,Miami-Dade,FL,25.729335659378343,-80.17187233242542,Cloudy,72.2,100.0,10.0,10.7,True,False,False,False,False,Day
A-1563,2,2022-02-09 07:52:14,Austin,Travis,TX,30.231145864164368,-97.66337636926312,Clear,80.2,86.3,8.8,2.8,False,False,False,False,False,Day
A-1564,3,2022-01-23 14:41:00,Miami,Miami-Dade,FL,25.777241536200695,-80.14152933498842,Clear,69.2,97.5,6.7,5.6,False,False,False,False,False,Day
A-1565,3,2022-04-30 06:06:44,Austin,Travis,TX,30.12332689832899,-97.66702749214153,Clear,78.3,100.0,8.9,6.0,False,False,False,False,False,Day
A-1566,2,2022-12-11 09:48:00,Houston,Harris,TX,29.732547176855437,-95.28630243585107,Overcast,83.5,85.7,8.2,6.2,True,False,False,False,False,Day
A-1567,3,2022-01-15 16:57:02,Dallas,Dallas,TX,32.741951796163924,-96.79419092416096,Clear,61.6,50.6,7.0,5.9,False,True,False,False,False,Day
A-1568,3,2022-06-30 13:23:00,Los Angeles,Los Angeles,CA,34.00279788688745,-118.21994472107902,Fair,67.5,77.7,10.0,2.3,False,False,False,False,False,Day
A-1569,3,2022-03-02 09:09:12,Dallas,Dallas,TX,32.785985539520794,-96.78725368043654,Clear,75.0,98.2,8.5,8.9,False,False,False,False,True,Day
A-1570,3,2022-06-08 10:08:13,Houston,Harris,TX,29.686910525368244,-95.34576157350841,Clear,47.8,70.7,5.4,5.7,False,False,False,False,False,Day
A-1571,2,2022-12-03 14:34:54,Dallas,Dallas,TX,32.83684361806134,-96.77591014797089,Clear,80.5,53.1,9.0,7.1,False,False,False,False,False,Day
A-1572,2,2022-03-19 00:06:41,Los Angeles,Los Angeles,CA,34.097879028810716,-118.15783027243742,Cloudy,85.5,87.5,9.0,7.3,False,False,False,False,False,Night
A-1573,2,2022-05-01 05:08:46,Orlando,Orange,FL,28.606277408324573,-81.36461098894836,Fair,53.9,34.5,10.0,4.6,False,True,False,False,False,Night
A-1574,1,2022-05-01 18:38:51,Seattle,King,WA,47.57983869446977,-122.37978859160813,Cloudy,108.0,62.8,9.2,10.1,False,False,False,False,False,Day
A-1575,2,2022-03-12 05:14:17,Miami,Miami-Dade,FL,25.772089989137886,-80.16200813529795,Clear,76.9,75.2,7.8,5.2,False,False,False,False,True,Night
A-1576,3,2022-08-08 16:22:11,Los Angeles,Los Angeles,CA,34.093358550527924,-118.20715975860871,Clear,62.7,57.8,10.0,7.7,False,False,False,False,False,Day
A-1577,2,2022-05-19 18:25:07,Los Angeles,Los Angeles,CA,34.04565969456172,-118.28479770528308,Cloudy,33.8,72.5,7.7,7.4,False,False,False,False,False,Day
A-1578,4,2022-05-07 08:33:01,Dallas,Dallas,TX,32.748369752302786,-96.84014277607507,Clear,63.6,73.1,10.0,8.0,False,False,False,False,False,Day
A-1579,2,2022-03-16 09:03:05,Dallas,Dallas,TX,32.782683952493294,-96.74945782003299,Clear,71.3,71.2,10.0,11.3,False,False,False,False,True,Day
A-1580,2,2022-10-25 14:18:42,Charlotte,Mecklenburg,NC,35.21684882666143,-80.8697518143274,Clear,69.6,56.2,4.0,4.1,False,False,False,False,True,Day
A-1581,2,2022-04-22 18:07:38,Miami,Miami-Dade,FL,25.70816591954033,-80.21247911618283,Cloudy,45.3,51.9,7.5,7.0,False,False,False,False,True,Day
A-1582,2,2022-02-18 19:00:05,Houston,Harris,TX,29.641380988792662,-95.39287353758853,Cloudy,55.1,57.7,9.9,6.8,False,False,False,False,False,Night
A-1583,4,2022-04-04 16:47:26,Dallas,Dallas,TX,32.730522033965926,-96.78474348932349,Clear,75.2,32.6,9.2,5.8,False,False,False,False,False,Day
A-1584,3,2022-11-15 05:57:56,Charlotte,Mecklenburg,NC,35.10911941991671,-80.78793838069393,Fair,73.9,87.5,10.0,9.0,True,False,False,False,False,Night
A-1585,1,2022-11-29 15:48:23,Chicago,Cook,IL,41.834600550957184,-87.59636820824062,Cloudy,79.1,70.8,10.0,2.3,False,False,False,False,True,Day
A-1586,4,2022-05-06 10:34:03,Los Angeles,Los Angeles,CA,34.12315312561962,-118.2668131891531,Fair,66.8,63.4,10.0,12.6,True,False,False,False,False,Day
A-1587,3,2022-09-21 12:36:16,Orlando,Orange,FL,28.445874189007313,-81.31229670365104,Clear,64.5,46.5,5.6,12.8,False,True,False,False,False,Day
A-1588,2,2022-08-14 04:09:53,Houston,Harris,TX,29.782844989307378,-95.32632868109152,Cloudy,72.7,62.6,8.7,4.5,False,False,False,False,True,Night
A-1589,2,2022-05-29 07:26:41,Houston,Harris,TX,29.821534458938135,-95.3201767902461,Cloudy,66.4,62.2,10.0,6.6,False,False,False,False,False,Day
A-1590,2,2022-03-22 17:51:14,Orlando,Orange,FL,28.459666557599583,-81.33120360649521,Clear,42.0,51.3,8.9,0.0,False,False,False,False,False,Day
A-1591,2,2022-05-22 11:56:47,Orlando,Orange,FL,28.628016460202918,-81.40492944905282,Cloudy,87.8,81.0,8.7,4.4,False,False,False,False,True,Day
A-1592,3,2022-12-07 08:55:39,Chicago,Cook,IL,41.87427646890763,-87.67579267744458,Fair,78.8,37.4,10.0,16.2,False,False,False,False,False,Day
A-1593,2,2022-12-08 09:50:57,Los Angeles,Los Angeles,CA,34.120107634557414,-118.26062114790666,Overcast,71.3,41.8,9.7,9.4,False,False,False,True,False,Day
A-1594,2,2022-06-09 17:52:44,Los Angeles,Los Angeles,CA,34.06574210557479,-118.19416976850681,Clear,44.5,82.2,8.5,9.7,False,False,False,False,False,Day
A-1595,1,2022-12-04 16:57:30,Orlando,Orange,FL,28.515267343098614,-81.43819374207192,Clear,77.6,90.1,6.6,5.0,False,False,False,False,False,Day
A-1596,4,2022-01-20 08:54:10,Dallas,Dallas,TX,32.631328156048966,-96.8627553067411,Fair,58.4,65.6,10.0,6.6,False,False,False,False,False,Day
A-1597,3,2022-04-01 06:23:56,Miami,Miami-Dade,FL,25.705959875662643,-80.28248904122592,Fair,77.5,40.3,9.6,6.8,False,False,False,False,True,Day
A-1598,2,2022-01-16 07:28:55,Los Angeles,Los Angeles,CA,34.08618750962214,-118.30650455357625,Fair,73.2,86.4,8.1,1.4,False,False,False,False,False,Day
A-1599,2,2022-03-18 18:04:34,Los Angeles,Los Angeles,CA,34.1290641648681,-118.2831544337756,Cloudy,59.9,64.2,10.0,7.5,True,False,False,False,False,Day
A-1600,2,2022-11-18 14:21:08,Atlanta,Fulton,GA,33.678767354136,-84.38177524522847,Fair,80.8,62.5,5.8,10.0,False,False,False,False,True,Day
A-1601,3,2022-03-16 13:39:25,Los Angeles,Los Angeles,CA,34.04921667510915,-118.30127373392509,Cloudy,47.1,90.9,10.0,14.1,False,False,False,False,False,Day
A-1602,2,2022-04-06 14:04:28,Miami,Miami-Dade,FL,25.73940034710283,-80.15870259136685,Clear,65.8,76.7,10.0,8.0,False,False,False,False,False,Day
A-1603,3,2022-02-25 09:21:48,Miami,Miami-Dade,FL,25.7825907824253,-80.18954653925734,Cloudy,89.9,52.6,10.0,6.5,True,False,False,False,True,Day
A-1604,4,2022-03-16 17:27:37,Houston,Harris,TX,29.764818400987714,-95.47194354529604,Fair,72.3,28.6,10.0,6.5,False,False,False,False,True,Day
A-1605,2,2022-03-02 13:13:42,Los Angeles,Los Angeles,CA,34.033615983066426,-118.24462617701512,Clear,78.7,53.7,9.5,8.5,False,False,False,False,True,Day
A-1606,2,2022-11-04 06:08:37,Charlotte,Mecklenburg,NC,35.259055416274904,-80.8360234143874,Clear,66.2,69.5,7.8,10.1,False,False,False,False,False,Day
A-1607,2,2022-10-12 06:05:00,Los Angeles,Los Angeles,CA,34.017623479545584,-118.14787483966408,Clear,64.7,72.8,8.1,11.3,False,False,False,False,False,Day
A-1608,2,2022-02-03 13:15:51,Austin,Travis,TX,30.26776201169305,-97.73099839676969,Fair,46.7,35.5,6.5,0.0,False,False,True,False,True,Day
A-1609,2,2022-09-23 19:16:02,Miami,Miami-Dade,FL,25.80020532891767,-80.28026350411494,Clear,62.7,47.0,10.0,11.3,False,False,False,False,False,Night
A-1610,2,2022-11-25 08:36:16,Charlotte,Mecklenburg,NC,35.19078155936398,-80.83162033153587,Snow,75.1,10.0,9.3,2.2,False,False,False,False,False,Day
A-1611,2,2022-06-17 17:48:51,Seattle,King,WA,47.58825224803254,-122.32337956257194,Light Rain,48.6,66.9,10.0,3.1,False,False,False,False,False,Day
A-1612,2,2022-08-04 16:53:29,Dallas,Dallas,TX,32.74879904122541,-96.76675430864081,Overcast,50.6,25.7,10.0,6.2,False,False,False,False,False,Day
A-1613,3,2022-10-07 07:13:12,Charlotte,Mecklenburg,NC,35.24970846882791,-80.71125265817103,Fair,71.3,50.8,8.6,9.0,False,False,False,False,True,Day
A-1614,2,2022-08-16 03:25:26,Miami,Miami-Dade,FL,25.77917788270921,-80.21862853429472,Overcast,77.4,42.0,7.4,1.7,False,False,False,False,False,Night
A-1615,2,2022-10-21 06:40:47,Miami,Miami-Dade,FL,25.73579277396428,-80.22443118817195,Clear,95.2,73.5,7.6,4.6,False,False,True,False,False,Day
A-1616,3,2022-02-18 16:05:49,Dallas,Dallas,TX,32.793743637360585,-96.77354620040634,Fair,60.9,67.7,5.9,8.1,False,False,False,False,False,Day
A-1617,2,2022-02-10 07:05:01,Chicago,Cook,IL,41.73749678633678,-87.5385218157421,Fair,61.3,45.3,6.8,8.9,False,False,False,False,False,Day
A-1618,3,2022-08-02 09:09:49,Dallas,Dallas,TX,32.818463620395434,-96.76344769767022,Clear,77.5,63.1,10.0,8.8,False,True,False,False,False,Day
A-1619,3,2022-07-20 12:27:23,Charlotte,Mecklenburg,NC,35.27188506499256,-80.86023208509582,Clear,73.6,73.5,10.0,10.8,False,False,False,False,True,Day
A-1620,2,2022-11-05 16:03:55,Orlando,Orange,FL,28.512980941003505,-81.32995701807646,Fair,61.1,66.1,9.0,11.6,False,False,False,False,True,Day
A-1621,1,2022-05-17 06:41:11,Houston,Harris,TX,29.725134156701447,-95.28010710557922,Clear,64.6,10.0,10.0,7.4,False,False,False,False,False,Day
A-1622,2,2022-08-07 10:52:33,Los Angeles,Los Angeles,CA,34.04932382449235,-118.28213946410213,Cloudy,55.6,100.0,10.0,6.7,False,False,False,False,False,Day
A-1623,2,2022-04-18 12:08:26,Charlotte,Mecklenburg,NC,35.181596412181555,-80.89313433288845,Rain,47.7,70.8,8.4,3.8,False,False,False,False,True,Day
A-1624,2,2022-01-08 13:33:39,Chicago,Cook,IL,41.84036725165555,-87.62700684325533,Clear,63.0,82.5,10.0,4.7,False,False,False,True,False,Day
A-1625,4,2022-05-23 17:48:16,Los Angeles,Los Angeles,CA,34.06759263872118,-118.22864256829766,Fair,87.8,45.5,8.7,1.5,False,False,True,False,False,Day
A-1626,2,2022-05-26 07:35:49,Orlando,Orange,FL,28.578753061048246,-81.30999718113367,Cloudy,54.2,41.3,8.1,12.6,False,False,False,False,False,Day
A-1627,2,2022-10-14 17:48:08,Miami,Miami-Dade,FL,25.777593578391322,-80.21523851986464,Clear,43.5,49.4,9.2,6.7,False,False,False,False,False,Day
A-1628,4,2022-10-13 15:18:45,Charlotte,Mecklenburg,NC,35.37141644406088,-80.82300605066871,Rain,49.9,100.0,6.2,10.0,False,False,True,False,False,Day
A-1629,3,2022-09-15 13:16:01,Los Angeles,Los Angeles,CA,34.114629373960824,-118.16585505950067,Light Rain,73.0,53.6,8.9,17.7,False,False,False,False,False,Day
A-1630,2,2022-08-17 16:04:58,Houston,Harris,TX,29.797168777747725,-95.35860105489235,Clear,71.4,58.7,4.4,15.9,False,False,False,False,False,Day
A-1631,2,2022-06-30 10:53:47,Austin,Travis,TX,30.302159418932643,-97.76286089378667,Clear,84.1,97.1,10.0,11.4,False,True,False,False,False,Day
A-1632,2,2022-01-25 06:53:26,Miami,Miami-Dade,FL,25.76603794429146,-80.16329014722385,Fog,80.9,52.8,6.4,5.5,True,False,False,False,False,Day
A-1633,4,2022-12-07 15:07:07,Dallas,Dallas,TX,32.8019326720267,-96.81351818516272,Heavy Rain,69.5,60.3,9.0,10.2,False,False,False,False,False,Day
A-1634,2,2022-02-21 13:31:42,Austin,Travis,TX,30.277079769112998,-97.72621891086267,Fair,74.8,33.5,10.0,7.0,False,False,False,False,False,Day
A-1635,3,2022-05-30 15:27:54,Atlanta,Fulton,GA,33.801541927271835,-84.39732041759446,Clear,53.8,98.9,9.1,3.2,False,True,False,False,False,Day
A-1636,2,2022-11-26 08:49:55,Miami,Miami-Dade,FL,25.747743028094384,-80.19901693632599,Cloudy,75.3,44.8,5.2,3.4,False,False,False,False,True,Day
A-1637,3,2022-03-04 18:51:08,Houston,Harris,TX,29.74377104465572,-95.38994242411675,Clear,63.4,56.6,9.3,10.4,False,False,False,False,False,Day
A-1638,2,2022-09-24 14:45:18,Los Angeles,Los Angeles,CA,34.11110341201406,-118.27238533433207,Rain,77.8,10.0,8.5,9.9,False,False,False,False,False,Day
A-1639,4,2022-04-09 05:07:33,Chicago,Cook,IL,41.85510046239542,-87.58010079547276,Overcast,71.3,56.6,10.0,11.9,False,False,False,False,False,Night
A-1640,3,2022-05-06 11:30:37,Atlanta,Fulton,GA,33.70175356513436,-84.37850117793626,Cloudy,57.9,58.5,8.8,6.1,True,False,False,False,False,Day
A-1641,2,2022-01-05 16:18:42,Charlotte,Mecklenburg,NC,35.189693526492604,-80.77940973223596,Clear,48.5,51.7,10.0,5.2,False,False,False,False,False,Day
A-1642,3,2022-09-04 17:09:11,Seattle,King,WA,47.643630851602474,-122.44461947466289,Cloudy,57.5,25.2,9.9,2.6,False,False,False,False,True,Day
A-1643,3,2022-09-04 12:29:59,Charlotte,Mecklenburg,NC,35.36069429367466,-80.8690903414076,Clear,67.8,70.9,10.0,0.4,False,False,False,True,False,Day
A-1644,3,2022-05-07 18:23:31,Dallas,Dallas,TX,32.73231545035755,-96.83403439813642,Clear,52.8,22.0,8.8,3.6,True,True,False,False,False,Day
A-1645,2,2022-05-28 08:46:23,Los Angeles,Los Angeles,CA,34.08445743206986,-118.25639736242378,Fair,62.7,26.9,10.0,4.4,False,True,False,False,False,Day
A-1646,2,2022-08-04 10:25:02,Austin,Travis,TX,30.274888809011035,-97.79469988524649,Fair,81.3,54.8,8.0,2.5,True,False,False,False,False,Day
A-1647,3,2022-08-21 18:09:49,Los Angeles,Los Angeles,CA,34.10860944973049,-118.32406354478032,Overcast,82.6,84.2,5.3,4.9,False,False,False,False,False,Day
A-1648,3,2022-09-08 18:28:37,Austin,Travis,TX,30.299018966427113,-97.70948726754985,Light Rain,72.2,59.0,6.8,14.6,False,False,False,False,True,Day
A-1649,2,2022-05-08 15:52:12,Austin,Travis,TX,30.32670945612067,-97.77276025629597,Fair,85.4,66.0,9.2,4.2,False,False,False,False,False,Day
A-1650,3,2022-04-22 17:25:19,Orlando,Orange,FL,28.55290678485983,-81.35141705540714,Fair,46.0,46.6,9.5,0.0,False,False,False,False,True,Day
A-1651,1,2022-05-03 05:19:13,Los Angeles,Los Angeles,CA,34.0104613006787,-118.30261543051077,Fair,84.5,46.5,9.3,7.6,False,False,True,False,False,Night
A-1652,3,2022-08-17 17:13:07,Miami,Miami-Dade,FL,25.727699261589056,-80.27360042895756,Clear,44.6,77.6,10.0,9.6,False,True,False,False,True,Day
A-1653,2,2022-02-10 08:33:49,Miami,Miami-Dade,FL,25.77229902981597,-80.17973873665925,Cloudy,65.2,84.6,9.4,3.5,False,False,False,False,False,Day
A-1654,2,2022-08-04 07:39:02,Houston,Harris,TX,29.78375413707546,-95.33816583115154,Fair,52.8,82.2,9.7,10.0,False,False,False,False,True,Day
A-1655,2,2022-04-12 07:54:25,Los Angeles,Los Angeles,CA,34.03298944152023,-118.27447774168489,Rain,76.1,72.3,10.0,14.2,False,False,False,True,True,Day
A-1656,2,2022-09-22 10:57:40,Atlanta,Fulton,GA,33.84975297879163,-84.4388536225514,Cloudy,41.5,66.6,5.6,6.1,False,False,False,False,True,Day
A-1657,2,2022-11-11 07:07:48,Charlotte,Mecklenburg,NC,35.27416109658573,-80.78063636929083,Clear,38.5,31.3,10.0,10.0,False,False,False,False,True,Day
A-1658,2,2022-08-15 08:54:55,Miami,Miami-Dade,FL,25.65750467353956,-80.19466141130131,Clear,55.2,48.6,10.0,10.7,False,False,False,False,False,Day
A-1659,2,2022-08-04 06:20:09,Houston,Harris,TX,29.754254885202208,-95.41970630075461,Fair,54.1,45.7,10.0,8.6,False,False,False,False,False,Day
A-1660,2,2022-04-30 08:24:55,Houston,Harris,TX,29.708914126726643,-95.44465462993159,Clear,56.4,61.4,9.6,10.6,False,False,True,False,True,Day
A-1661,3,2022-08-14 14:21:48,Dallas,Dallas,TX,32.872014130806356,-96.83142091381447,Fair,54.9,75.6,10.0,9.1,False,False,False,False,False,Day
A-1662,2,2022-06-07 11:47:46,Charlotte,Mecklenburg,NC,35.11613298375234,-80.8628160629542,Clear,75.3,53.3,4.7,3.2,False,False,False,False,False,Day
A-1663,2,2022-03-24 09:03:29,Atlanta,Fulton,GA,33.76993709572274,-84.34985697577848,Fog,63.7,10.1,8.7,0.0,False,False,False,False,False,Day
A-1664,2,2022-03-24 16:28:42,Charlotte,Mecklenburg,NC,35.23326621988143,-80.84393466197673,Clear,88.2,85.2,6.4,7.7,False,False,False,False,False,Day
A-1665,3,2022-08-01 18:20:59,Chicago,Cook,IL,41.918795355871985,-87.63657444706757,Cloudy,68.5,42.1,9.8,6.1,False,False,False,False,False,Day
A-1666,3,2022-01-26 16:20:03,Seattle,King,WA,47.62233805284382,-122.37786803809217,Clear,78.2,43.2,7.0,0.5,False,True,False,False,True,Day
A-1667,1,2022-05-22 08:25:55,Miami,Miami-Dade,FL,25.865166234390305,-80.12276071066515,Fair,73.7,72.9,10.0,6.1,False,False,False,False,False,Day
A-1668,3,2022-05-03 16:08:54,Atlanta,Fulton,GA,33.794896523342665,-84.33917567436106,Clear,51.5,49.7,8.2,6.5,False,False,False,True,False,Day
A-1669,4,2022-12-26 06:44:17,Los Angeles,Los Angeles,CA,33.960295347354034,-118.19886502553715,Fair,57.2,60.5,6.4,8.2,False,False,False,False,False,Day
A-1670,2,2022-06-06 06:56:41,Austin,Travis,TX,30.337410808083757,-97.7461426841371,Fair,79.9,66.7,7.1,11.5,False,False,False,False,False,Day
A-1671,4,2022-07-24 09:10:24,Houston,Harris,TX,29.770557666530284,-95.34974881001669,Cloudy,38.4,63.0,6.4,3.8,False,False,False,False,True,Day
A-1672,2,2022-04-26 17:57:35,Seattle,King,WA,47.676495669376486,-122.4608519422184,Fair,72.3,55.0,8.9,0.0,True,False,False,False,True,Day
A-1673,2,2022-02-24 07:37:02,Seattle,King,WA,47.590346033262044,-122.3219776594186,Cloudy,62.3,62.5,10.0,5.4,False,False,False,False,False,Day
A-1674,2,2022-12-12 05:49:39,Austin,Travis,TX,30.21408351592126,-97.64695591526434,Light Rain,53.8,100.0,7.7,10.3,False,False,False,False,False,Night
A-1675,2,2022-08-26 06:44:06,Austin,Travis,TX,30.204631148493746,-97.77211781876606,Light Rain,61.0,85.9,6.1,12.4,False,False,False,False,False,Day
A-1676,2,2022-07-10 17:41:16,Miami,Miami-Dade,FL,25.81476980216344,-80.24108022917639,Cloudy,89.3,79.2,9.0,4.6,False,False,False,False,False,Day
A-1677,2,2022-11-25 15:44:28,Los Angeles,Los Angeles,CA,34.09205891742042,-118.25081902476096,Clear,39.1,69.6,8.9,9.3,False,False,False,False,False,Day
A-1678,1,2022-08-15 07:47:28,Houston,Harris,TX,29.730802621871618,-95.41287191583837,Fog,46.7,93.8,8.0,2.6,False,False,False,True,True,Day
A-1679,2,2022-03-13 13:05:04,Los Angeles,Los Angeles,CA,33.918695001048334,-118.289906573096,Heavy Rain,35.9,79.3,7.4,7.0,False,True,False,False,True,Day
A-1680,2,2022-04-15 13:08:37,Orlando,Orange,FL,28.59328374046971,-81.36594959234839,Cloudy,58.4,87.9,10.0,0.0,False,False,False,False,False,Day
A-1681,2,2022-08-17 15:02:12,Miami,Miami-Dade,FL,25.65982379534888,-80.1505750805324,Fair,55.6,88.6,7.8,5.7,False,False,False,False,False,Day
A-1682,2,2022-05-09 07:33:31,Chicago,Cook,IL,41.98679555758428,-87.6160972121935,Clear,67.4,75.4,6.1,8.3,False,True,False,False,False,Day
A-1683,4,2022-08-04 17:15:35,Dallas,Dallas,TX,32.70442928765119,-96.85431535339971,Overcast,57.8,72.4,8.8,5.2,False,False,False,False,True,Day
A-1684,2,2022-10-19 08:13:29,Austin,Travis,TX,30.26790384106657,-97.77656053600555,Light Rain,71.8,55.3,10.0,1.4,False,False,False,False,False,Day
A-1685,2,2022-12-11 15:12:26,Los Angeles,Los Angeles,CA,34.06370083688775,-118.22764611760493,Cloudy,53.2,100.0,9.9,7.3,False,False,False,False,False,Day
A-1686,2,2022-01-24 01:52:51,Seattle,King,WA,47.62444256104646,-122.29922982690107,Cloudy,96.5,60.6,5.8,14.3,False,False,False,False,False,Night
A-1687,2,2022-06-05 09:14:56,Atlanta,Fulton,GA,33.76521418124113,-84.39840087956794,Clear,74.2,39.3,10.0,3.7,False,False,False,False,False,Day
A-1688,1,2022-02-01 09:19:04,Charlotte,Mecklenburg,NC,35.23362197793278,-80.88776566159933,Fair,72.7,68.9,9.4,4.1,False,False,False,False,False,Day
A-1689,2,2022-11-22 13:17:55,Dallas,Dallas,TX,32.75499630604822,-96.75827892981972,Cloudy,74.4,57.6,10.0,6.0,False,False,False,False,False,Day
A-1690,3,2022-12-01 05:44:27,Austin,Travis,TX,30.25602763620303,-97.65247638551398,Clear,49.3,41.2,10.0,13.7,False,False,False,False,False,Night
A-1691,2,2022-11-29 16:01:19,Los Angeles,Los Angeles,CA,34.019609064244186,-118.18750966195975,Cloudy,61.3,42.4,10.0,1.7,False,False,False,False,False,Day
A-1692,2,2022-07-14 07:12:23,Charlotte,Mecklenburg,NC,35.23289383712766,-80.74387924408813,Overcast,61.9,62.1,10.0,3.9,False,False,False,False,True,Day
A-1693,1,2022-05-24 15:37:57,Houston,Harris,TX,29.672705729662063,-95.40086931383982,Clear,57.9,63.3,8.5,9.7,False,True,False,False,False,Day
A-1694,3,2022-10-25 17:47:44,Los Angeles,Los Angeles,CA,34.06797307661362,-118.19213010990401,Clear,59.8,32.8,9.0,2.1,False,True,False,False,True,Day
A-1695,3,2022-03-21 13:28:57,Houston,Harris,TX,29.755466403330647,-95.30538022533902,Overcast,77.4,53.1,6.6,3.6,True,False,False,False,False,Day
A-1696,2,2022-07-12 16:40:17,Los Angeles,Los Angeles,CA,34.09427162083863,-118.26805618153645,Clear,64.1,80.1,9.2,14.1,False,True,False,False,False,Day
A-1697,2,2022-05-19 15:57:14,Los Angeles,Los Angeles,CA,34.0370167862815,-118.28498164696262,Fair,69.5,10.0,10.0,14.0,False,False,False,False,True,Day
A-1698,4,2022-12-07 09:16:22,Los Angeles,Los Angeles,CA,34.08231142174744,-118.29175534547129,Cloudy,39.7,55.1,9.9,9.4,False,False,False,False,True,Day
A-1699,2,2022-04-25 17:05:28,Chicago,Cook,IL,41.905701261824554,-87.63435036964435,Overcast,38.8,60.6,10.0,8.3,False,False,True,False,False,Day
A-1700,2,2022-05-21 08:33:17,Charlotte,Mecklenburg,NC,35.220146742575785,-80.91838469360844,Light Rain,50.8,73.2,10.0,4.7,False,False,False,False,False,Day
A-1701,2,2022-01-03 14:41:09,Chicago,Cook,IL,41.89574411573931,-87.54532685510007,Fair,89.6,55.8,9.6,7.0,False,False,True,False,False,Day
A-1702,2,2022-07-22 16:43:16,Houston,Harris,TX,29.69326668683741,-95.43398872281284,Fair,95.1,52.3,8.7,3.9,False,False,False,False,False,Day
A-1703,4,2022-01-06 09:51:59,Miami,Miami-Dade,FL,25.828778274099047,-80.17070883569129,Light Rain,79.7,72.2,10.0,13.1,False,False,False,False,False,Day
A-1704,4,2022-04-14 08:26:52,Charlotte,Mecklenburg,NC,35.19982269137032,-80.95625472702946,Fair,59.1,59.0,8.1,7.6,False,False,False,False,False,Day
A-1705,3,2022-01-19 11:33:30,Houston,Harris,TX,29.751484215954957,-95.26753706874639,Fair,71.4,95.4,7.5,6.4,False,False,False,False,True,Day
A-1706,2,2022-07-15 17:06:37,Los Angeles,Los Angeles,CA,33.999558256467274,-118.1812281359627,Fair,83.9,72.4,7.2,7.2,False,False,False,False,True,Day
A-1707,2,2022-09-11 19:32:11,Dallas,Dallas,TX,32.738289415442864,-96.87668976950947,Fair,92.8,76.3,10.0,4.5,False,False,False,False,True,Night
A-1708,2,2022-06-02 13:18:08,Miami,Miami-Dade,FL,25.84387690997045,-80.17654771568172,Fair,47.7,61.5,9.3,9.1,False,False,False,False,False,Day
A-1709,4,2022-04-13 15:49:39,Dallas,Dallas,TX,32.783594507778915,-96.80907770502267,Fair,68.1,97.6,9.2,6.1,False,False,False,False,False,Day
A-1710,3,2022-11-13 18:09:11,Dallas,Dallas,TX,32.76186077811294,-96.78924890664298,Clear,60.2,48.8,10.0,18.6,False,False,False,False,False,Day
A-1711,2,2022-02-26 06:30:14,Los Angeles,Los Angeles,CA,34.03708223743437,-118.21193417144642,Thunderstorm,73.8,37.0,8.5,5.3,False,False,False,False,True,Day
A-1712,1,2022-12-09 07:03:35,Los Angeles,Los Angeles,CA,34.05229894090038,-118.28372890234265,Clear,65.8,58.1,7.5,10.3,False,True,False,False,False,Day
A-1713,2,2022-02-04 16:57:43,Austin,Travis,TX,30.303322886876476,-97.74578072077436,Clear,50.0,54.7,7.4,14.4,False,False,False,False,True,Day
A-1714,4,2022-06-24 17:46:16,Houston,Harris,TX,29.77009192685774,-95.46027536128771,Fair,70.9,57.2,7.3,0.0,False,False,False,False,False,Day
A-1715,2,2022-02-07 17:20:25,Los Angeles,Los Angeles,CA,34.06295974450855,-118.23954073237651,Fair,54.6,99.6,5.0,5.3,False,False,False,False,False,Day
A-1716,2,2022-08-09 10:04:32,Chicago,Cook,IL,41.831941354236854,-87.7327521637874,Rain,64.5,44.2,9.1,13.1,False,False,False,False,False,Day
A-1717,1,2022-09-26 05:05:36,Los Angeles,Los Angeles,CA,34.0375100462345,-118.17841026161324,Overcast,65.2,58.8,5.9,0.0,False,False,False,False,True,Night
A-1718,2,2022-03-16 11:56:52,Orlando,Orange,FL,28.546126023398422,-81.45244119303855,Light Rain,90.3,27.3,10.0,11.8,False,False,False,False,False,Day
A-1719,3,2022-09-24 07:58:04,Chicago,Cook,IL,41.8765404581847,-87.61508403754823,Light Rain,69.8,97.9,10.0,8.3,False,True,False,False,False,Day
A-1720,4,2022-11-24 08:50:52,Miami,Miami-Dade,FL,25.740906279130154,-80.15036856894315,Rain,63.7,13.5,7.8,13.2,False,False,False,False,False,Day
A-1721,4,2022-07-19 16:12:11,Los Angeles,Los Angeles,CA,34.02682477190178,-118.1504924944644,Clear,75.9,62.9,9.7,5.8,True,False,True,False,True,Day
A-1722,3,2022-05-11 05:58:03,Los Angeles,Los Angeles,CA,34.07397822377018,-118.15503267636147,Fair,51.7,33.2,10.0,8.1,False,True,False,False,False,Night
A-1723,2,2022-06-23 17:26:49,Miami,Miami-Dade,FL,25.784709858250757,-80.12210487380081,Fair,66.5,32.2,10.0,2.3,False,False,False,False,False,Day
A-1724,2,2022-09-25 10:12:43,Los Angeles,Los Angeles,CA,34.101670632849135,-118.24450197307021,Fair,74.5,42.3,8.2,6.1,False,True,False,False,True,Day
A-1725,2,2022-06-29 14:14:45,Orlando,Orange,FL,28.54808919111608,-81.32341725641666,Cloudy,73.8,37.9,6.2,3.9,False,False,False,False,True,Day
A-1726,3,2022-11-14 05:09:21,Los Angeles,Los Angeles,CA,33.94838926583668,-118.22990238957328,Fair,57.1,65.4,7.2,4.7,False,False,False,False,True,Night
A-1727,2,2022-11-26 08:24:14,Charlotte,Mecklenburg,NC,35.345014547043306,-80.82504040236837,Cloudy,70.5,34.5,5.7,7.6,False,True,False,False,True,Day
A-1728,2,2022-03-11 05:20:20,Chicago,Cook,IL,41.87765992545477,-87.66081087326009,Fair,75.2,80.8,10.0,3.9,False,False,False,False,False,Night
A-1729,2,2022-09-28 20:44:26,Austin,Travis,TX,30.24669886791678,-97.65602523886511,Clear,51.4,86.7,2.6,0.0,True,True,False,False,False,Night
A-1730,2,2022-06-16 17:49:21,Dallas,Dallas,TX,32.773791965174844,-96.83714350133717,Fair,55.9,93.1,7.0,8.0,False,False,True,False,True,Day
A-1731,3,2022-05-26 11:08:44,Miami,Miami-Dade,FL,25.74189529810245,-80.24532024963945,Overcast,60.2,29.4,9.0,7.9,False,False,False,False,False,Day
A-1732,3,2022-11-18 07:17:41,Dallas,Dallas,TX,32.73576479482863,-96.77661771722205,Cloudy,99.9,44.4,6.8,10.0,False,False,False,False,False,Day
A-1733,2,2022-05-20 19:56:05,Charlotte,Mecklenburg,NC,35.25782766861209,-80.93270291373915,Fog,53.8,50.4,7.3,7.0,False,False,False,False,False,Night
A-1734,1,2022-10-23 09:31:07,Houston,Harris,TX,29.752972685892978,-95.36392201527751,Light Rain,69.9,48.7,10.0,2.7,False,False,False,True,False,Day
A-1735,4,2022-10-20 06:20:17,Los Angeles,Los Angeles,CA,34.04772802548197,-118.16196840825452,Fair,59.7,76.0,6.8,13.1,False,False,False,False,False,Day
A-1736,3,2022-02-26 14:14:41,Seattle,King,WA,47.48105962620326,-122.31134566710728,Clear,50.9,66.4,8.1,5.6,False,False,False,False,False,Day
A-1737,2,2022-05-26 19:52:43,Houston,Harris,TX,29.74907558899854,-95.36821903773479,Cloudy,75.5,41.4,10.0,3.1,False,False,False,False,False,Night
A-1738,2,2022-03-15 00:27:59,Los Angeles,Los Angeles,CA,33.99836958231285,-118.28569954684119,Cloudy,43.8,54.4,8.3,12.8,False,True,False,False,True,Night
A-1739,2,2022-04-13 07:42:31,Houston,Harris,TX,29.734278177402118,-95.44491365810327,Fair,86.7,59.3,10.0,13.8,False,True,False,False,True,Day
A-1740,2,2022-05-01 19:14:17,Houston,Harris,TX,29.772214004697652,-95.32662208771377,Clear,49.4,56.6,10.0,0.0,True,False,False,False,False,Night
A-1741,3,2022-11-19 07:54:10,Austin,Travis,TX,30.236524425404397,-97.74170048520965,Fair,55.0,45.3,10.0,3.3,True,False,False,False,False,Day
A-1742,2,2022-07-28 06:50:34,Orlando,Orange,FL,28.514522920730062,-81.34797355449656,Clear,73.6,37.8,6.2,6.3,False,False,False,False,False,Day
A-1743,2,2022-05-22 14:20:46,Austin,Travis,TX,30.272028859097542,-97.85270819620003,Rain,76.3,75.0,8.8,8.1,False,False,False,False,False,Day
A-1744,1,2022-08-19 17:16:17,Los Angeles,Los Angeles,CA,34.02687433019518,-118.20710037841953,Cloudy,68.5,36.3,8.4,9.6,False,False,False,False,False,Day
A-1745,2,2022-09-01 12:33:27,Houston,Harris,TX,29.707634348513174,-95.27051102253134,Clear,57.0,74.2,8.2,17.1,False,False,False,False,False,Day
A-1746,2,2022-09-13 23:45:10,Charlotte,Mecklenburg,NC,35.141024717653025,-80.77603470625789,Clear,41.1,64.8,7.9,2.6,False,False,False,False,True,Night
A-1747,2,2022-12-16 15:30:59,Los Angeles,Los Angeles,CA,34.069028789200786,-118.2288670336742,Cloudy,63.7,42.9,8.7,7.6,True,False,False,False,False,Day
A-1748,1,2022-08-08 05:38:09,Miami,Miami-Dade,FL,25.735874770281026,-80.24402362691895,Cloudy,52.2,70.2,4.2,1.1,False,False,False,False,False,Night
A-1749,2,2022-06-06 23:17:05,Austin,Travis,TX,30.183923947463988,-97.73701016797905,Fair,101.2,45.7,7.1,7.9,False,False,False,False,False,Night
A-1750,2,2022-03-08 10:30:47,Los Angeles,Los Angeles,CA,34.11448312712195,-118.23599559834973,Cloudy,67.0,71.3,10.0,13.6,False,False,False,False,True,Day
A-1751,1,2022-07-31 08:49:05,Charlotte,Mecklenburg,NC,35.244001274862526,-80.86788057991137,Cloudy,45.7,44.3,7.9,0.0,True,False,False,False,True,Day
A-1752,2,2022-10-08 13:02:47,Miami,Miami-Dade,FL,25.702302473571216,-80.21276266317214,Fair,60.0,62.2,7.7,1.3,False,True,False,False,False,Day
A-1753,2,2022-11-30 08:43:29,Los Angeles,Los Angeles,CA,34.016968190202014,-118.13877170477204,Rain,76.4,59.0,8.9,10.1,True,False,False,True,False,Day
A-1754,2,2022-06-23 05:45:18,Miami,Miami-Dade,FL,25.814020598358987,-80.24008612953286,Fair,82.4,47.6,9.1,10.2,False,False,False,False,False,Night
A-1755,2,2022-11-27 00:18:08,Chicago,Cook,IL,41.869328577574265,-87.65124379191319,Clear,60.4,53.7,4.5,3.7,False,False,False,False,False,Night
A-1756,4,2022-06-23 11:45:36,Austin,Travis,TX,30.246281486196512,-97.71504461256329,Clear,63.2,47.1,9.3,10.3,False,False,False,False,False,Day
A-1757,4,2022-05-05 17:40:52,Chicago,Cook,IL,41.915633757725104,-87.52075455903157,Clear,73.5,83.4,10.0,12.2,True,False,False,False,False,Day
A-1758,1,2022-02-02 14:24:48,Charlotte,Mecklenburg,NC,35.21870915578276,-80.85815222477216,Fair,51.0,46.0,10.0,9.2,False,False,False,False,False,Day
A-1759,3,2022-11-04 23:05:17,Los Angeles,Los Angeles,CA,34.11368351631949,-118.33364296943834,Cloudy,70.2,58.6,7.1,12.8,False,False,False,False,False,Night
A-1760,2,2022-12-07 08:20:14,Charlotte,Mecklenburg,NC,35.206464987915005,-80.94992914425022,Clear,69.3,18.2,10.0,8.3,False,False,False,False,True,Day
A-1761,2,2022-02-17 08:02:01,Houston,Harris,TX,29.731881534259045,-95.24379460455889,Light Rain,73.0,46.3,10.0,6.0,False,False,False,False,True,Day
A-1762,2,2022-06-14 06:39:58,Seattle,King,WA,47.60702959596822,-122.42756714757262,Cloudy,64.4,72.7,10.0,8.1,False,False,False,True,False,Day
A-1763,2,2022-09-20 07:01:45,Los Angeles,Los Angeles,CA,34.1004338729182,-118.23990113955597,Clear,41.5,69.5,10.0,10.4,False,False,False,False,False,Day
A-1764,2,2022-03-30 08:33:26,Charlotte,Mecklenburg,NC,35.23957565746894,-80.9187295733266,Clear,68.4,68.7,8.3,0.6,False,False,False,False,False,Day
A-1765,2,2022-10-29 17:53:38,Los Angeles,Los Angeles,CA,34.057377257041345,-118.2831362975549,Fair,51.9,59.4,9.0,8.1,True,True,False,False,True,Day
A-1766,3,2022-12-30 18:26:44,Miami,Miami-Dade,FL,25.721330673863193,-80.22421277331023,Clear,90.9,65.0,10.0,6.5,False,False,True,False,False,Day
A-1767,2,2022-09-09 21:22:29,Orlando,Orange,FL,28.49058418794255,-81.47696426422057,Clear,91.3,88.9,4.4,4.9,False,False,False,False,False,Night
A-1768,2,2022-01-05 07:07:18,Charlotte,Mecklenburg,NC,35.275388786856105,-80.78214841640842,Clear,47.8,41.5,7.5,2.5,False,False,False,False,False,Day
A-1769,2,2022-08-03 18:03:30,Houston,Harris,TX,29.81394211764295,-95.34826209974287,Fair,52.2,84.5,9.9,0.0,False,False,False,False,False,Day
A-1770,2,2022-01-04 08:50:09,Houston,Harris,TX,29.81232975578408,-95.39115236151659,Clear,30.4,42.4,8.5,4.9,True,True,False,False,False,Day
A-1771,4,2022-04-03 06:09:44,Houston,Harris,TX,29.799952527772017,-95.39854246225364,Clear,76.0,66.1,8.2,4.6,False,True,False,False,False,Day
A-1772,3,2022-07-08 17:35:50,Austin,Travis,TX,30.289525838335564,-97.6886753523378,Light Rain,56.4,42.9,10.0,10.8,False,False,False,False,False,Day
A-1773,4,2022-04-20 15:59:18,Atlanta,Fulton,GA,33.77056047784175,-84.38350067801366,Clear,69.1,77.0,10.0,11.5,False,False,False,False,False,Day
A-1774,2,2022-01-14 07:12:24,Chicago,Cook,IL,41.88477966217827,-87.52551645234878,Fair,56.9,34.2,10.0,3.6,True,False,False,False,False,Day
A-1775,2,2022-01-31 11:24:27,Austin,Travis,TX,30.29530360835906,-97.76548117327631,Clear,41.0,39.9,7.5,3.6,False,False,False,False,False,Day
A-1776,2,2022-12-10 08:52:38,Miami,Miami-Dade,FL,25.759615468383704,-80.17052104422105,Clear,68.2,57.8,7.9,4.8,False,False,False,False,False,Day
A-1777,2,2022-03-23 16:04:16,Orlando,Orange,FL,28.566263550137375,-81.44077043914196,Cloudy,84.3,44.2,9.8,11.5,False,False,False,False,False,Day
A-1778,2,2022-07-07 11:42:46,Houston,Harris,TX,29.806277990522652,-95.3914624049869,Clear,64.6,45.8,9.9,4.3,False,False,False,False,True,Day
A-1779,3,2022-11-07 22:21:38,Miami,Miami-Dade,FL,25.698811852071916,-80.13992454737811,Clear,49.6,57.6,10.0,14.9,False,False,False,False,False,Night
A-1780,2,2022-12-29 04:56:05,Seattle,King,WA,47.661015695612534,-122.2731590513409,Fair,62.8,35.0,9.7,7.5,True,False,False,False,True,Night
A-1781,2,2022-07-20 09:01:50,Los Angeles,Los Angeles,CA,34.04930941986417,-118.15163434861414,Clear,72.7,62.6,10.0,8.8,True,False,False,False,False,Day
A-1782,3,2022-01-11 12:56:29,Atlanta,Fulton,GA,33.82190999294067,-84.36574699070337,Fair,62.0,67.4,10.0,5.1,False,False,False,False,True,Day
A-1783,3,2022-11-03 12:36:47,Houston,Harris,TX,29.823923309704323,-95.30801195590304,Clear,48.5,28.5,8.5,13.5,False,False,False,False,True,Day
A-1784,2,2022-03-09 08:00:18,Dallas,Dallas,TX,32.72516240162449,-96.76580563343722,Clear,95.3,64.9,7.4,8.7,False,False,False,False,False,Day
A-1785,2,2022-12-27 16:01:55,Dallas,Dallas,TX,32.7767317426442,-96.81765135828613,Clear,42.3,64.1,10.0,5.1,False,True,False,False,False,Day
A-1786,2,2022-12-11 17:32:14,Atlanta,Fulton,GA,33.65570832004364,-84.46370410146181,Fog,99.1,68.7,8.3,1.7,False,False,False,False,False,Day
A-1787,2,2022-08-29 19:40:26,Dallas,Dallas,TX,32.75739615094849,-96.80857319162594,Fair,63.6,62.3,8.8,9.7,False,True,False,False,False,Night
A-1788,1,2022-08-15 17:44:18,Dallas,Dallas,TX,32.794486980381144,-96.85426455101049,Fair,78.5,67.0,7.3,4.4,False,False,False,False,False,Day
A-1789,1,2022-05-03 17:09:19,Los Angeles,Los Angeles,CA,34.09454771541678,-118.19097029678561,Cloudy,68.2,67.0,9.0,6.3,False,False,False,False,False,Day
A-1790,2,2022-12-04 13:20:13,Charlotte,Mecklenburg,NC,35.230561805981445,-80.78753240665034,Overcast,51.8,64.9,10.0,3.3,True,False,False,False,True,Day
A-1791,2,2022-01-05 17:25:43,Los Angeles,Los Angeles,CA,34.07433797901944,-118.29447627673127,Cloudy,84.9,67.4,8.2,3.3,False,False,False,False,False,Day
A-1792,3,2022-08-31 08:16:17,Orlando,Orange,FL,28.503178129947873,-81.32359271572817,Overcast,74.2,90.8,7.6,4.6,False,False,False,False,False,Day
A-1793,3,2022-12-05 10:19:37,Charlotte,Mecklenburg,NC,35.22614903452055,-80.90211523783186,Fair,63.6,86.2,9.1,6.7,False,False,False,False,False,Day
A-1794,2,2022-03-30 08:43:57,Orlando,Orange,FL,28.508792079710652,-81.30696857766847,Fair,75.9,57.7,9.9,2.2,True,False,False,False,False,Day
A-1795,3,2022-03-08 12:10:15,Los Angeles,Los Angeles,CA,34.06632792202429,-118.25178317172595,Overcast,62.9,47.5,9.0,6.0,True,False,False,False,False,Day
A-1796,2,2022-10-19 08:58:39,Los Angeles,Los Angeles,CA,34.12168639412426,-118.22076172394151,Light Rain,32.0,85.4,10.0,4.1,False,True,False,False,True,Day
A-1797,2,2022-05-01 20:01:59,Orlando,Orange,FL,28.535453164432596,-81.30673205141582,Clear,39.3,100.0,9.2,6.5,True,False,False,False,True,Night
A-1798,2,2022-08-19 08:28:46,Los Angeles,Los Angeles,CA,33.9836452406882,-118.21385531482493,Fair,64.7,59.4,10.0,10.7,False,False,False,False,False,Day
A-1799,2,2022-07-31 06:01:00,Los Angeles,Los Angeles,CA,34.06201381287149,-118.25037948334503,Cloudy,60.2,70.0,10.0,7.8,False,False,False,False,False,Day
A-1800,2,2022-08-14 13:40:47,Los Angeles,Los Angeles,CA,34.087471787337044,-118.19996662513614,Clear,63.7,53.5,9.8,4.6,False,False,False,False,False,Day
A-1801,4,2022-09-21 04:02:11,Chicago,Cook,IL,41.83219867788703,-87.67817305608008,Rain,59.9,70.6,7.1,6.8,True,False,False,False,False,Night
A-1802,2,2022-02-05 06:00:40,Orlando,Orange,FL,28.60039205775791,-81.47564970265078,Fair,48.2,20.4,7.3,9.4,False,False,False,False,False,Day
A-1803,4,2022-02-08 07:53:05,Houston,Harris,TX,29.730583032612543,-95.31249861428454,Cloudy,44.3,49.5,6.8,9.8,False,False,False,False,False,Day
A-1804,2,2022-07-25 11:34:03,Miami,Miami-Dade,FL,25.72368823915984,-80.25743246276451,Clear,52.3,74.5,6.4,7.8,False,False,False,False,False,Day
A-1805,2,2022-05-30 11:50:28,Miami,Miami-Dade,FL,25.67266898564268,-80.14570748147855,Clear,76.3,42.5,9.5,14.2,False,False,False,False,False,Day
A-1806,2,2022-01-13 17:00:39,Austin,Travis,TX,30.280639971293738,-97.73603836187645,Clear,52.7,71.1,10.0,3.5,False,False,False,False,True,Day
A-1807,2,2022-06-03 16:16:18,Dallas,Dallas,TX,32.867499575973966,-96.79772486161289,Clear,80.6,70.4,10.0,9.1,False,False,False,False,False,Day
A-1808,2,2022-10-13 10:32:14,Los Angeles,Los Angeles,CA,34.070537502097615,-118.2909503708224,Fair,49.5,71.6,10.0,6.7,False,False,False,False,False,Day
A-1809,2,2022-08-12 08:30:20,Los Angeles,Los Angeles,CA,34.01549084182716,-118.26621434235506,Light Rain,82.8,49.9,6.9,11.1,False,False,False,False,True,Day
A-1810,2,2022-12-27 08:34:40,Los Angeles,Los Angeles,CA,34.07786086737858,-118.24301979633397,Fair,57.3,75.3,10.0,7.0,False,False,False,False,False,Day
A-1811,2,2022-10-02 16:15:55,Dallas,Dallas,TX,32.8167176576785,-96.78707134941628,Clear,60.4,97.0,10.0,15.3,False,False,False,False,False,Day
A-1812,2,2022-05-10 04:50:58,Austin,Travis,TX,30.32523326160342,-97.78825241883679,Clear,60.5,50.2,10.0,7.4,False,False,False,False,False,Night
A-1813,2,2022-12-06 01:11:27,Miami,Miami-Dade,FL,25.699951141814896,-80.15461889591131,Cloudy,73.7,46.6,9.7,9.9,False,False,False,False,False,Night
A-1814,2,2022-12-18 17:11:32,Los Angeles,Los Angeles,CA,34.12985298850211,-118.20334126588438,Fair,68.8,56.6,10.0,6.2,False,False,False,False,True,Day
A-1815,3,2022-02-21 12:39:48,Los Angeles,Los Angeles,CA,34.06287230379946,-118.21950568506756,Snow,67.1,65.5,9.2,8.4,False,False,False,False,False,Day
A-1816,4,2022-06-21 06:59:51,Chicago,Cook,IL,41.9657597279256,-87.65173400543064,Overcast,63.8,39.4,9.9,4.6,False,False,False,False,False,Day
A-1817,2,2022-08-20 07:38:40,Miami,Miami-Dade,FL,25.769479410693243,-80.14882677923742,Overcast,56.5,50.9,10.0,8.7,False,False,False,False,True,Day
A-1818,2,2022-06-03 19:21:25,Austin,Travis,TX,30.296038151840285,-97.71204702948464,Clear,81.5,89.1,9.5,0.0,False,True,False,False,False,Night
A-1819,2,2022-03-19 17:25:23,Dallas,Dallas,TX,32.729268603560804,-96.89470662871464,Overcast,66.3,82.7,6.0,4.8,False,False,False,False,False,Day
A-1820,4,2022-10-15 16:11:46,Houston,Harris,TX,29.809642033249887,-95.35923414852871,Clear,73.6,40.2,7.0,4.2,False,True,False,False,True,Day
A-1821,2,2022-02-05 12:47:46,Miami,Miami-Dade,FL,25.707854351130194,-80.09514217529964,Fair,68.0,97.3,10.0,14.6,False,False,False,False,False,Day
A-1822,2,2022-02-20 13:19:15,Los Angeles,Los Angeles,CA,34.065638932099176,-118.19510374531683,Fair,58.7,51.4,9.2,4.1,False,False,False,False,False,Day
A-1823,2,2022-11-04 21:42:25,Dallas,Dallas,TX,32.755173011205116,-96.73932726795603,Fair,100.9,66.7,10.0,5.1,False,False,False,False,False,Night
A-1824,2,2022-02-18 20:28:44,Austin,Travis,TX,30.26279475598874,-97.77815611058645,Clear,83.5,60.8,6.9,4.0,False,False,False,False,False,Night
A-1825,3,2022-02-05 07:05:47,Dallas,Dallas,TX,32.830961238678384,-96.79071793819261,Fair,56.9,78.4,9.7,8.6,False,False,False,False,True,Day
A-1826,3,2022-05-09 17:42:19,Charlotte,Mecklenburg,NC,35.20934887449686,-80.85225680497587,Clear,95.8,37.1,10.0,5.7,False,False,False,False,False,Day
A-1827,2,2022-05-19 07:01:43,Los Angeles,Los Angeles,CA,34.107483749394866,-118.24381175750558,Clear,78.9,49.5,5.3,5.2,False,False,False,False,False,Day
A-1828,4,2022-02-26 07:18:33,Chicago,Cook,IL,41.85775182762995,-87.65551496539221,Cloudy,48.6,41.7,9.4,15.6,False,False,False,False,False,Day
A-1829,2,2022-12-31 15:13:23,Austin,Travis,TX,30.273745299507766,-97.80486448366953,Heavy Rain,78.2,38.9,9.4,7.6,True,True,True,False,True,Day
A-1830,4,2022-01-02 10:47:31,Miami,Miami-Dade,FL,25.86919085104013,-80.1885832979592,Overcast,71.2,45.1,9.6,9.7,False,False,False,False,False,Day
A-1831,3,2022-05-15 19:09:48,Chicago,Cook,IL,41.884186099547016,-87.66883188112186,Fair,67.5,43.3,10.0,8.6,True,True,False,False,True,Night
A-1832,2,2022-06-14 05:47:08,Dallas,Dallas,TX,32.77290684535033,-96.76769881279724,Clear,80.2,72.8,8.5,3.6,False,False,False,False,False,Night
A-1833,3,2022-09-15 12:59:28,Dallas,Dallas,TX,32.78369736956619,-96.7985343809692,Clear,70.1,52.3,8.1,4.7,False,False,False,False,False,Day
A-1834,2,2022-07-25 18:47:22,Orlando,Orange,FL,28.52178752388353,-81.47555977186292,Clear,34.9,54.9,8.7,2.5,False,False,False,False,False,Day
A-1835,1,2022-04-08 18:30:42,Austin,Travis,TX,30.21713222111974,-97.67400853184786,Fog,44.7,23.3,10.0,2.1,True,False,False,True,True,Day
A-1836,2,2022-09-26 06:53:44,Dallas,Dallas,TX,32.87965740963762,-96.77523398098235,Fair,52.2,79.8,9.3,7.1,False,True,False,False,False,Day
A-1837,2,2022-09-27 09:13:41,Los Angeles,Los Angeles,CA,34.03188378860155,-118.2665981614179,Light Rain,94.9,25.7,10.0,7.4,False,False,False,False,False,Day
A-1838,2,2022-11-03 15:43:33,Miami,Miami-Dade,FL,25.68557611738948,-80.20861932282011,Cloudy,74.8,61.9,4.4,6.5,False,False,False,False,False,Day
A-1839,2,2022-03-01 06:08:36,Atlanta,Fulton,GA,33.74122967953471,-84.44940601700371,Cloudy,73.1,86.6,9.2,8.5,False,True,False,False,False,Day
A-1840,3,2022-03-01 20:06:06,Miami,Miami-Dade,FL,25.779543665665894,-80.19492089245792,Heavy Rain,66.6,90.7,8.7,6.3,False,False,False,False,True,Night
A-1841,2,2022-08-29 18:02:13,Houston,Harris,TX,29.750010219791392,-95.33574099333235,Clear,51.2,32.3,9.2,12.0,False,False,False,False,False,Day
A-1842,2,2022-08-23 07:43:21,Houston,Harris,TX,29.757962795095775,-95.28255412686126,Fair,43.2,56.4,8.4,5.0,False,False,False,False,False,Day
A-1843,2,2022-08-10 06:27:44,Houston,Harris,TX,29.752204854498743,-95.37423368918314,Light Rain,79.9,75.4,6.4,10.9,False,False,False,False,False,Day
A-1844,2,2022-12-03 05:08:50,Dallas,Dallas,TX,32.7979768396348,-96.79455133634009,Fair,90.0,51.9,8.5,10.0,False,False,False,False,False,Night
A-1845,2,2022-02-05 18:16:33,Atlanta,Fulton,GA,33.78994889289673,-84.32837400099801,Clear,75.2,81.6,10.0,0.0,False,True,False,False,False,Day
A-1846,2,2022-01-13 07:17:12,Miami,Miami-Dade,FL,25.752076799826398,-80.24974072625437,Clear,57.6,19.2,9.2,1.0,False,True,False,False,False,Day
A-1847,3,2022-10-06 10:57:55,Los Angeles,Los Angeles,CA,34.18168231741678,-118.23641919306175,Overcast,58.9,63.0,5.4,0.1,False,False,False,True,False,Day
A-1848,2,2022-07-29 11:47:46,Los Angeles,Los Angeles,CA,34.10424458219557,-118.28151267405636,Clear,75.4,69.0,6.7,8.2,False,False,False,False,True,Day
A-1849,2,2022-07-22 14:27:48,Seattle,King,WA,47.605927168909346,-122.32554188993954,Rain,63.3,37.1,9.6,2.7,False,False,False,False,False,Day
A-1850,3,2022-09-23 05:13:41,Dallas,Dallas,TX,32.710778268441764,-96.75016263802796,Clear,62.6,76.0,6.9,11.2,False,False,False,False,False,Night
A-1851,2,2022-08-31 07:30:05,Miami,Miami-Dade,FL,25.767413632996437,-80.27440835767115,Cloudy,56.9,39.5,9.5,2.6,False,False,False,False,True,Day
A-1852,2,2022-01-16 19:48:04,Austin,Travis,TX,30.307894282435644,-97.68754187628817,Cloudy,55.0,92.5,10.0,7.7,False,False,True,False,False,Night
A-1853,2,2022-09-04 18:36:14,Seattle,King,WA,47.647277508659016,-122.31411591529603,Fair,63.2,53.5,9.9,2.9,False,False,False,False,False,Day
A-1854,3,2022-06-19 16:04:27,Seattle,King,WA,47.51356698380138,-122.32510456097113,Fair,41.2,56.8,7.0,9.3,True,False,False,False,False,Day
A-1855,4,2022-02-07 02:42:05,Atlanta,Fulton,GA,33.75476807880666,-84.32070001676381,Light Rain,74.3,39.3,9.3,5.7,False,False,False,False,True,Night
A-1856,3,2022-01-28 08:39:01,Miami,Miami-Dade,FL,25.73767066520444,-80.23133335001599,Cloudy,37.0,53.0,10.0,5.2,False,False,False,False,False,Day
A-1857,2,2022-12-27 15:22:21,Austin,Travis,TX,30.342059808438258,-97.81009037253301,Overcast,81.0,45.9,7.5,4.2,False,False,False,False,True,Day
A-1858,2,2022-02-09 08:39:29,Houston,Harris,TX,29.766583963559757,-95.42102128137648,Clear,57.1,66.0,6.8,2.6,False,False,False,False,True,Day
A-1859,3,2022-09-25 18:58:45,Seattle,King,WA,47.49198953453569,-122.30546467978239,Clear,63.2,65.2,8.8,8.4,False,False,False,False,True,Day
A-1860,2,2022-02-25 15:51:29,Orlando,Orange,FL,28.55671634993273,-81.40394814542591,Clear,73.4,58.2,10.0,4.3,False,False,False,False,False,Day
A-1861,2,2022-03-29 05:37:07,Austin,Travis,TX,30.16970593788287,-97.78677676461234,Clear,60.7,63.4,7.0,16.6,True,True,False,False,True,Night
A-1862,3,2022-05-03 18:51:17,Dallas,Dallas,TX,32.79920579204576,-96.84586763669158,Cloudy,53.9,38.1,8.1,13.4,False,False,False,False,False,Day
A-1863,2,2022-02-27 20:57:48,Los Angeles,Los Angeles,CA,34.181559912141935,-118.2349621269559,Fair,69.3,39.3,6.6,5.9,False,False,False,False,True,Night
A-1864,1,2022-01-11 05:47:44,Charlotte,Mecklenburg,NC,35.29511730775253,-80.84447695989637,Overcast,98.0,84.1,7.5,5.4,False,False,True,False,False,Night
A-1865,3,2022-01-20 13:30:36,Chicago,Cook,IL,41.891041394668605,-87.70073959976443,Clear,76.8,45.1,8.7,6.2,False,False,False,False,False,Day
A-1866,2,2022-03-22 08:45:45,Atlanta,Fulton,GA,33.716026981073774,-84.45727097668006,Fair,53.6,65.9,8.7,13.0,False,False,False,False,False,Day
A-1867,2,2022-01-04 10:24:45,Los Angeles,Los Angeles,CA,34.11590826402966,-118.27004387779797,Light Rain,59.7,13.9,3.5,15.4,False,True,False,False,False,Day
A-1868,3,2022-01-08 07:34:16,Los Angeles,Los Angeles,CA,34.083994519986646,-118.19779535403912,Rain,57.8,68.5,8.5,0.0,False,True,False,False,True,Day
A-1869,3,2022-04-08 14:53:03,Los Angeles,Los Angeles,CA,34.038857972908964,-118.26499466210575,Rain,49.5,83.2,10.0,12.3,False,False,False,False,False,Day
A-1870,1,2022-06-29 20:46:14,Orlando,Orange,FL,28.511362018725453,-81.45302411523481,Overcast,74.0,62.4,9.3,5.8,False,False,False,False,False,Night
A-1871,2,2022-07-07 12:01:42,Austin,Travis,TX,30.221863051834816,-97.74743096790674,Cloudy,60.1,63.4,8.5,3.7,False,False,False,False,False,Day
A-1872,3,2022-02-08 05:22:30,Miami,Miami-Dade,FL,25.78043419757146,-80.18989752468906,Rain,69.8,91.4,7.9,11.5,False,False,False,False,False,Night
A-1873,2,2022-01-18 15:12:32,Charlotte,Mecklenburg,NC,35.206261836138914,-80.91735278370945,Cloudy,25.8,65.7,7.2,7.3,False,False,False,False,False,Day
A-1874,2,2022-08-31 08:31:06,Seattle,King,WA,47.61459239180389,-122.39298959701921,Heavy Rain,75.4,46.3,9.2,12.5,False,False,False,False,False,Day
A-1875,2,2022-03-02 17:37:51,Orlando,Orange,FL,28.584688394551907,-81.34200308082382,Clear,56.1,51.2,9.9,10.8,False,False,False,False,False,Day
A-1876,3,2022-12-26 11:12:23,Charlotte,Mecklenburg,NC,35.205014581459444,-80.90462138966237,Rain,49.9,47.8,10.0,8.3,False,False,False,False,False,Day
A-1877,3,2022-01-05 07:17:33,Dallas,Dallas,TX,32.80895498881004,-96.75769586376546,Fair,44.9,79.5,7.5,13.5,False,False,False,False,False,Day
A-1878,2,2022-03-21 07:33:50,Charlotte,Mecklenburg,NC,35.28821646027762,-80.92043662439436,Clear,51.2,85.8,10.0,6.4,False,False,False,False,True,Day
A-1879,3,2022-08-13 16:42:49,Miami,Miami-Dade,FL,25.78145903097867,-80.26727057985883,Clear,58.6,81.3,10.0,2.6,False,False,False,False,False,Day
A-1880,3,2022-03-07 08:30:49,Charlotte,Mecklenburg,NC,35.262078330742575,-80.84194267250155,Light Rain,78.3,45.4,8.2,14.7,False,False,False,False,False,Day
A-1881,2,2022-09-03 16:59:00,Orlando,Orange,FL,28.5584319748909,-81.41693190880468,Fair,58.3,61.4,7.5,6.1,True,False,False,False,True,Day
A-1882,2,2022-05-30 07:38:14,Seattle,King,WA,47.60701310173446,-122.35883925219484,Snow,79.7,74.0,6.1,7.7,True,True,False,False,False,Day
A-1883,1,2022-08-07 08:32:22,Dallas,Dallas,TX,32.8185569168859,-96.78941723640492,Clear,69.4,36.6,9.1,4.8,False,False,False,False,False,Day
A-1884,4,2022-06-12 11:40:33,Austin,Travis,TX,30.3476607072317,-97.77130722544086,Fair,92.3,78.2,8.4,7.4,False,True,True,False,True,Day
A-1885,2,2022-08-29 19:24:55,Los Angeles,Los Angeles,CA,34.09494957036114,-118.2911071088544,Clear,57.5,77.0,10.0,8.3,False,False,True,False,False,Night
A-1886,2,2022-08-31 19:39:39,Houston,Harris,TX,29.750719027415297,-95.34527481357946,Fair,71.2,72.0,9.7,2.6,False,False,False,False,False,Night
A-1887,2,2022-01-18 07:04:11,Los Angeles,Los Angeles,CA,34.043826865753445,-118.23466444220271,Cloudy,83.7,76.4,5.0,2.6,False,False,False,False,False,Day
A-1888,2,2022-09-19 09:44:12,Miami,Miami-Dade,FL,25.755197193178144,-80.18963723799041,Cloudy,74.5,58.3,8.9,3.5,False,False,False,False,False,Day
A-1889,3,2022-12-08 06:49:41,Orlando,Orange,FL,28.585671378615693,-81.38010718651769,Clear,62.4,43.3,9.6,6.5,False,False,False,False,False,Day
A-1890,2,2022-07-01 12:11:00,Chicago,Cook,IL,41.85178801628165,-87.66989674618873,Clear,57.7,83.4,8.5,8.7,False,False,False,False,False,Day
A-1891,3,2022-09-04 11:42:49,Los Angeles,Los Angeles,CA,34.000981406815626,-118.29422121932119,Clear,35.8,60.9,10.0,12.2,False,False,False,False,False,Day
A-1892,2,2022-05-17 18:31:19,Houston,Harris,TX,29.783846169794394,-95.38703654873106,Light Rain,61.4,49.6,7.9,16.8,False,False,False,False,False,Day
A-1893,2,2022-08-13 19:33:34,Austin,Travis,TX,30.268282148067108,-97.78236779956032,Clear,51.2,62.6,10.0,7.7,False,False,False,False,False,Night
A-1894,3,2022-12-18 09:23:53,Miami,Miami-Dade,FL,25.835765825752937,-80.19242380253058,Fair,56.9,62.4,7.9,5.2,False,False,False,False,True,Day
A-1895,2,2022-02-18 12:49:45,Charlotte,Mecklenburg,NC,35.11426784768405,-80.8626820545227,Fair,65.8,50.7,8.3,0.0,False,False,False,False,False,Day
A-1896,2,2022-12-26 18:38:32,Orlando,Orange,FL,28.548704243212786,-81.3782995587393,Light Rain,41.6,70.9,10.0,8.0,False,True,True,False,True,Day
A-1897,4,2022-05-07 17:26:00,Dallas,Dallas,TX,32.7565136333669,-96.80164472569585,Clear,50.1,98.3,6.4,6.3,False,False,False,False,False,Day
A-1898,2,2022-06-13 00:58:48,Los Angeles,Los Angeles,CA,34.09271395601507,-118.15543651653026,Clear,70.8,35.1,9.2,5.6,True,False,False,False,False,Night
A-1899,2,2022-06-29 08:43:24,Houston,Harris,TX,29.74640034655961,-95.43910982126947,Cloudy,46.0,35.6,9.7,4.4,True,True,False,False,True,Day
A-1900,2,2022-01-20 10:56:01,Austin,Travis,TX,30.238397476961968,-97.75246736366239,Fog,64.3,84.7,7.8,4.5,False,True,False,False,False,Day
A-1901,2,2022-04-11 07:47:14,Charlotte,Mecklenburg,NC,35.27389400364388,-80.89848529493887,Cloudy,44.0,75.8,9.9,8.3,False,False,False,False,True,Day
A-1902,3,2022-07-07 07:12:49,Los Angeles,Los Angeles,CA,34.11614932078303,-118.26785354517388,Clear,72.9,93.4,10.0,9.6,False,False,False,False,False,Day
A-1903,4,2022-08-12 03:51:53,Austin,Travis,TX,30.26231596517694,-97.78395030037319,Fair,74.9,97.8,9.6,6.9,False,False,False,False,True,Night
A-1904,2,2022-03-03 15:11:08,Los Angeles,Los Angeles,CA,34.048275029725154,-118.21175128041112,Fog,83.5,75.5,9.4,10.1,False,False,False,False,False,Day
A-1905,3,2022-06-06 08:41:59,Orlando,Orange,FL,28.601829030262767,-81.4528955998164,Fair,83.7,37.1,10.0,12.1,False,True,False,True,True,Day
A-1906,3,2022-04-15 04:47:02,Miami,Miami-Dade,FL,25.819642107849937,-80.15275962199566,Fair,69.1,67.1,7.5,6.6,False,False,False,False,False,Night
A-1907,2,2022-10-21 07:18:29,Chicago,Cook,IL,41.92967128438221,-87.60331554459249,Fair,38.6,53.0,7.7,11.9,False,False,False,False,False,Day
A-1908,2,2022-01-17 17:30:53,Houston,Harris,TX,29.740263456054315,-95.26702921296774,Fog,65.0,70.0,9.9,3.2,False,True,False,False,True,Day
A-1909,2,2022-03-06 17:09:50,Miami,Miami-Dade,FL,25.72877656740323,-80.10164937781165,Cloudy,71.9,45.4,8.3,8.2,True,False,False,False,True,Day
A-1910,4,2022-12-18 12:17:46,Los Angeles,Los Angeles,CA,34.13403218624037,-118.2835960794352,Cloudy,66.8,71.0,8.9,5.5,False,False,False,False,False,Day
A-1911,4,2022-07-07 10:35:08,Miami,Miami-Dade,FL,25.792185537781837,-80.12995703467013,Clear,89.9,74.7,4.0,9.0,False,False,False,False,False,Day
A-1912,2,2022-12-25 21:28:15,Seattle,King,WA,47.5691260910127,-122.34831802667027,Fair,84.5,66.0,10.0,0.0,False,False,False,False,False,Night
A-1913,3,2022-04-10 07:20:46,Chicago,Cook,IL,41.87278210012851,-87.61457716692134,Fair,65.4,68.8,10.0,11.7,False,False,False,False,False,Day
A-1914,2,2022-01-19 07:59:58,Houston,Harris,TX,29.76464860307972,-95.28379543599165,Clear,76.2,75.0,10.0,6.8,False,False,False,False,False,Day
A-1915,2,2022-10-31 08:27:54,Houston,Harris,TX,29.75511770595992,-95.40771078690292,Light Rain,43.0,45.3,10.0,8.7,False,False,False,False,False,Day
A-1916,4,2022-04-06 07:30:32,Orlando,Orange,FL,28.523687098722995,-81.37640298910014,Fair,67.8,66.5,10.0,3.9,False,False,False,False,False,Day
A-1917,2,2022-10-28 09:00:41,Seattle,King,WA,47.667730088963275,-122.42947055558275,Clear,46.0,58.8,8.6,13.7,False,False,False,False,False,Day
A-1918,2,2022-09-07 18:26:24,Dallas,Dallas,TX,32.80312020672952,-96.75260337276008,Rain,62.3,82.8,7.2,8.4,False,True,False,False,False,Day
A-1919,2,2022-12-25 14:18:23,Houston,Harris,TX,29.87306559684311,-95.26466750654741,Clear,54.8,76.2,10.0,5.5,False,False,True,False,False,Day
A-1920,2,2022-10-31 10:02:59,Houston,Harris,TX,29.824669192826214,-95.34113718142106,Cloudy,55.2,49.0,10.0,0.0,True,False,False,False,False,Day
A-1921,2,2022-11-27 19:31:06,Orlando,Orange,FL,28.545115579358104,-81.31079422909751,Cloudy,52.8,74.5,6.8,5.6,False,False,False,False,True,Night
A-1922,2,2022-02-15 04:04:57,Los Angeles,Los Angeles,CA,34.12305535454475,-118.1866024694895,Rain,59.0,88.0,10.0,0.0,True,False,False,False,False,Night
A-1923,4,2022-09-15 07:50:56,Dallas,Dallas,TX,32.794341329889704,-96.83233008333606,Light Rain,56.4,68.5,9.6,7.5,False,True,False,False,False,Day
A-1924,3,2022-12-02 14:06:36,Houston,Harris,TX,29.88131459102655,-95.3535899302318,Cloudy,74.5,53.9,8.8,9.4,False,False,False,False,False,Day
A-1925,2,2022-02-26 14:09:56,Austin,Travis,TX,30.251452824475322,-97.71840480480833,Clear,61.0,38.7,8.5,9.8,False,False,False,False,False,Day
A-1926,2,2022-12-17 04:54:58,Los Angeles,Los Angeles,CA,34.07485224585605,-118.30202055759976,Fair,64.3,20.7,9.5,3.6,True,False,False,False,False,Night
A-1927,3,2022-12-01 10:19:32,Dallas,Dallas,TX,32.74666479323496,-96.7247669049181,Heavy Rain,69.4,82.4,7.7,4.5,False,False,False,False,False,Day
A-1928,2,2022-05-07 15:33:35,Charlotte,Mecklenburg,NC,35.20804686234195,-80.86833473866112,Clear,69.3,33.0,10.0,6.6,True,True,False,False,False,Day
A-1929,2,2022-10-16 16:42:04,Dallas,Dallas,TX,32.75963028128764,-96.80784113710469,Overcast,49.0,39.7,6.3,4.8,False,False,False,False,False,Day
A-1930,2,2022-11-24 15:28:55,Los Angeles,Los Angeles,CA,34.11401183530544,-118.25688221398723,Clear,61.0,62.1,3.9,0.4,False,False,False,False,True,Day
A-1931,2,2022-05-09 08:55:58,Dallas,Dallas,TX,32.787101599844085,-96.79512582847792,Clear,68.6,66.3,9.6,4.5,False,True,False,False,False,Day
A-1932,2,2022-11-10 05:12:28,Charlotte,Mecklenburg,NC,35.10415221901371,-80.696616115687,Clear,51.8,89.4,9.2,8.6,False,False,False,False,True,Night
A-1933,2,2022-07-22 10:57:57,Charlotte,Mecklenburg,NC,35.23178294386075,-80.87342677503315,Clear,50.1,67.4,10.0,5.2,False,True,False,False,False,Day
A-1934,2,2022-11-30 06:11:58,Dallas,Dallas,TX,32.72800579069413,-96.8742929484893,Thunderstorm,47.4,54.6,3.3,6.1,False,False,False,False,False,Day
A-1935,3,2022-01-30 19:21:39,Orlando,Orange,FL,28.516266541336353,-81.37101970451911,Light Rain,68.0,54.7,5.3,4.9,False,False,False,False,False,Night
A-1936,3,2022-01-09 12:00:53,Austin,Travis,TX,30.324731200485637,-97.78625029238053,Fair,60.6,29.7,8.1,16.4,False,False,False,False,False,Day
A-1937,2,2022-06-20 08:42:44,Miami,Miami-Dade,FL,25.69452707760296,-80.21223099528588,Cloudy,62.7,88.8,10.0,7.5,False,False,False,False,False,Day
A-1938,3,2022-10-28 16:00:10,Austin,Travis,TX,30.205792314778424,-97.7121082980561,Fair,38.3,77.7,5.4,7.9,True,False,False,False,True,Day
A-1939,1,2022-07-21 12:39:21,Charlotte,Mecklenburg,NC,35.14407643350983,-80.89747761352055,Overcast,66.1,65.5,9.9,4.7,False,False,False,False,False,Day
A-1940,2,2022-03-26 08:59:50,Los Angeles,Los Angeles,CA,34.03282886999402,-118.26190521044443,Light Rain,66.8,88.7,8.5,8.9,False,True,False,False,False,Day
A-1941,3,2022-12-29 17:27:30,Los Angeles,Los Angeles,CA,33.967719658983086,-118.2290513558899,Clear,69.0,81.5,9.3,7.4,False,False,False,False,False,Day
A-1942,2,2022-06-20 17:07:04,Miami,Miami-Dade,FL,25.68141414109397,-80.23071737048205,Fair,86.6,70.8,8.9,0.0,False,True,False,False,False,Day
A-1943,2,2022-11-10 15:53:47,Austin,Travis,TX,30.25571004129736,-97.7450784919422,Cloudy,53.6,59.3,9.0,13.0,False,False,False,False,True,Day
A-1944,2,2022-10-25 04:16:37,Orlando,Orange,FL,28.55398552899807,-81.36457907262825,Fog,72.3,60.8,9.0,6.6,False,False,False,False,False,Night
A-1945,3,2022-04-07 14:09:19,Austin,Travis,TX,30.22164372384038,-97.74891598579326,Cloudy,70.0,30.4,10.0,9.1,False,True,False,False,True,Day
A-1946,2,2022-02-21 16:48:26,Charlotte,Mecklenburg,NC,35.24515526791182,-80.8352536749373,Light Rain,71.8,81.5,9.1,4.5,False,False,False,False,False,Day
A-1947,3,2022-09-15 06:15:35,Houston,Harris,TX,29.765933580481537,-95.3519583176207,Light Rain,60.3,56.1,10.0,8.8,True,False,False,False,False,Day
A-1948,4,2022-09-01 07:32:02,Los Angeles,Los Angeles,CA,34.07920760361755,-118.27736199490666,Fair,76.5,81.3,8.1,9.7,False,False,False,False,False,Day
A-1949,3,2022-12-17 18:10:47,Miami,Miami-Dade,FL,25.70966692806679,-80.26520912455435,Light Rain,54.1,74.7,10.0,1.1,True,False,False,False,True,Day
A-1950,2,2022-10-23 02:17:46,Houston,Harris,TX,29.859597689380738,-95.42157816757717,Fair,58.0,62.0,8.5,9.1,False,False,False,False,False,Night
A-1951,1,2022-11-25 16:23:28,Los Angeles,Los Angeles,CA,33.995232601291576,-118.30360849805069,Fair,62.2,76.8,8.6,6.6,False,False,False,False,False,Day
A-1952,2,2022-04-12 12:25:39,Miami,Miami-Dade,FL,25.730429528263368,-80.1301773046011,Overcast,61.6,44.4,5.4,2.9,False,False,False,False,False,Day
A-1953,2,2022-07-25 11:01:24,Dallas,Dallas,TX,32.80244872461152,-96.88380062880384,Clear,70.6,30.5,7.2,13.7,True,True,False,False,True,Day
A-1954,3,2022-08-12 00:18:39,Orlando,Orange,FL,28.544190403369395,-81.34779508682263,Clear,68.9,57.0,7.6,3.3,False,False,False,False,False,Night
A-1955,2,2022-07-22 17:18:00,Chicago,Cook,IL,41.9204459446094,-87.66402804549884,Cloudy,69.0,68.8,5.4,7.9,False,False,False,True,False,Day
A-1956,4,2022-04-04 09:26:53,Atlanta,Fulton,GA,33.73350429923766,-84.33623100192399,Fair,84.8,77.2,7.3,2.0,False,False,False,False,True,Day
A-1957,2,2022-01-08 13:54:51,Dallas,Dallas,TX,32.71536005070301,-96.81810334757546,Heavy Rain,61.9,61.9,10.0,2.6,False,False,False,False,True,Day
A-1958,3,2022-06-16 15:03:16,Houston,Harris,TX,29.684146976465808,-95.36825122367155,Heavy Rain,80.8,42.0,10.0,11.2,False,False,False,True,False,Day
A-1959,2,2022-02-09 16:20:52,Dallas,Dallas,TX,32.86568057868675,-96.77113120604102,Fair,49.0,86.1,5.6,5.6,False,False,False,False,False,Day
A-1960,2,2022-03-12 20:47:21,Austin,Travis,TX,30.252050381306358,-97.68038716076599,Fair,63.1,52.8,10.0,12.8,False,False,False,False,False,Night
A-1961,3,2022-09-19 13:33:48,Los Angeles,Los Angeles,CA,34.04383023595359,-118.27220513076317,Cloudy,64.0,67.7,10.0,5.4,False,False,False,False,True,Day
A-1962,2,2022-01-06 10:49:09,Houston,Harris,TX,29.850469570713766,-95.40062221377937,Fair,45.4,70.1,10.0,5.2,False,False,False,False,False,Day
A-1963,2,2022-07-10 20:31:52,Seattle,King,WA,47.58159535181839,-122.30653160343188,Clear,65.7,61.4,10.0,4.0,False,False,False,False,False,Night
A-1964,2,2022-06-11 15:30:36,Houston,Harris,TX,29.76161208862578,-95.44915014958491,Cloudy,66.7,21.1,10.0,5.0,False,True,False,False,False,Day
A-1965,2,2022-02-04 08:13:57,Dallas,Dallas,TX,32.72507254823478,-96.88287688437504,Cloudy,74.0,46.6,9.8,9.5,False,False,False,False,True,Day
A-1966,3,2022-09-01 06:15:24,Dallas,Dallas,TX,32.71108452640052,-96.77865152383383,Clear,72.2,69.3,7.4,7.3,True,False,False,False,False,Day
A-1967,4,2022-04-09 17:37:40,Los Angeles,Los Angeles,CA,34.146688844400664,-118.21023912565333,Light Rain,45.8,91.5,9.5,5.8,True,True,False,True,False,Day
A-1968,2,2022-05-13 09:33:50,Houston,Harris,TX,29.85558171352834,-95.35310897977934,Cloudy,82.9,73.6,4.5,9.8,False,True,False,False,False,Day
A-1969,2,2022-05-13 15:15:56,Miami,Miami-Dade,FL,25.812752285339638,-80.196683546874,Clear,58.1,69.7,8.7,9.2,False,False,False,True,True,Day
A-1970,2,2022-10-08 12:58:36,Los Angeles,Los Angeles,CA,34.101575652524225,-118.27062237976234,Cloudy,55.9,20.2,8.9,5.9,False,False,False,False,True,Day
A-1971,4,2022-09-07 07:10:00,Los Angeles,Los Angeles,CA,34.08991842110202,-118.1643220554122,Clear,72.4,81.1,10.0,13.1,False,True,False,False,True,Day
A-1972,4,2022-09-03 14:29:04,Seattle,King,WA,47.56923512818197,-122.24621560933599,Clear,77.8,78.5,9.4,0.8,False,False,False,False,False,Day
A-1973,3,2022-12-19 05:13:12,Miami,Miami-Dade,FL,25.776236437448187,-80.18641925175571,Light Rain,57.9,71.4,8.1,8.6,False,False,False,False,False,Night
A-1974,2,2022-07-30 10:49:06,Charlotte,Mecklenburg,NC,35.201910977552764,-80.87728655980234,Rain,64.3,65.4,6.2,6.5,False,True,False,False,False,Day
A-1975,2,2022-09-29 13:48:15,Miami,Miami-Dade,FL,25.63221239026712,-80.24225544106828,Clear,78.7,70.1,7.5,9.0,False,False,False,False,True,Day
A-1976,2,2022-02-22 11:30:50,Atlanta,Fulton,GA,33.80496348369924,-84.36644072899823,Rain,51.0,84.6,8.6,7.4,True,False,False,False,False,Day
A-1977,2,2022-06-05 16:59:32,Miami,Miami-Dade,FL,25.78943250292447,-80.25322437188255,Clear,23.0,58.9,7.6,8.1,False,False,False,False,False,Day
A-1978,3,2022-06-25 17:28:07,Houston,Harris,TX,29.694539036251744,-95.430066819666,Clear,73.1,67.5,3.8,0.0,False,True,False,False,False,Day
A-1979,2,2022-01-27 16:40:18,Seattle,King,WA,47.588185620569334,-122.35631251102191,Clear,78.7,53.9,9.0,7.9,False,False,False,False,False,Day
A-1980,3,2022-07-03 04:20:24,Seattle,King,WA,47.658809519388,-122.30674072058119,Clear,41.1,60.3,8.1,11.2,False,False,False,False,False,Night
A-1981,2,2022-10-30 07:39:51,Los Angeles,Los Angeles,CA,34.058797012046256,-118.17026344008396,Fair,64.7,62.3,8.0,4.6,False,False,False,False,False,Day
A-1982,3,2022-08-24 13:31:32,Austin,Travis,TX,30.182261034607624,-97.7305599592177,Rain,57.5,72.3,9.3,11.0,False,False,False,False,False,Day
A-1983,2,2022-09-05 19:05:26,Houston,Harris,TX,29.699740608160567,-95.34496883440153,Clear,66.9,50.1,8.1,5.6,False,False,False,False,False,Night
A-1984,2,2022-01-25 17:17:27,Charlotte,Mecklenburg,NC,35.319964209406386,-80.7939674876444,Fair,34.0,57.6,10.0,4.6,False,False,False,False,True,Day
A-1985,2,2022-11-13 17:58:21,Los Angeles,Los Angeles,CA,34.05549301282479,-118.1992293219793,Cloudy,46.0,66.6,7.5,4.7,False,False,False,False,False,Day
A-1986,3,2022-10-22 08:03:17,Los Angeles,Los Angeles,CA,34.10512582951744,-118.2712970633212,Clear,71.7,57.4,7.4,2.9,False,False,False,False,False,Day
A-1987,2,2022-06-30 11:50:25,Orlando,Orange,FL,28.63021692513146,-81.33564092357047,Cloudy,63.0,63.1,7.5,7.3,False,False,False,False,False,Day
A-1988,3,2022-04-26 12:46:32,Charlotte,Mecklenburg,NC,35.20415721959059,-80.79151016692576,Fair,87.6,36.2,9.4,4.5,False,False,False,False,False,Day
A-1989,2,2022-05-24 06:13:30,Houston,Harris,TX,29.778002575547593,-95.35426395383328,Clear,73.8,71.0,9.3,4.8,False,True,False,False,False,Day
A-1990,2,2022-03-19 03:50:23,Orlando,Orange,FL,28.439968053364332,-81.3723761696044,Cloudy,50.6,47.8,7.9,4.3,False,False,False,False,False,Night
A-1991,3,2022-01-31 19:47:07,Austin,Travis,TX,30.236847025758262,-97.71312777375866,Clear,75.8,32.4,9.0,8.3,False,False,False,False,False,Night
A-1992,2,2022-11-18 07:33:22,Los Angeles,Los Angeles,CA,34.080987460915836,-118.2189497127123,Clear,90.6,65.8,9.8,1.9,False,False,False,False,False,Day
A-1993,2,2022-07-31 07:06:18,Dallas,Dallas,TX,32.76709573820784,-96.89015019737654,Fair,63.9,66.8,10.0,9.4,False,True,False,False,False,Day
A-1994,2,2022-01-17 05:46:07,Los Angeles,Los Angeles,CA,34.07479401207574,-118.22225777257938,Fair,71.0,68.7,8.8,9.0,False,False,False,False,False,Night
A-1995,4,2022-12-05 19:27:37,Austin,Travis,TX,30.31369385479234,-97.6841448064933,Cloudy,77.4,69.0,7.4,9.0,False,True,False,False,False,Night
A-1996,2,2022-09-10 14:14:35,Dallas,Dallas,TX,32.804712993066644,-96.74756626002126,Fair,62.5,68.5,7.4,3.1,False,False,False,False,False,Day
A-1997,2,2022-05-29 15:02:03,Chicago,Cook,IL,41.89464113626494,-87.61094250806873,Fair,33.3,89.4,9.5,8.0,False,True,False,False,True,Day
A-1998,2,2022-11-20 18:24:09,Los Angeles,Los Angeles,CA,34.061743015382625,-118.23629739312074,Fair,73.3,76.7,10.0,12.2,False,False,False,False,False,Day
A-1999,2,2022-04-07 09:11:53,Los Angeles,Los Angeles,CA,34.02378972128959,-118.26354378564169,Fair,77.0,78.8,9.3,2.2,False,True,False,False,False,Day
A-2000,2,2022-10-15 15:58:02,Miami,Miami-Dade,FL,25.715514887225606,-80.1975254566234,Rain,86.9,71.5,8.2,7.7,False,True,False,False,False,Day
A-2001,2,2022-04-19 04:22:39,Miami,Miami-Dade,FL,25.829480718868698,-80.15543239452091,Heavy Rain,48.5,77.3,7.9,2.5,False,False,False,False,False,Night
A-2002,3,2022-09-18 07:13:53,Miami,Miami-Dade,FL,25.80132067676425,-80.17257194492916,Fair,49.2,51.4,10.0,5.9,False,False,False,False,False,Day
A-2003,2,2022-07-31 17:12:56,Atlanta,Fulton,GA,33.709542909009755,-84.34281295315213,Clear,54.7,73.0,6.5,6.9,False,False,False,False,False,Day
A-2004,3,2022-08-22 16:17:20,Miami,Miami-Dade,FL,25.764904660141163,-80.21776475126325,Fair,62.5,83.3,8.0,4.5,True,False,False,False,False,Day
A-2005,3,2022-09-13 09:00:37,Miami,Miami-Dade,FL,25.692105363495234,-80.13761976003968,Clear,73.1,55.8,10.0,4.0,False,False,False,False,False,Day
A-2006,4,2022-05-21 09:41:46,Austin,Travis,TX,30.24330530829916,-97.77402229688606,Fair,48.2,87.5,10.0,8.0,False,False,False,False,False,Day
A-2007,2,2022-08-24 13:06:30,Houston,Harris,TX,29.787185157728715,-95.35966090658096,Clear,79.2,53.3,9.4,3.0,False,False,False,False,False,Day
A-2008,2,2022-07-13 00:29:33,Austin,Travis,TX,30.28021018946882,-97.77119489151028,Cloudy,78.5,69.5,8.0,9.1,True,True,False,False,False,Night
A-2009,3,2022-03-10 07:04:04,Los Angeles,Los Angeles,CA,34.05798871230277,-118.2486221904035,Clear,78.9,39.7,8.5,14.0,False,False,False,False,False,Day
A-2010,2,2022-12-16 07:18:50,Charlotte,Mecklenburg,NC,35.182919154616265,-80.74140999752153,Heavy Rain,60.3,76.0,9.2,1.9,False,False,False,False,False,Day
A-2011,1,2022-08-30 07:27:25,Los Angeles,Los Angeles,CA,33.997877491292556,-118.21823220347328,Clear,31.5,84.5,10.0,1.6,False,False,False,False,False,Day
A-2012,3,2022-04-20 17:41:22,Los Angeles,Los Angeles,CA,34.09969927086938,-118.23244060512158,Cloudy,89.0,59.5,10.0,0.9,False,True,False,False,False,Day
A-2013,2,2022-11-13 08:48:29,Atlanta,Fulton,GA,33.83368033535183,-84.31740189970252,Rain,56.1,33.4,10.0,5.1,False,True,False,False,False,Day
A-2014,2,2022-11-30 07:27:32,Los Angeles,Los Angeles,CA,34.0796980162544,-118.3719353902575,Clear,75.8,60.7,8.7,10.4,False,False,False,False,False,Day
A-2015,2,2022-04-27 12:02:04,Charlotte,Mecklenburg,NC,35.2184849641947,-80.85104045621846,Rain,66.8,42.3,8.0,10.8,False,False,False,False,False,Day
A-2016,3,2022-12-15 17:57:56,Houston,Harris,TX,29.82165166808896,-95.3947853424243,Fair,81.9,61.8,8.6,8.7,False,True,False,False,False,Day
A-2017,2,2022-07-22 07:37:08,Miami,Miami-Dade,FL,25.71959211453115,-80.23467724195514,Fog,64.2,76.7,10.0,7.8,False,False,False,False,True,Day
A-2018,3,2022-02-25 05:41:33,Atlanta,Fulton,GA,33.80165311198779,-84.46443244825974,Fog,66.0,69.4,10.0,12.1,False,False,False,False,False,Night
A-2019,2,2022-03-12 09:41:28,Los Angeles,Los Angeles,CA,34.02236903506019,-118.2546543499106,Clear,67.7,29.0,7.3,5.0,False,False,True,False,False,Day
A-2020,2,2022-03-02 16:58:08,Dallas,Dallas,TX,32.74932402062968,-96.76232469012804,Light Rain,71.3,53.5,4.4,9.2,False,True,True,False,False,Day
A-2021,2,2022-09-09 13:03:44,Chicago,Cook,IL,41.861460420688815,-87.63714395855477,Clear,46.5,64.1,8.5,14.9,False,False,False,False,False,Day
A-2022,2,2022-11-18 17:19:48,Charlotte,Mecklenburg,NC,35.22204032413662,-80.80315460756037,Clear,93.1,87.7,10.0,11.9,False,False,False,False,False,Day
A-2023,2,2022-07-08 20:46:07,Atlanta,Fulton,GA,33.79474691124385,-84.38442523287713,Clear,63.9,57.0,7.9,2.5,False,False,False,False,True,Night
A-2024,2,2022-05-30 17:36:55,Los Angeles,Los Angeles,CA,33.9869834125544,-118.18539149475839,Clear,73.6,70.0,9.9,4.7,False,True,True,False,True,Day
A-2025,3,2022-08-27 14:32:06,Houston,Harris,TX,29.730179354562647,-95.39493983961694,Cloudy,87.7,63.5,6.8,15.1,False,True,False,False,False,Day
A-2026,2,2022-07-02 12:04:45,Miami,Miami-Dade,FL,25.772182469173615,-80.28543357230109,Fair,64.9,48.3,8.4,4.7,False,False,False,False,False,Day
A-2027,2,2022-05-30 04:20:24,Orlando,Orange,FL,28.566191262862493,-81.45821757239678,Overcast,50.1,50.9,7.4,13.4,False,False,False,False,False,Night
A-2028,2,2022-10-07 22:06:53,Chicago,Cook,IL,41.79285782098321,-87.65468785315089,Clear,49.6,56.2,8.7,5.3,True,False,False,False,False,Night
A-2029,3,2022-02-28 09:49:59,Miami,Miami-Dade,FL,25.72217997586359,-80.23580745133268,Fog,58.3,85.4,9.4,6.2,False,False,False,True,False,Day
A-2030,2,2022-07-10 06:51:06,Dallas,Dallas,TX,32.68926369774712,-96.82652504904819,Clear,70.0,44.4,10.0,3.3,False,False,False,False,True,Day
A-2031,2,2022-10-12 15:58:49,Los Angeles,Los Angeles,CA,34.01722701387305,-118.18676529460899,Clear,71.6,56.4,8.2,4.0,False,True,False,False,True,Day
A-2032,3,2022-01-25 08:10:40,Charlotte,Mecklenburg,NC,35.20523316963074,-80.91815485850186,Cloudy,81.9,48.0,6.7,6.2,False,False,False,False,False,Day
A-2033,2,2022-03-18 14:00:53,Houston,Harris,TX,29.785537561533225,-95.29439321256139,Light Rain,42.0,86.1,6.0,7.7,True,False,False,False,False,Day
A-2034,2,2022-03-20 14:39:52,Chicago,Cook,IL,41.76355092808128,-87.67008897274792,Overcast,68.3,67.7,10.0,5.4,False,False,False,False,False,Day
A-2035,2,2022-03-18 11:01:14,Dallas,Dallas,TX,32.80936343018543,-96.8592005007668,Fair,74.2,87.4,7.4,9.8,True,True,False,False,False,Day
A-2036,3,2022-01-07 17:23:49,Miami,Miami-Dade,FL,25.736232153193832,-80.19871851701008,Clear,73.7,10.0,10.0,5.4,False,False,False,False,True,Day
A-2037,2,2022-03-14 08:46:51,Los Angeles,Los Angeles,CA,34.035155053650584,-118.1687491175354,Clear,28.7,78.6,5.8,0.0,True,False,False,False,False,Day
A-2038,1,2022-10-04 11:08:34,Los Angeles,Los Angeles,CA,34.10076477993961,-118.27931465486476,Fair,59.4,42.0,10.0,6.2,False,False,False,False,False,Day
A-2039,3,2022-11-04 13:17:19,Miami,Miami-Dade,FL,25.828944405101947,-80.22184853237133,Fair,77.2,48.2,10.0,5.1,False,False,False,False,False,Day
A-2040,2,2022-01-25 15:23:23,Miami,Miami-Dade,FL,25.72894422117728,-80.21850759286917,Clear,52.8,56.2,9.7,12.9,False,False,False,True,False,Day
A-2041,3,2022-07-19 16:59:37,Seattle,King,WA,47.57310724528182,-122.274598442573,Fair,47.2,59.6,8.4,10.6,False,False,False,False,False,Day
A-2042,2,2022-05-04 10:12:03,Charlotte,Mecklenburg,NC,35.20938888511097,-80.86540864200603,Cloudy,73.5,59.7,10.0,11.0,False,False,False,False,False,Day
A-2043,2,2022-06-14 15:16:32,Charlotte,Mecklenburg,NC,35.193761010106435,-80.82078884237109,Cloudy,69.5,45.8,8.0,9.8,True,False,False,False,False,Day
A-2044,2,2022-03-09 06:23:16,Los Angeles,Los Angeles,CA,33.98044549360761,-118.2376705869916,Clear,68.5,57.9,9.1,8.8,False,False,False,False,False,Day
A-2045,2,2022-05-29 19:45:50,Seattle,King,WA,47.6046289050048,-122.33759985544214,Fair,55.3,58.1,3.5,8.7,False,False,False,False,False,Night
A-2046,2,2022-03-17 09:11:12,Orlando,Orange,FL,28.50530106341635,-81.4041332241681,Clear,45.3,26.9,8.8,10.7,False,True,False,False,False,Day
A-2047,2,2022-05-30 16:00:08,Los Angeles,Los Angeles,CA,34.057092807685954,-118.14525091446005,Clear,79.2,66.9,10.0,9.3,False,True,False,False,False,Day
A-2048,2,2022-11-15 02:01:13,Orlando,Orange,FL,28.623734576904695,-81.23959700626078,Overcast,115.1,60.3,8.1,4.9,True,False,False,False,True,Night
A-2049,4,2022-05-18 07:01:03,Charlotte,Mecklenburg,NC,35.22181751797675,-80.88727308475414,Cloudy,40.7,63.8,8.1,1.3,False,False,False,False,True,Day
A-2050,2,2022-03-23 12:09:02,Los Angeles,Los Angeles,CA,34.01441484982202,-118.29727084399808,Overcast,80.3,50.1,8.1,0.0,False,False,False,False,False,Day
A-2051,3,2022-08-16 18:04:49,Houston,Harris,TX,29.746788830788454,-95.36776106671074,Clear,62.4,60.5,10.0,3.6,False,False,False,False,False,Day
A-2052,4,2022-05-25 13:09:42,Charlotte,Mecklenburg,NC,35.23353452011581,-80.95675044584462,Rain,69.8,16.6,9.5,4.1,False,False,False,False,False,Day
A-2053,4,2022-06-05 19:13:20,Los Angeles,Los Angeles,CA,34.043926816178804,-118.24128504030324,Clear,64.1,49.2,9.1,6.6,False,False,False,False,False,Night
A-2054,3,2022-11-11 12:42:27,Atlanta,Fulton,GA,33.72085854253196,-84.2876406891507,Light Rain,97.9,51.0,8.2,6.5,False,False,False,False,False,Day
A-2055,2,2022-05-26 12:23:53,Seattle,King,WA,47.52336307729278,-122.36204509678221,Fair,53.0,59.0,10.0,14.0,False,False,False,False,False,Day
A-2056,4,2022-09-14 06:21:18,Dallas,Dallas,TX,32.80838339706243,-96.74297669199643,Clear,56.0,59.4,7.4,9.2,False,False,False,False,True,Day
A-2057,3,2022-02-05 17:10:37,Houston,Harris,TX,29.715738360823664,-95.29633276307597,Clear,66.1,79.1,10.0,4.0,False,False,False,False,False,Day
A-2058,3,2022-10-01 07:47:34,Houston,Harris,TX,29.83352381081971,-95.41287933235566,Clear,73.5,37.8,8.8,12.5,True,False,False,False,True,Day
A-2059,1,2022-07-08 18:46:35,Dallas,Dallas,TX,32.7582533704513,-96.78808572873531,Fair,85.0,74.4,10.0,6.1,False,False,False,False,False,Day
A-2060,4,2022-06-08 18:24:16,Charlotte,Mecklenburg,NC,35.20127405330622,-80.82539615981094,Heavy Rain,72.4,100.0,8.3,9.3,False,False,False,False,False,Day
A-2061,3,2022-02-07 19:21:16,Los Angeles,Los Angeles,CA,34.028625434976064,-118.20725577846027,Clear,68.4,50.2,10.0,8.9,False,False,False,False,False,Night
A-2062,3,2022-09-12 13:13:13,Charlotte,Mecklenburg,NC,35.23460954185776,-80.80301086089638,Cloudy,58.4,74.7,10.0,7.2,False,False,True,False,False,Day
A-2063,2,2022-03-10 15:25:44,Austin,Travis,TX,30.223878921505882,-97.68697501015703,Light Rain,72.7,88.7,8.9,12.7,False,False,False,False,True,Day
A-2064,2,2022-12-06 16:15:29,Houston,Harris,TX,29.72664016653432,-95.40890620394941,Cloudy,54.3,88.1,10.0,4.7,False,True,False,False,False,Day
A-2065,4,2022-10-08 06:37:53,Los Angeles,Los Angeles,CA,34.083317789910446,-118.23499886141879,Fair,68.0,54.2,10.0,7.5,False,False,False,False,False,Day
A-2066,2,2022-05-18 14:34:05,Austin,Travis,TX,30.21631418197524,-97.66897931745297,Thunderstorm,61.7,81.6,7.7,3.4,True,False,False,False,False,Day
A-2067,2,2022-07-20 03:17:05,Miami,Miami-Dade,FL,25.789111385987553,-80.11227521295123,Clear,50.3,77.2,7.6,8.4,False,False,False,False,False,Night
A-2068,3,2022-03-17 12:36:26,Miami,Miami-Dade,FL,25.803073204251067,-80.18054548354147,Fair,88.4,84.1,8.5,8.6,False,False,False,False,False,Day
A-2069,2,2022-07-24 06:15:18,Los Angeles,Los Angeles,CA,34.08558199377567,-118.27028110472945,Overcast,50.3,73.8,8.4,7.3,False,True,False,False,False,Day
A-2070,2,2022-10-11 07:25:55,Miami,Miami-Dade,FL,25.77338126868271,-80.14003836226478,Clear,59.1,83.4,10.0,7.3,False,False,False,False,True,Day
A-2071,2,2022-11-28 09:18:56,Austin,Travis,TX,30.17699136727026,-97.71628905374084,Cloudy,41.2,55.5,9.7,6.3,False,True,False,False,False,Day
A-2072,2,2022-06-29 11:03:09,Charlotte,Mecklenburg,NC,35.16656421002113,-80.81736818379667,Clear,62.5,50.8,7.2,8.5,False,False,False,False,False,Day
A-2073,2,2022-03-24 15:08:18,Miami,Miami-Dade,FL,25.693931205783745,-80.15301138001995,Clear,71.5,16.4,7.3,9.5,False,False,False,False,False,Day
A-2074,2,2022-05-29 05:33:41,Seattle,King,WA,47.587281121263636,-122.37963567203373,Clear,51.4,51.5,9.2,2.2,False,False,False,False,False,Night
A-2075,2,2022-06-01 12:51:55,Seattle,King,WA,47.6077620561489,-122.28974344232384,Fog,37.7,53.8,10.0,5.9,False,False,False,False,False,Day
A-2076,2,2022-01-29 07:50:16,Seattle,King,WA,47.54664590841576,-122.32437366107742,Light Rain,59.4,23.9,10.0,5.6,False,False,False,False,True,Day
A-2077,3,2022-04-09 14:50:00,Miami,Miami-Dade,FL,25.753066133148536,-80.1347251082433,Clear,62.6,60.9,9.3,9.6,False,False,False,False,False,Day
A-2078,2,2022-02-14 15:56:09,Houston,Harris,TX,29.794610220356535,-95.36877659099956,Clear,61.5,81.5,8.8,11.8,False,False,False,False,False,Day
A-2079,2,2022-01-29 13:55:04,Chicago,Cook,IL,41.82816370356282,-87.60062920076982,Fair,88.8,41.7,8.6,8.7,False,False,False,False,False,Day
A-2080,2,2022-10-10 16:11:35,Austin,Travis,TX,30.2262771163343,-97.72023281928908,Fair,70.0,97.4,7.5,7.6,False,False,False,False,False,Day
A-2081,3,2022-10-15 08:25:14,Los Angeles,Los Angeles,CA,34.11124797494271,-118.27099726065322,Light Rain,68.8,67.4,8.8,3.9,False,False,False,False,True,Day
A-2082,4,2022-09-12 16:29:52,Los Angeles,Los Angeles,CA,34.00583498925374,-118.28878675165254,Fog,69.9,76.9,8.0,14.4,False,True,False,False,True,Day
A-2083,2,2022-01-19 11:06:56,Houston,Harris,TX,29.77751375707303,-95.329466492127,Overcast,69.9,59.0,8.2,3.3,False,False,False,False,False,Day
A-2084,2,2022-04-17 12:42:39,Atlanta,Fulton,GA,33.810962766473175,-84.43084333098663,Fair,58.4,42.2,10.0,2.0,False,True,False,False,False,Day
A-2085,2,2022-02-22 15:56:29,Charlotte,Mecklenburg,NC,35.16802528722144,-80.85990349296107,Clear,51.0,70.9,6.1,9.9,False,True,False,False,False,Day
A-2086,3,2022-05-14 01:29:38,Charlotte,Mecklenburg,NC,35.17176589875875,-80.86141502324463,Clear,102.1,75.2,5.2,5.0,False,False,False,False,False,Night
A-2087,2,2022-05-09 15:35:34,Los Angeles,Los Angeles,CA,34.040625946521445,-118.22534414777888,Fair,62.8,56.6,7.1,10.1,False,True,False,False,False,Day
A-2088,2,2022-05-28 14:38:35,Dallas,Dallas,TX,32.780080014811624,-96.76321261745771,Fair,65.3,65.1,10.0,12.7,False,False,False,False,False,Day
A-2089,3,2022-03-21 08:19:48,Austin,Travis,TX,30.23511975244717,-97.82092975776555,Light Rain,65.7,59.9,9.7,5.9,False,False,False,False,False,Day
A-2090,4,2022-10-09 05:58:38,Houston,Harris,TX,29.858964126975714,-95.40605719652412,Clear,53.6,47.0,10.0,8.8,False,False,False,False,False,Night
A-2091,2,2022-03-13 05:25:25,Austin,Travis,TX,30.294131329158162,-97.78171043314838,Clear,67.7,66.6,5.7,5.2,False,False,False,False,False,Night
A-2092,4,2022-02-19 18:34:42,Chicago,Cook,IL,41.83788438677756,-87.64120158581453,Fair,45.8,45.9,10.0,7.3,False,False,False,False,True,Day
A-2093,2,2022-02-27 15:11:32,Miami,Miami-Dade,FL,25.693399604191487,-80.29141173957673,Fog,75.7,75.3,6.1,6.5,False,False,False,False,False,Day
A-2094,3,2022-02-01 06:44:44,Charlotte,Mecklenburg,NC,35.22394987245217,-80.78641000401524,Overcast,61.2,100.0,6.8,10.8,False,False,False,False,True,Day
A-2095,2,2022-07-15 09:14:30,Miami,Miami-Dade,FL,25.783641915096723,-80.18878013270445,Clear,81.9,82.0,6.4,4.8,False,False,False,False,False,Day
A-2096,2,2022-07-12 14:11:21,Austin,Travis,TX,30.359222726062892,-97.74981454659898,Light Rain,72.8,56.3,6.7,4.3,False,False,False,False,False,Day
A-2097,2,2022-06-13 17:11:49,Dallas,Dallas,TX,32.780490738382866,-96.75925133377646,Fair,70.9,67.0,10.0,6.2,False,False,False,False,False,Day
A-2098,2,2022-02-27 04:50:12,Dallas,Dallas,TX,32.7645555518587,-96.77112332771188,Fair,53.1,82.7,10.0,9.7,False,False,False,False,True,Night
A-2099,2,2022-09-13 07:54:17,Austin,Travis,TX,30.218371376059284,-97.71776301536462,Clear,66.1,58.1,5.3,3.8,False,False,False,False,False,Day
A-2100,2,2022-06-09 18:43:18,Houston,Harris,TX,29.778919131900253,-95.37058171497279,Fair,76.3,71.2,5.9,2.3,False,False,False,False,False,Day
A-2101,2,2022-07-29 00:46:42,Atlanta,Fulton,GA,33.79983459314253,-84.382764502439,Fair,66.7,74.4,9.2,11.7,False,False,False,False,False,Night
A-2102,2,2022-04-13 07:24:10,Charlotte,Mecklenburg,NC,35.13773167124668,-80.8008845527854,Cloudy,44.6,65.2,9.3,0.0,True,False,False,True,False,Day
A-2103,4,2022-04-17 20:55:16,Los Angeles,Los Angeles,CA,34.05593456421161,-118.21709758081784,Fair,79.8,63.8,7.7,1.8,False,False,False,False,False,Night
A-2104,2,2022-01-03 14:59:58,Orlando,Orange,FL,28.487292530952164,-81.29278620836857,Clear,76.3,81.0,10.0,15.7,False,False,False,False,True,Day
A-2105,2,2022-08-23 08:54:34,Austin,Travis,TX,30.19932215267723,-97.73609310981949,Clear,42.5,94.7,7.2,0.0,False,False,False,True,False,Day
A-2106,2,2022-08-03 05:56:18,Miami,Miami-Dade,FL,25.846399231688878,-80.15926519545543,Light Rain,66.9,58.2,10.0,5.2,False,False,False,False,True,Night
A-2107,2,2022-06-20 02:48:40,Seattle,King,WA,47.65056482112688,-122.33824942287688,Cloudy,77.2,84.8,10.0,4.4,False,False,True,False,False,Night
A-2108,2,2022-11-07 07:20:40,Atlanta,Fulton,GA,33.71868887257072,-84.37181449240998,Fair,56.0,30.3,10.0,0.0,False,False,False,False,False,Day
A-2109,2,2022-02-24 18:26:36,Miami,Miami-Dade,FL,25.753626359149084,-80.17300980028848,Clear,45.1,69.7,10.0,3.0,True,False,False,False,False,Day
A-2110,2,2022-10-11 10:18:41,Chicago,Cook,IL,41.862235754207056,-87.65199489936502,Clear,48.9,16.4,10.0,8.1,False,False,False,False,False,Day
A-2111,2,2022-12-29 16:35:09,Los Angeles,Los Angeles,CA,33.99591864439716,-118.27602173213876,Clear,63.4,44.5,9.1,10.0,False,False,False,False,False,Day
A-2112,3,2022-12-16 18:39:53,Miami,Miami-Dade,FL,25.73465996541472,-80.15974194385562,Clear,79.0,39.3,9.7,11.4,False,False,False,False,True,Day
A-2113,2,2022-11-16 10:38:06,Los Angeles,Los Angeles,CA,34.0913985163119,-118.22097957898231,Fair,48.7,92.7,10.0,5.5,False,True,False,False,False,Day
A-2114,2,2022-01-28 07:11:47,Atlanta,Fulton,GA,33.72070962693823,-84.31462115902231,Overcast,48.8,54.3,5.3,0.0,False,False,False,False,False,Day
A-2115,1,2022-05-22 13:34:07,Dallas,Dallas,TX,32.79990142695903,-96.796772881011,Clear,60.4,59.0,6.0,7.2,False,True,False,False,False,Day
A-2116,3,2022-10-08 18:18:06,Los Angeles,Los Angeles,CA,34.02429703198413,-118.29342212106636,Light Rain,75.3,55.6,10.0,12.5,False,False,False,False,False,Day
A-2117,2,2022-07-02 17:43:57,Houston,Harris,TX,29.70119011016817,-95.3692237211949,Cloudy,91.3,31.1,10.0,13.1,False,True,False,False,False,Day
A-2118,4,2022-08-04 05:24:28,Dallas,Dallas,TX,32.83642031617104,-96.75852474743526,Clear,66.3,65.7,10.0,10.9,False,False,False,False,False,Night
A-2119,2,2022-11-11 15:11:50,Los Angeles,Los Angeles,CA,33.94568186145741,-118.3497758664645,Cloudy,54.9,61.5,8.6,1.5,False,False,False,False,False,Day
A-2120,2,2022-09-29 14:39:11,Seattle,King,WA,47.69544913783404,-122.332408648714,Clear,53.1,43.8,9.7,6.2,False,False,False,False,True,Day
A-2121,3,2022-02-04 18:59:09,Austin,Travis,TX,30.317097218171963,-97.70978085720613,Cloudy,85.6,87.6,8.1,7.9,False,False,False,False,True,Day
A-2122,3,2022-03-01 06:06:39,Charlotte,Mecklenburg,NC,35.2362356577397,-80.83136153161537,Clear,46.1,87.0,10.0,8.6,False,False,False,False,True,Day
A-2123,2,2022-12-18 13:10:57,Chicago,Cook,IL,41.855806033188664,-87.64771693899577,Fair,67.9,34.8,8.2,0.0,True,False,False,False,False,Day
A-2124,2,2022-12-25 18:48:47,Houston,Harris,TX,29.742003093652986,-95.42993447846011,Fair,84.8,46.3,7.4,15.2,False,False,False,False,False,Day
A-2125,2,2022-04-01 10:22:58,Chicago,Cook,IL,41.888223140920964,-87.63039588425688,Clear,62.6,69.4,8.7,12.3,False,False,False,False,False,Day
A-2126,4,2022-06-20 12:26:12,Dallas,Dallas,TX,32.78593867841431,-96.85821501071221,Clear,48.8,50.7,8.2,7.0,False,False,False,False,False,Day
A-2127,2,2022-02-18 05:31:25,Dallas,Dallas,TX,32.728741228520335,-96.76334531379003,Clear,72.9,55.6,8.9,7.5,False,False,False,False,False,Night
A-2128,2,2022-08-07 08:21:12,Los Angeles,Los Angeles,CA,34.05558909785857,-118.24063746264228,Fair,66.6,39.6,10.0,5.0,False,False,False,False,False,Day
A-2129,2,2022-09-29 08:11:06,Seattle,King,WA,47.61913550802791,-122.2573510493223,Light Rain,72.1,39.8,9.3,11.9,False,True,False,False,True,Day
A-2130,2,2022-09-14 19:32:51,Houston,Harris,TX,29.745367303433813,-95.46746623654276,Clear,73.7,49.6,7.8,2.4,False,False,False,False,False,Night
A-2131,2,2022-11-08 08:55:57,Los Angeles,Los Angeles,CA,34.16415927825283,-118.26069842524296,Clear,72.8,62.6,7.7,7.5,False,False,False,False,False,Day
A-2132,2,2022-02-25 11:16:03,Los Angeles,Los Angeles,CA,34.045501308767435,-118.20703124068184,Fair,69.4,64.0,7.9,3.7,False,False,False,False,False,Day
A-2133,2,2022-03-05 15:50:38,Charlotte,Mecklenburg,NC,35.13893242240943,-80.78596688585422,Clear,75.2,43.7,5.1,6.9,True,False,False,False,False,Day
A-2134,2,2022-09-14 07:40:44,Charlotte,Mecklenburg,NC,35.176585143770744,-80.80440637475436,Cloudy,85.2,37.0,10.0,11.7,False,False,False,False,False,Day
A-2135,2,2022-06-02 12:33:33,Orlando,Orange,FL,28.573476392336325,-81.42685388941497,Clear,53.2,35.2,10.0,4.4,False,False,False,False,False,Day
A-2136,2,2022-01-25 16:58:14,Atlanta,Fulton,GA,33.71287870011394,-84.41206011227787,Overcast,61.0,79.8,10.0,7.7,False,False,False,False,False,Day
A-2137,2,2022-03-24 17:34:22,Los Angeles,Los Angeles,CA,34.00251046943312,-118.35548799819736,Fair,76.9,100.0,9.8,6.5,False,False,False,False,False,Day
A-2138,2,2022-05-05 15:46:38,Orlando,Orange,FL,28.608068053589164,-81.37692866065191,Clear,63.9,68.6,6.0,4.1,False,False,False,False,False,Day
A-2139,2,2022-08-19 15:00:13,Los Angeles,Los Angeles,CA,34.06068938859499,-118.18553593454625,Cloudy,46.0,10.0,9.3,4.5,False,False,False,False,False,Day
A-2140,2,2022-03-15 06:50:47,Seattle,King,WA,47.57613907110675,-122.33174870643285,Fair,70.0,71.4,9.4,4.6,True,False,False,False,False,Day
A-2141,3,2022-09-16 19:04:02,Austin,Travis,TX,30.12876216755138,-97.71426559891093,Clear,57.6,83.7,10.0,0.0,False,False,False,False,True,Night
A-2142,2,2022-04-14 06:49:57,Charlotte,Mecklenburg,NC,35.258116928837204,-80.81559766828416,Clear,96.8,47.0,10.0,6.4,True,False,False,False,False,Day
A-2143,2,2022-11-08 16:26:50,Orlando,Orange,FL,28.539074125727492,-81.3950428206571,Clear,79.9,77.6,6.5,7.3,False,False,False,False,False,Day
A-2144,2,2022-01-24 08:21:17,Miami,Miami-Dade,FL,25.82673710021729,-80.313392596998,Fair,82.4,81.4,10.0,0.9,False,False,True,False,False,Day
A-2145,2,2022-11-28 19:01:46,Charlotte,Mecklenburg,NC,35.17236974285312,-80.77605501990156,Clear,65.6,85.8,8.7,5.2,False,True,False,False,True,Night
A-2146,2,2022-05-20 16:44:15,Austin,Travis,TX,30.248537817120695,-97.72149998847361,Fair,69.7,48.3,10.0,6.1,False,False,False,False,False,Day
A-2147,2,2022-05-06 16:53:09,Houston,Harris,TX,29.775330973353913,-95.43233661442005,Cloudy,59.9,61.5,10.0,10.2,False,False,False,False,False,Day
A-2148,2,2022-05-29 07:32:30,Houston,Harris,TX,29.823197298271918,-95.35125610482721,Light Rain,52.4,63.6,8.5,13.9,True,False,False,False,False,Day
A-2149,2,2022-03-09 11:47:17,Charlotte,Mecklenburg,NC,35.24002347816363,-80.83309690834669,Cloudy,51.3,86.4,10.0,8.6,False,False,False,False,False,Day
A-2150,2,2022-10-03 14:31:39,Austin,Travis,TX,30.231827995988873,-97.67754558279238,Cloudy,97.0,51.8,8.5,1.5,False,False,False,False,True,Day
A-2151,3,2022-10-24 16:10:19,Miami,Miami-Dade,FL,25.82658831796123,-80.16819604597119,Cloudy,71.0,78.8,10.0,3.3,False,False,False,False,False,Day
A-2152,3,2022-08-24 06:35:51,Los Angeles,Los Angeles,CA,34.03658584329351,-118.2199169719291,Snow,45.2,65.5,8.2,7.3,False,False,False,False,False,Day
A-2153,4,2022-03-20 20:09:23,Orlando,Orange,FL,28.547301464331884,-81.36923355721525,Clear,79.4,79.2,9.1,5.2,False,False,True,False,False,Night
A-2154,2,2022-11-06 18:51:45,Austin,Travis,TX,30.30473361152167,-97.78158611154359,Clear,104.3,75.2,10.0,6.8,False,False,False,True,False,Day
A-2155,3,2022-11-24 08:33:28,Los Angeles,Los Angeles,CA,34.13035990766285,-118.21006274028566,Clear,42.0,46.9,8.3,10.3,False,False,False,False,True,Day
A-2156,3,2022-01-06 17:16:47,Miami,Miami-Dade,FL,25.78014427507751,-80.19307091423104,Fair,74.0,65.4,2.9,6.3,False,False,False,False,False,Day
A-2157,4,2022-09-11 13:55:23,Los Angeles,Los Angeles,CA,34.18156412852116,-118.29133931776168,Clear,48.2,46.2,7.5,16.8,False,False,False,True,False,Day
A-2158,2,2022-09-17 11:43:54,Miami,Miami-Dade,FL,25.757222594224483,-80.22475195106384,Clear,82.3,59.5,10.0,0.7,False,False,False,False,False,Day
A-2159,3,2022-08-18 08:56:00,Houston,Harris,TX,29.775078306694727,-95.42660785046233,Fair,32.9,95.0,10.0,9.2,False,False,False,False,False,Day
A-2160,2,2022-08-21 14:02:05,Orlando,Orange,FL,28.5073676184703,-81.32621590330977,Heavy Rain,66.2,51.5,7.6,0.3,False,False,False,False,True,Day
A-2161,2,2022-10-19 16:54:37,Dallas,Dallas,TX,32.79282954671315,-96.69806069537918,Fog,71.7,47.8,5.8,3.6,False,True,False,False,False,Day
A-2162,2,2022-07-29 10:51:37,Dallas,Dallas,TX,32.7915574957946,-96.73924191508864,Cloudy,44.2,56.3,8.1,10.4,False,True,False,False,False,Day
A-2163,3,2022-02-12 15:25:14,Houston,Harris,TX,29.812685144598248,-95.3509884864376,Fair,71.7,73.5,10.0,0.0,False,False,False,False,False,Day
A-2164,3,2022-08-26 16:47:19,Seattle,King,WA,47.62842570463283,-122.33537268101396,Light Rain,58.0,73.4,8.6,8.2,False,False,False,False,True,Day
A-2165,2,2022-06-20 16:18:55,Charlotte,Mecklenburg,NC,35.20073807138418,-80.85764675306744,Light Rain,90.8,67.2,5.0,2.0,False,True,False,False,False,Day
A-2166,2,2022-12-07 04:35:23,Chicago,Cook,IL,41.890920163657725,-87.67911479804347,Rain,43.6,44.1,10.0,6.7,False,False,False,False,True,Night
A-2167,2,2022-08-02 17:51:49,Dallas,Dallas,TX,32.74308155676553,-96.69966055870043,Cloudy,78.6,55.0,10.0,4.5,False,False,False,True,True,Day
A-2168,2,2022-07-24 11:35:46,Los Angeles,Los Angeles,CA,34.07967469518863,-118.29540116546622,Clear,63.5,88.2,10.0,7.1,False,False,False,False,False,Day
A-2169,2,2022-05-22 08:35:15,Orlando,Orange,FL,28.510341782592736,-81.42167350071053,Clear,84.4,29.7,4.9,8.6,False,False,False,False,False,Day
A-2170,2,2022-09-14 07:06:46,Miami,Miami-Dade,FL,25.691799885238137,-80.20157507379662,Rain,84.7,65.2,10.0,11.2,False,True,False,False,True,Day
A-2171,3,2022-03-20 12:31:42,Orlando,Orange,FL,28.481794722297167,-81.38484598860873,Clear,61.2,55.6,9.4,7.6,False,False,False,False,False,Day
A-2172,2,2022-12-04 18:55:00,Los Angeles,Los Angeles,CA,33.99345011753533,-118.2135980335027,Clear,64.3,69.4,7.7,9.5,False,False,False,False,False,Day
A-2173,2,2022-02-26 09:49:11,Los Angeles,Los Angeles,CA,34.0257967993866,-118.27737143159366,Fair,78.6,62.7,5.7,6.7,True,False,False,False,True,Day
A-2174,3,2022-04-04 16:20:58,Seattle,King,WA,47.563835222946814,-122.43152965536382,Clear,72.8,30.0,5.3,1.6,False,False,False,False,False,Day
A-2175,3,2022-12-01 06:08:42,Miami,Miami-Dade,FL,25.760594735344633,-80.20337119178858,Rain,63.2,71.8,7.5,2.4,False,False,False,False,False,Day
A-2176,3,2022-01-19 12:47:35,Seattle,King,WA,47.586601679016134,-122.34030286041047,Clear,52.5,40.5,7.4,13.0,True,False,False,False,False,Day
A-2177,2,2022-06-09 23:53:46,Miami,Miami-Dade,FL,25.78750911811519,-80.20406373343828,Clear,70.5,36.4,8.8,2.1,False,False,False,False,False,Night
A-2178,3,2022-07-11 16:50:31,Dallas,Dallas,TX,32.79583635920778,-96.80992876035354,Thunderstorm,48.3,61.0,10.0,7.8,False,False,False,False,False,Day
A-2179,2,2022-02-11 07:30:59,Orlando,Orange,FL,28.522105102723653,-81.39673120052758,Clear,74.7,51.8,8.9,7.7,False,False,False,False,False,Day
A-2180,4,2022-09-10 12:54:31,Charlotte,Mecklenburg,NC,35.28921594338024,-80.90931891095504,Light Rain,81.7,44.0,5.9,7.5,False,False,False,False,False,Day
A-2181,3,2022-02-09 07:36:31,Miami,Miami-Dade,FL,25.715378055027212,-80.11868999579768,Fair,52.6,52.2,7.0,11.1,False,False,False,False,False,Day
A-2182,3,2022-03-31 10:55:36,Miami,Miami-Dade,FL,25.812022199495164,-80.12151969877713,Cloudy,58.7,45.3,9.7,4.4,False,False,False,False,False,Day
A-2183,2,2022-09-09 16:57:31,Los Angeles,Los Angeles,CA,34.06000784154486,-118.17392872469,Clear,55.5,90.9,7.5,6.2,False,False,False,False,False,Day
A-2184,2,2022-09-16 16:50:10,Miami,Miami-Dade,FL,25.741980344891623,-80.25107775585691,Fair,80.8,66.3,8.8,5.6,False,False,True,False,True,Day
A-2185,3,2022-08-20 07:19:36,Dallas,Dallas,TX,32.833171094471425,-96.77680957371507,Clear,65.8,56.8,10.0,0.0,False,False,False,False,False,Day
A-2186,3,2022-04-04 18:37:48,Atlanta,Fulton,GA,33.77685763722704,-84.40914228491914,Heavy Rain,59.5,75.2,10.0,4.0,False,False,False,False,False,Day
A-2187,1,2022-09-24 14:04:46,Seattle,King,WA,47.5524195876197,-122.35596030110922,Clear,74.7,56.2,7.9,11.3,False,False,False,False,False,Day
A-2188,4,2022-12-22 09:47:40,Austin,Travis,TX,30.28539903019248,-97.78953220777326,Clear,57.8,54.8,7.0,15.1,False,False,False,False,False,Day
A-2189,1,2022-09-14 12:08:48,Austin,Travis,TX,30.285349219986905,-97.61482188898978,Light Rain,61.9,78.7,10.0,10.8,False,False,True,False,False,Day
A-2190,2,2022-05-17 14:39:50,Dallas,Dallas,TX,32.82706920639789,-96.80943696827238,Fair,48.3,46.1,7.6,8.6,False,False,False,False,True,Day
A-2191,2,2022-03-25 13:31:47,Miami,Miami-Dade,FL,25.79096796200334,-80.237899695108,Cloudy,77.6,39.5,10.0,1.5,False,False,False,False,False,Day
A-2192,2,2022-06-03 12:44:34,Atlanta,Fulton,GA,33.78184522113422,-84.38109113675941,Cloudy,48.6,73.1,10.0,7.7,False,False,False,False,False,Day
A-2193,1,2022-03-31 12:23:39,Orlando,Orange,FL,28.51623097457383,-81.34104320791747,Clear,86.5,63.3,8.8,7.4,False,False,False,False,False,Day
A-2194,3,2022-01-03 07:47:38,Charlotte,Mecklenburg,NC,35.21661471391906,-80.85016674628991,Clear,68.6,63.1,6.6,16.4,False,False,False,False,False,Day
A-2195,2,2022-06-02 17:11:16,Los Angeles,Los Angeles,CA,34.03959305254443,-118.23148711662623,Rain,62.6,53.0,9.1,0.0,False,False,False,False,False,Day
A-2196,2,2022-03-30 13:16:01,Houston,Harris,TX,29.680465043717575,-95.31970618078634,Clear,64.8,71.9,10.0,2.0,False,False,False,False,True,Day
A-2197,3,2022-08-29 06:43:57,Houston,Harris,TX,29.824732757027395,-95.41752980878496,Fair,90.6,32.6,8.2,11.8,False,False,False,False,True,Day
A-2198,3,2022-02-26 16:52:42,Seattle,King,WA,47.550241908284676,-122.32321043641144,Cloudy,44.8,21.3,6.4,13.2,False,False,False,False,False,Day
A-2199,2,2022-01-09 19:39:24,Charlotte,Mecklenburg,NC,35.240536069718594,-80.87505101108313,Clear,45.9,52.1,7.9,8.3,False,False,False,False,False,Night
A-2200,2,2022-11-23 19:27:45,Houston,Harris,TX,29.743845384443805,-95.40851686447175,Cloudy,79.4,72.6,9.8,5.5,False,False,False,True,True,Night
A-2201,1,2022-12-22 09:11:40,Chicago,Cook,IL,41.86617806318842,-87.54220133047676,Fair,51.2,84.9,9.9,9.3,False,True,False,False,False,Day
A-2202,3,2022-12-29 06:28:22,Los Angeles,Los Angeles,CA,34.086077120327914,-118.24816946809698,Light Rain,53.9,71.0,9.2,15.7,False,False,False,False,False,Day
A-2203,2,2022-05-28 13:15:52,Houston,Harris,TX,29.721384136961376,-95.42289615833184,Clear,58.4,41.5,8.1,4.4,False,False,False,False,True,Day
A-2204,2,2022-10-30 06:36:21,Los Angeles,Los Angeles,CA,34.07502899105681,-118.24927666616902,Clear,81.9,41.7,8.8,8.9,False,False,False,False,False,Day
A-2205,3,2022-03-09 19:45:14,Orlando,Orange,FL,28.56160608096249,-81.43967422427448,Light Rain,77.1,84.2,8.1,6.2,False,False,False,False,False,Night
A-2206,2,2022-07-04 07:41:45,Atlanta,Fulton,GA,33.71022026187553,-84.39887193582317,Clear,62.9,78.1,9.3,8.5,False,False,False,False,False,Day
A-2207,2,2022-11-20 07:20:22,Miami,Miami-Dade,FL,25.807258143893982,-80.2257241910489,Fair,71.0,71.0,9.5,10.1,False,False,False,False,False,Day
A-2208,4,2022-03-29 10:43:27,Seattle,King,WA,47.674571478713055,-122.30655279543872,Overcast,70.6,78.4,8.5,4.7,False,False,False,False,False,Day
A-2209,2,2022-07-24 09:37:11,Miami,Miami-Dade,FL,25.8629362210408,-80.0949461631509,Cloudy,50.0,63.4,7.3,10.9,False,False,False,False,False,Day
A-2210,2,2022-04-05 17:12:39,Atlanta,Fulton,GA,33.73589837265069,-84.39674628311448,Fair,51.0,55.8,10.0,5.0,True,False,False,False,False,Day
A-2211,4,2022-01-25 11:53:38,Austin,Travis,TX,30.27675614298758,-97.7751456974197,Clear,34.4,56.8,9.6,9.3,False,False,False,False,False,Day
A-2212,4,2022-04-26 07:38:50,Austin,Travis,TX,30.27980943291462,-97.73854978022285,Overcast,87.4,72.7,10.0,0.0,False,False,False,False,True,Day
A-2213,2,2022-02-21 08:29:40,Los Angeles,Los Angeles,CA,34.08548855304187,-118.16913511812042,Clear,54.9,64.7,7.5,10.1,False,True,False,False,True,Day
A-2214,2,2022-01-29 12:18:30,Chicago,Cook,IL,41.965526987255636,-87.60398344674503,Rain,65.2,20.7,8.8,3.5,False,False,False,False,False,Day
A-2215,4,2022-02-01 06:49:42,Orlando,Orange,FL,28.562641381405555,-81.3862524223092,Clear,73.1,77.7,7.5,5.0,False,False,False,False,False,Day
A-2216,2,2022-04-24 14:03:49,Miami,Miami-Dade,FL,25.78740298404365,-80.2951197128362,Overcast,50.4,71.7,10.0,0.0,False,False,False,False,False,Day
A-2217,2,2022-12-26 14:12:35,Austin,Travis,TX,30.21246648619729,-97.74571629738743,Fair,52.3,66.5,6.8,6.1,False,False,False,False,False,Day
A-2218,2,2022-03-05 16:41:53,Miami,Miami-Dade,FL,25.864132190958347,-80.15297257265357,Clear,51.2,88.2,7.0,12.3,False,False,False,False,True,Day
A-2219,2,2022-09-27 19:15:25,Seattle,King,WA,47.582432872873056,-122.28422389357937,Fair,21.5,43.8,9.1,0.7,False,False,False,False,False,Night
A-2220,3,2022-05-20 18:45:14,Los Angeles,Los Angeles,CA,33.91921879560286,-118.17815791097335,Clear,64.0,38.7,6.7,7.8,False,False,False,False,False,Day
A-2221,2,2022-01-02 19:48:20,Orlando,Orange,FL,28.424515158453605,-81.4129246852999,Clear,100.1,70.0,10.0,0.0,False,False,False,False,False,Night
A-2222,3,2022-11-25 07:26:22,Charlotte,Mecklenburg,NC,35.24335383715926,-80.86325237869019,Clear,57.1,44.9,6.2,6.4,False,False,False,False,True,Day
A-2223,3,2022-04-07 06:20:51,Los Angeles,Los Angeles,CA,33.98854431690108,-118.24971040767042,Light Rain,57.5,93.3,8.5,10.4,False,True,False,False,False,Day
A-2224,3,2022-01-03 08:04:08,Miami,Miami-Dade,FL,25.764389256294166,-80.15631864289816,Clear,59.5,46.1,8.2,6.6,False,True,False,False,True,Day
A-2225,3,2022-07-28 18:45:17,Los Angeles,Los Angeles,CA,33.97746264386902,-118.25685663533389,Fog,69.7,45.6,9.6,10.1,False,False,False,False,True,Day
A-2226,3,2022-08-15 21:33:08,Houston,Harris,TX,29.775652062389184,-95.34355841276428,Clear,78.2,51.9,7.4,5.0,False,False,False,False,False,Night
A-2227,2,2022-09-27 17:29:17,Miami,Miami-Dade,FL,25.789913760532453,-80.21101843373141,Cloudy,52.5,54.1,9.5,17.3,False,False,False,False,False,Day
A-2228,2,2022-12-06 06:15:20,Dallas,Dallas,TX,32.78549182582722,-96.83229206547708,Light Rain,71.9,52.6,7.3,11.4,True,False,False,False,False,Day
A-2229,3,2022-11-16 19:28:46,Miami,Miami-Dade,FL,25.726883302765202,-80.13631357622828,Rain,63.7,54.7,7.0,7.8,False,False,False,False,False,Night
A-2230,2,2022-03-20 10:42:21,Miami,Miami-Dade,FL,25.805628104883667,-80.17618195636875,Clear,69.5,52.8,8.5,13.8,False,True,False,False,False,Day
A-2231,2,2022-02-10 00:56:18,Orlando,Orange,FL,28.518331825434135,-81.34186784612416,Cloudy,71.8,28.9,8.8,12.6,False,False,False,False,False,Night
A-2232,2,2022-10-03 11:41:59,Los Angeles,Los Angeles,CA,34.042782188676206,-118.2540146647995,Clear,50.4,70.1,8.4,4.9,False,False,False,False,False,Day
A-2233,2,2022-03-03 04:59:57,Atlanta,Fulton,GA,33.72351517655521,-84.34779365132731,Fair,57.1,51.3,8.2,9.0,False,True,False,False,False,Night
A-2234,3,2022-11-02 13:44:49,Seattle,King,WA,47.59280419093236,-122.38523350454184,Cloudy,71.9,56.9,10.0,5.8,False,True,False,False,False,Day
A-2235,3,2022-01-01 08:14:36,Dallas,Dallas,TX,32.87026244591653,-96.84217155472297,Clear,62.9,35.7,9.6,10.7,False,False,False,False,False,Day
A-2236,2,2022-10-13 12:31:20,Dallas,Dallas,TX,32.7764524363269,-96.74989472648154,Clear,76.9,29.5,9.5,13.3,False,False,False,False,False,Day
A-2237,3,2022-11-26 14:49:46,Atlanta,Fulton,GA,33.68551866190189,-84.39151200254891,Clear,61.7,58.1,10.0,1.1,False,False,False,False,True,Day
A-2238,2,2022-11-17 17:34:36,Los Angeles,Los Angeles,CA,34.00423749014494,-118.25602747274652,Clear,80.2,91.1,6.3,7.5,False,False,False,False,False,Day
A-2239,3,2022-12-12 15:40:36,Los Angeles,Los Angeles,CA,34.038390810661944,-118.2896767092244,Clear,35.6,90.4,10.0,12.8,False,False,False,False,True,Day
A-2240,2,2022-05-13 11:24:45,Miami,Miami-Dade,FL,25.721967986280486,-80.15157647085104,Light Rain,69.9,41.8,5.6,10.0,False,False,False,False,False,Day
A-2241,3,2022-04-19 17:20:45,Austin,Travis,TX,30.314682967930622,-97.64983003991536,Clear,45.7,45.2,10.0,8.7,False,False,False,False,False,Day
A-2242,2,2022-04-04 18:47:37,Los Angeles,Los Angeles,CA,33.98135292623703,-118.21331897257207,Cloudy,81.8,63.4,5.6,11.3,False,False,False,False,False,Day
A-2243,2,2022-08-17 06:18:26,Dallas,Dallas,TX,32.77074666080474,-96.81945664071327,Overcast,62.8,10.0,8.9,1.6,False,False,False,False,False,Day
A-2244,3,2022-08-13 13:24:25,Chicago,Cook,IL,41.92863183637147,-87.56046031795867,Fair,59.9,48.3,7.8,9.3,True,False,False,True,False,Day
A-2245,1,2022-08-30 08:35:47,Seattle,King,WA,47.57469530632253,-122.3141303289766,Cloudy,52.6,64.5,10.0,11.9,False,False,False,True,True,Day
A-2246,4,2022-07-16 04:15:06,Charlotte,Mecklenburg,NC,35.24905293304352,-80.86474943781937,Cloudy,75.0,55.4,10.0,9.3,False,False,False,False,True,Night
A-2247,2,2022-04-13 15:30:00,Los Angeles,Los Angeles,CA,34.050183422820105,-118.17991588774875,Fair,73.5,22.0,8.4,2.1,False,False,False,False,False,Day
A-2248,2,2022-10-03 17:24:52,Seattle,King,WA,47.60462225000247,-122.34112049275943,Fair,60.8,23.4,10.0,5.5,False,True,False,False,False,Day
A-2249,2,2022-05-25 07:06:07,Dallas,Dallas,TX,32.802294662243085,-96.86913414440363,Heavy Rain,75.0,31.4,9.6,7.0,False,False,False,False,False,Day
A-2250,2,2022-07-12 17:16:10,Los Angeles,Los Angeles,CA,33.95925690979972,-118.25958084566876,Fog,68.3,58.5,10.0,3.7,False,False,False,False,False,Day
A-2251,2,2022-05-29 17:48:10,Los Angeles,Los Angeles,CA,34.11236809917791,-118.21709588036673,Cloudy,66.3,43.3,8.6,3.4,False,False,False,False,False,Day
A-2252,4,2022-09-12 18:40:49,Atlanta,Fulton,GA,33.65415063447505,-84.42388290777814,Clear,76.7,91.1,7.6,9.0,False,False,False,False,False,Day
A-2253,2,2022-10-13 08:03:49,Dallas,Dallas,TX,32.833495796463296,-96.89061646634171,Fair,92.2,33.3,4.7,13.6,False,False,False,False,False,Day
A-2254,3,2022-03-15 18:10:02,Austin,Travis,TX,30.288900610814437,-97.66960871905377,Fair,69.2,84.6,8.3,0.0,False,False,False,False,False,Day
A-2255,2,2022-11-16 08:51:20,Seattle,King,WA,47.629857045270796,-122.18240474660327,Overcast,69.3,35.9,9.3,5.1,True,False,False,False,False,Day
A-2256,2,2022-08-29 13:53:36,Dallas,Dallas,TX,32.85742823803785,-96.82077351605096,Cloudy,78.8,100.0,7.0,4.1,False,False,False,False,False,Day
A-2257,2,2022-09-03 04:43:21,Charlotte,Mecklenburg,NC,35.28627260136111,-80.87459126997648,Fair,50.7,73.2,8.8,13.0,False,False,False,False,False,Night
A-2258,2,2022-12-28 04:52:12,Houston,Harris,TX,29.80110875516758,-95.43715458798532,Cloudy,62.3,15.7,10.0,9.9,False,False,False,False,False,Night
A-2259,4,2022-07-16 16:02:12,Miami,Miami-Dade,FL,25.746973534829223,-80.23285957053459,Clear,59.2,84.3,9.2,12.6,False,False,False,False,False,Day
A-2260,2,2022-02-16 11:53:10,Houston,Harris,TX,29.742364314023526,-95.44619173642299,Overcast,69.5,50.8,7.5,10.5,False,False,False,False,True,Day
A-2261,2,2022-03-20 07:51:20,Austin,Travis,TX,30.309273825973335,-97.80834869154425,Clear,68.3,78.6,10.0,11.7,False,True,False,False,False,Day
A-2262,2,2022-05-21 07:13:32,Dallas,Dallas,TX,32.79934236235449,-96.79688769464843,Cloudy,91.4,59.8,9.4,8.1,False,False,False,False,True,Day
A-2263,2,2022-05-17 15:00:33,Atlanta,Fulton,GA,33.764058647144374,-84.46695154452782,Clear,87.5,52.9,9.4,8.9,False,False,False,False,False,Day
A-2264,2,2022-06-23 00:36:29,Houston,Harris,TX,29.75755270926808,-95.44322133007005,Clear,42.3,54.9,8.1,9.1,False,True,False,False,True,Night
A-2265,2,2022-05-26 17:44:36,Dallas,Dallas,TX,32.75630965137264,-96.78664897453045,Clear,70.4,36.6,6.5,7.1,False,True,False,False,False,Day
A-2266,1,2022-04-01 05:13:47,Dallas,Dallas,TX,32.70720004252099,-96.82787343364987,Rain,75.6,51.2,9.5,7.0,False,False,False,False,False,Night
A-2267,3,2022-05-19 07:05:33,Dallas,Dallas,TX,32.80887787135116,-96.7791663278974,Cloudy,66.3,34.2,9.7,8.9,False,False,False,False,False,Day
A-2268,3,2022-01-30 09:50:36,Orlando,Orange,FL,28.52921585694959,-81.39630027957823,Fair,57.3,50.6,7.6,8.8,False,False,False,True,False,Day
A-2269,2,2022-10-04 12:45:58,Miami,Miami-Dade,FL,25.74936585671775,-80.2010779201733,Overcast,85.7,63.9,9.3,7.8,False,True,False,False,False,Day
A-2270,2,2022-11-19 09:07:23,Charlotte,Mecklenburg,NC,35.13647204285909,-80.80409468424506,Cloudy,70.0,81.2,10.0,7.7,False,False,False,False,False,Day
A-2271,3,2022-07-14 08:03:31,Los Angeles,Los Angeles,CA,34.056835068415076,-118.27113452049,Cloudy,49.3,89.7,7.0,9.8,False,False,False,False,False,Day
A-2272,4,2022-03-31 20:08:11,Houston,Harris,TX,29.692231266396853,-95.3343149481832,Fair,79.6,59.8,9.8,6.5,False,False,False,False,False,Night
A-2273,4,2022-06-22 15:53:47,Charlotte,Mecklenburg,NC,35.205368510855884,-80.86409238575365,Clear,72.0,37.5,8.8,2.1,True,False,False,False,False,Day
A-2274,3,2022-07-31 02:05:23,Dallas,Dallas,TX,32.81633514748271,-96.83803709318505,Clear,55.3,59.0,10.0,7.8,False,False,False,False,False,Night
A-2275,2,2022-01-27 11:23:20,Chicago,Cook,IL,41.88126385099551,-87.6835009392492,Clear,53.5,56.8,10.0,3.4,False,False,True,False,True,Day
A-2276,3,2022-08-12 17:30:46,Dallas,Dallas,TX,32.77143101277614,-96.87983369823769,Cloudy,53.1,86.4,9.1,11.2,False,False,True,False,True,Day
A-2277,3,2022-09-11 08:40:29,Orlando,Orange,FL,28.501969165003246,-81.44122112587321,Clear,82.8,77.5,9.0,4.7,False,False,False,False,False,Day
A-2278,2,2022-12-17 05:11:34,Charlotte,Mecklenburg,NC,35.19972293017774,-80.93177459269194,Fair,73.8,64.7,8.6,5.0,True,False,False,False,False,Night
A-2279,2,2022-06-14 16:24:05,Dallas,Dallas,TX,32.85596816860893,-96.84672548075868,Fair,79.3,90.4,6.9,8.7,False,False,False,False,True,Day
A-2280,2,2022-12-05 14:45:15,Los Angeles,Los Angeles,CA,34.091186793885264,-118.20264970700337,Clear,68.1,49.9,9.8,7.0,False,False,False,False,False,Day
A-2281,2,2022-07-19 14:47:03,Miami,Miami-Dade,FL,25.738595116550567,-80.1922157106234,Heavy Rain,54.8,72.5,9.1,11.7,True,False,False,False,False,Day
A-2282,2,2022-04-16 04:21:07,Houston,Harris,TX,29.755123532063404,-95.38919379191648,Rain,53.1,49.9,7.5,6.2,False,False,False,False,False,Night
A-2283,1,2022-10-03 06:32:12,Charlotte,Mecklenburg,NC,35.23946668064168,-80.87766448717046,Clear,81.1,50.6,5.1,5.8,False,False,False,False,True,Day
A-2284,2,2022-10-22 15:17:17,Los Angeles,Los Angeles,CA,34.07410416407986,-118.24776261512501,Overcast,71.7,18.6,10.0,3.9,False,True,False,False,False,Day
A-2285,2,2022-12-06 07:13:10,Los Angeles,Los Angeles,CA,34.0509841972613,-118.2421895695461,Fair,61.0,62.0,8.3,2.3,False,False,False,False,True,Day
A-2286,2,2022-12-12 12:49:52,Miami,Miami-Dade,FL,25.673181073835973,-80.24755278570306,Overcast,65.3,62.6,10.0,4.9,False,False,False,False,False,Day
A-2287,3,2022-08-11 13:35:16,Chicago,Cook,IL,41.87652603591454,-87.60662208395853,Clear,80.0,57.3,6.3,8.6,False,False,False,False,False,Day
A-2288,2,2022-11-24 08:31:13,Miami,Miami-Dade,FL,25.75707549742435,-80.20808165357133,Clear,73.4,69.1,9.1,12.1,False,False,False,False,True,Day
A-2289,3,2022-03-19 19:28:05,Charlotte,Mecklenburg,NC,35.32996496136432,-80.82825928865425,Light Rain,63.6,80.0,8.9,10.4,False,False,False,False,False,Night
A-2290,3,2022-04-01 17:56:03,Los Angeles,Los Angeles,CA,34.18678766479355,-118.24530067875482,Light Rain,64.3,59.6,8.6,4.7,True,False,False,False,False,Day
A-2291,3,2022-08-11 16:09:54,Dallas,Dallas,TX,32.80880823424941,-96.86792021610388,Fair,56.1,72.1,10.0,7.6,True,False,False,False,False,Day
A-2292,3,2022-08-27 05:10:34,Miami,Miami-Dade,FL,25.727843604459107,-80.12675752301011,Light Rain,65.3,67.5,9.3,7.1,False,False,False,False,True,Night
A-2293,2,2022-06-29 06:07:19,Miami,Miami-Dade,FL,25.795650803802193,-80.19237276483608,Cloudy,60.7,81.5,5.5,11.6,False,False,False,False,False,Day
A-2294,2,2022-03-03 12:20:00,Charlotte,Mecklenburg,NC,35.14217537091559,-80.86148487236403,Clear,64.2,70.7,8.2,12.3,True,False,False,False,False,Day
A-2295,2,2022-09-17 06:23:29,Los Angeles,Los Angeles,CA,34.02556593465428,-118.2145722019931,Clear,56.9,96.5,5.8,0.0,False,False,False,False,False,Day
A-2296,4,2022-03-31 21:32:19,Los Angeles,Los Angeles,CA,33.970880756274774,-118.30156641345332,Clear,44.9,65.3,10.0,12.6,False,False,False,False,True,Night
A-2297,2,2022-07-09 06:15:08,Miami,Miami-Dade,FL,25.78922764739577,-80.27051435153251,Overcast,79.3,41.3,9.5,0.7,False,True,False,False,False,Day
A-2298,2,2022-05-25 12:58:30,Los Angeles,Los Angeles,CA,33.9916664469558,-118.21587060001487,Snow,73.6,85.2,8.7,8.1,False,False,False,False,False,Day
A-2299,3,2022-01-03 09:47:22,Los Angeles,Los Angeles,CA,34.03785050412699,-118.18637165818485,Fair,61.0,72.8,6.2,0.0,False,False,False,True,False,Day
A-2300,4,2022-03-14 15:29:54,Miami,Miami-Dade,FL,25.759493211191593,-80.17747921977696,Cloudy,60.2,69.5,9.3,11.1,False,False,False,False,False,Day
A-2301,3,2022-03-06 06:55:47,Austin,Travis,TX,30.26575354798176,-97.70281080848875,Cloudy,44.2,29.1,10.0,5.6,False,False,False,False,False,Day
A-2302,2,2022-09-11 11:33:11,Dallas,Dallas,TX,32.75305646689983,-96.86030846822533,Clear,81.0,89.8,10.0,9.7,False,False,False,False,False,Day
A-2303,2,2022-08-04 08:59:51,Charlotte,Mecklenburg,NC,35.2439358015484,-80.86106370566822,Clear,83.8,80.0,10.0,5.8,False,False,False,False,False,Day
A-2304,2,2022-11-16 18:46:26,Miami,Miami-Dade,FL,25.69898812326613,-80.22470219618768,Fair,63.7,66.3,10.0,10.9,False,False,False,False,False,Day
A-2305,2,2022-09-09 04:07:15,Atlanta,Fulton,GA,33.83596397213863,-84.33662016070257,Fair,69.9,10.0,10.0,0.3,False,False,False,False,False,Night
A-2306,3,2022-04-25 18:28:34,Houston,Harris,TX,29.708696750192942,-95.34509663317601,Light Rain,50.2,53.2,9.2,9.4,False,False,False,False,False,Day
A-2307,2,2022-12-10 17:28:30,Los Angeles,Los Angeles,CA,34.05418488225908,-118.1921421909919,Clear,66.3,98.3,10.0,8.7,False,False,False,False,True,Day
A-2308,1,2022-12-22 08:11:50,Dallas,Dallas,TX,32.80794815363968,-96.8278936888211,Fair,54.7,69.5,10.0,8.5,False,False,False,False,True,Day
A-2309,3,2022-01-08 16:40:56,Los Angeles,Los Angeles,CA,34.086335804046456,-118.30027393819375,Overcast,54.7,35.8,7.0,9.1,False,False,False,False,True,Day
A-2310,2,2022-11-08 03:39:52,Miami,Miami-Dade,FL,25.80046802511103,-80.12534606630055,Clear,60.7,48.9,10.0,11.5,False,True,False,False,True,Night
A-2311,3,2022-12-15 20:40:31,Charlotte,Mecklenburg,NC,35.14746167530112,-80.84179448235224,Fair,58.6,52.0,7.0,10.9,False,False,False,False,True,Night
A-2312,3,2022-10-19 13:14:22,Seattle,King,WA,47.56033040073684,-122.2788559509379,Clear,63.1,82.6,8.3,1.4,False,False,False,False,True,Day
A-2313,3,2022-04-23 08:20:53,Charlotte,Mecklenburg,NC,35.23389289247764,-80.84634724541891,Fair,80.8,29.8,10.0,7.5,True,False,False,False,False,Day
A-2314,2,2022-09-02 09:45:42,Orlando,Orange,FL,28.56235832041493,-81.26900739514438,Overcast,33.3,81.1,7.3,8.4,False,False,False,False,False,Day
A-2315,2,2022-09-28 05:13:16,Chicago,Cook,IL,41.940956415413055,-87.57090017525204,Clear,57.0,75.8,10.0,6.7,False,False,False,False,False,Night
A-2316,3,2022-04-29 22:52:57,Los Angeles,Los Angeles,CA,34.02649905429044,-118.25170277116382,Light Rain,74.5,100.0,7.8,7.6,False,False,False,False,False,Night
A-2317,3,2022-02-17 04:21:09,Miami,Miami-Dade,FL,25.716450300325295,-80.19077355491174,Clear,67.9,70.7,10.0,8.9,False,False,False,False,False,Night
A-2318,2,2022-04-04 15:20:36,Houston,Harris,TX,29.73305851469446,-95.36860062369122,Clear,53.3,35.2,10.0,10.0,False,False,False,False,False,Day
A-2319,2,2022-06-20 11:25:12,Houston,Harris,TX,29.873371606754933,-95.42660296943853,Fair,96.6,59.0,7.2,9.3,False,False,False,False,False,Day
A-2320,2,2022-09-30 19:31:15,Houston,Harris,TX,29.835421401486734,-95.39389724598497,Light Rain,105.4,40.2,10.0,10.5,False,False,True,False,True,Night
A-2321,4,2022-05-08 07:43:39,Atlanta,Fulton,GA,33.74052540145964,-84.415898844471,Clear,64.8,67.8,10.0,14.9,False,True,False,False,False,Day
A-2322,2,2022-05-08 13:36:13,Orlando,Orange,FL,28.60254018499356,-81.3675743321807,Clear,50.1,94.9,8.1,6.2,False,False,False,False,False,Day
A-2323,2,2022-10-28 12:19:43,Dallas,Dallas,TX,32.74807575967274,-96.83775691409849,Cloudy,61.2,42.8,10.0,6.5,False,False,False,False,False,Day
A-2324,2,2022-01-22 16:55:43,Miami,Miami-Dade,FL,25.809425930596323,-80.19930359370942,Fair,48.1,78.6,6.6,9.8,False,False,False,False,True,Day
A-2325,2,2022-03-15 05:08:00,Austin,Travis,TX,30.1982540645063,-97.76140849057582,Clear,71.0,47.6,10.0,7.0,False,False,False,False,False,Night
A-2326,4,2022-10-14 07:43:19,Chicago,Cook,IL,41.895924514589176,-87.62600852336071,Clear,73.6,29.0,7.5,5.6,False,False,False,False,False,Day
A-2327,1,2022-03-10 07:05:41,Austin,Travis,TX,30.31817349625147,-97.66969468659669,Overcast,79.8,92.0,8.4,5.2,False,False,True,True,False,Day
A-2328,1,2022-06-18 16:47:58,Los Angeles,Los Angeles,CA,34.03586832990312,-118.18892818586605,Fog,71.0,64.7,8.7,9.5,False,False,False,False,False,Day
A-2329,2,2022-07-29 07:15:35,Dallas,Dallas,TX,32.80737078511242,-96.86252495079663,Clear,68.4,69.8,9.2,8.8,False,False,False,False,False,Day
A-2330,2,2022-12-30 14:01:17,Los Angeles,Los Angeles,CA,34.02412212426132,-118.24629192819897,Fair,49.9,77.2,9.9,14.5,True,False,False,False,False,Day
A-2331,2,2022-07-13 07:59:03,Miami,Miami-Dade,FL,25.776877182350148,-80.2069434097286,Clear,46.7,26.0,9.9,2.9,True,False,True,False,False,Day
A-2332,2,2022-09-03 17:00:46,Los Angeles,Los Angeles,CA,34.028122787106945,-118.27602998137696,Cloudy,34.7,54.7,6.8,3.0,False,False,False,False,False,Day
A-2333,2,2022-07-11 19:49:15,Dallas,Dallas,TX,32.817656890703496,-96.6893489305516,Clear,66.2,27.1,6.5,7.3,False,False,False,False,False,Night
A-2334,3,2022-12-04 13:57:46,Orlando,Orange,FL,28.475081617192245,-81.4055383902842,Clear,77.9,49.5,10.0,3.9,False,False,False,False,False,Day
A-2335,1,2022-11-25 09:51:35,Los Angeles,Los Angeles,CA,34.00143912804435,-118.26657184390993,Overcast,82.3,83.0,10.0,0.0,False,False,False,False,False,Day
A-2336,4,2022-12-24 07:38:22,Houston,Harris,TX,29.825685445160765,-95.28208053198635,Clear,77.6,69.0,6.4,5.3,False,False,False,False,False,Day
A-2337,2,2022-12-02 04:00:10,Houston,Harris,TX,29.637426263439426,-95.32134819834121,Clear,59.5,47.7,9.8,15.7,False,False,False,False,False,Night
A-2338,2,2022-03-14 08:13:13,Houston,Harris,TX,29.728349572823078,-95.39196491380802,Heavy Rain,92.9,60.5,10.0,16.9,False,False,False,False,False,Day
A-2339,1,2022-02-20 15:22:42,Los Angeles,Los Angeles,CA,34.045095987385544,-118.20566977461705,Snow,50.8,57.1,10.0,9.2,False,True,False,False,True,Day
A-2340,2,2022-09-30 13:59:35,Houston,Harris,TX,29.77805039063165,-95.38177175516275,Clear,50.1,66.2,8.1,2.5,False,False,False,False,False,Day
A-2341,2,2022-01-18 19:55:01,Austin,Travis,TX,30.24330967628999,-97.75174081893167,Fair,76.5,47.5,10.0,3.9,False,False,False,False,False,Night
A-2342,2,2022-12-04 10:50:45,Los Angeles,Los Angeles,CA,33.995911963004,-118.28396914251488,Fair,86.1,57.5,10.0,7.4,False,False,False,False,False,Day
A-2343,2,2022-02-02 15:06:11,Los Angeles,Los Angeles,CA,34.113514020670884,-118.36535265742533,Fair,91.9,63.0,7.6,5.0,False,False,False,False,False,Day
A-2344,2,2022-03-24 12:46:04,Houston,Harris,TX,29.81306288973318,-95.44104366602532,Rain,80.0,68.5,8.3,7.7,False,False,False,False,False,Day
A-2345,2,2022-08-26 12:35:06,Atlanta,Fulton,GA,33.73003550932069,-84.44323028025082,Overcast,76.0,64.4,7.5,7.2,False,False,False,False,False,Day
A-2346,2,2022-07-03 08:45:31,Dallas,Dallas,TX,32.687166449394475,-96.77604981130668,Overcast,77.2,27.2,9.7,2.1,False,False,False,False,False,Day
A-2347,2,2022-03-30 11:13:08,Orlando,Orange,FL,28.553608404938224,-81.37152808478154,Clear,60.8,34.8,5.9,6.8,True,False,False,False,False,Day
A-2348,3,2022-06-24 12:29:04,Houston,Harris,TX,29.76948752703793,-95.31548833578965,Fair,53.0,72.5,8.6,8.9,False,False,False,False,False,Day
A-2349,2,2022-10-29 16:00:56,Dallas,Dallas,TX,32.74334706379971,-96.8571668421793,Fair,69.1,54.9,8.3,5.5,False,False,False,False,False,Day
A-2350,3,2022-02-15 19:19:48,Los Angeles,Los Angeles,CA,33.95444684786392,-118.15436047572803,Clear,39.6,51.1,4.9,10.8,False,False,False,False,False,Night
A-2351,2,2022-12-27 08:42:44,Dallas,Dallas,TX,32.76312228936147,-96.71228230532272,Clear,60.4,55.0,9.6,7.2,False,False,False,False,False,Day
A-2352,4,2022-07-23 04:07:28,Atlanta,Fulton,GA,33.78732778979791,-84.3862281674976,Clear,57.0,54.9,10.0,6.5,False,True,False,False,True,Night
A-2353,2,2022-04-08 12:47:16,Dallas,Dallas,TX,32.822558366786915,-96.83131251885318,Clear,73.7,24.7,6.1,7.2,False,False,False,False,False,Day
A-2354,4,2022-09-15 13:10:33,Seattle,King,WA,47.603990770141166,-122.36382515371515,Clear,68.3,94.6,9.0,4.8,False,False,False,False,False,Day
A-2355,2,2022-09-12 07:54:04,Orlando,Orange,FL,28.507126329145475,-81.36929321959053,Clear,87.3,57.7,6.2,8.6,False,False,False,False,True,Day
A-2356,2,2022-11-03 16:28:47,Los Angeles,Los Angeles,CA,34.08892317326625,-118.14957023484722,Clear,77.3,60.3,9.2,3.6,True,False,False,False,False,Day
A-2357,2,2022-03-26 22:57:33,Atlanta,Fulton,GA,33.69214948146834,-84.39274601197155,Fair,55.4,61.6,10.0,16.6,False,False,False,False,False,Night
A-2358,1,2022-10-11 19:36:07,Los Angeles,Los Angeles,CA,33.98446057413314,-118.32280162887841,Fair,75.1,79.2,8.0,15.1,False,False,False,False,False,Night
A-2359,4,2022-08-09 07:45:24,Charlotte,Mecklenburg,NC,35.22267697770738,-80.74833161729502,Clear,39.1,73.7,8.4,6.7,False,False,False,False,False,Day
A-2360,2,2022-05-09 17:33:02,Los Angeles,Los Angeles,CA,34.12952235078575,-118.26371930549901,Rain,76.0,58.5,10.0,9.3,False,False,False,False,False,Day
A-2361,2,2022-08-27 16:49:52,Los Angeles,Los Angeles,CA,34.13139760833357,-118.17101019739638,Fair,53.8,42.5,7.5,9.4,False,False,False,False,False,Day
A-2362,1,2022-08-08 11:52:28,Houston,Harris,TX,29.69451110810352,-95.33851117425847,Overcast,55.9,84.7,7.1,9.4,False,False,False,False,False,Day
A-2363,2,2022-11-14 13:56:38,Miami,Miami-Dade,FL,25.739837105839015,-80.19922144382254,Rain,85.1,61.1,9.0,9.7,True,True,False,False,False,Day
A-2364,2,2022-09-19 17:31:54,Charlotte,Mecklenburg,NC,35.348794789002675,-80.79480302225703,Clear,70.8,71.9,10.0,10.0,False,False,False,False,False,Day
A-2365,2,2022-07-02 12:37:45,Dallas,Dallas,TX,32.74227908390334,-96.83373729387269,Fair,62.1,38.3,9.5,9.8,False,False,False,False,False,Day
A-2366,2,2022-06-14 09:44:15,Los Angeles,Los Angeles,CA,34.13318695411922,-118.25824784321702,Fair,80.2,73.0,7.7,3.9,False,False,False,True,False,Day
A-2367,2,2022-08-13 12:09:41,Los Angeles,Los Angeles,CA,34.101000528219686,-118.27023676771664,Fair,87.1,31.5,10.0,8.8,False,False,False,False,False,Day
A-2368,2,2022-01-06 14:43:58,Charlotte,Mecklenburg,NC,35.28664290548356,-80.85313405656065,Clear,50.0,52.1,10.0,4.0,False,False,False,False,False,Day
A-2369,2,2022-09-29 07:54:18,Miami,Miami-Dade,FL,25.739407210058342,-80.16441247053505,Overcast,54.3,62.7,10.0,9.1,True,False,False,False,False,Day
A-2370,1,2022-02-03 18:39:50,Orlando,Orange,FL,28.51748698682252,-81.3521858917987,Clear,77.2,94.7,10.0,10.7,False,False,False,False,False,Day
A-2371,2,2022-08-08 15:55:16,Dallas,Dallas,TX,32.73116919011477,-96.87476584998964,Thunderstorm,69.6,73.2,10.0,8.5,False,False,False,False,False,Day
A-2372,2,2022-01-31 15:43:58,Seattle,King,WA,47.64614157171368,-122.35887698854677,Overcast,37.1,88.7,8.7,10.0,False,True,False,False,True,Day
A-2373,3,2022-09-09 06:03:05,Orlando,Orange,FL,28.45647456626974,-81.39734455993592,Fair,91.7,69.2,8.7,7.9,False,False,False,False,True,Day
A-2374,3,2022-01-04 14:25:56,Houston,Harris,TX,29.752229977462605,-95.34049242048371,Clear,57.8,37.8,10.0,14.4,False,True,False,False,False,Day
A-2375,4,2022-05-04 06:12:46,Orlando,Orange,FL,28.620023594915367,-81.44921586486178,Fair,49.9,37.9,4.1,8.6,False,False,False,False,False,Day
A-2376,2,2022-06-05 05:56:53,Miami,Miami-Dade,FL,25.79142700037095,-80.1564766125551,Clear,65.2,75.2,3.8,3.3,True,False,False,False,False,Night
A-2377,3,2022-12-17 13:51:21,Miami,Miami-Dade,FL,25.81183192661481,-80.24813544791742,Clear,78.5,40.0,7.8,5.1,False,False,False,False,False,Day
A-2378,2,2022-01-25 10:38:34,Austin,Travis,TX,30.184997718192257,-97.7306826157999,Overcast,82.0,29.1,8.3,8.7,False,False,False,False,False,Day
A-2379,2,2022-01-06 14:13:47,Houston,Harris,TX,29.710695850275073,-95.31407801674997,Fair,65.9,40.5,10.0,12.3,False,True,False,False,False,Day
A-2380,2,2022-06-25 05:51:38,Austin,Travis,TX,30.326407823966115,-97.80444401922858,Fair,103.0,65.4,8.0,8.6,False,False,False,False,False,Night
A-2381,3,2022-04-21 11:13:08,Austin,Travis,TX,30.27348912340198,-97.73101251622263,Light Rain,107.3,44.1,10.0,7.9,False,False,False,False,False,Day
A-2382,3,2022-09-11 07:06:27,Seattle,King,WA,47.554217913064996,-122.34137406228658,Clear,71.7,85.1,9.3,2.5,False,False,False,False,True,Day
A-2383,2,2022-04-17 22:27:01,Atlanta,Fulton,GA,33.78031930165502,-84.43687238333176,Fair,64.1,68.5,7.4,14.6,False,False,False,False,True,Night
A-2384,2,2022-12-02 13:16:58,Houston,Harris,TX,29.733722052612446,-95.43104813782651,Fair,59.9,63.8,10.0,1.7,True,False,True,False,False,Day
A-2385,2,2022-11-13 15:03:12,Miami,Miami-Dade,FL,25.888577955532803,-80.22717669584412,Fair,62.7,67.8,9.6,0.8,False,False,False,False,False,Day
A-2386,4,2022-05-03 08:50:36,Dallas,Dallas,TX,32.80665156401275,-96.83752498704592,Overcast,87.4,72.1,6.4,5.1,True,False,False,False,True,Day
A-2387,3,2022-06-03 05:40:23,Houston,Harris,TX,29.71426940822666,-95.38007977155226,Heavy Rain,70.0,72.4,10.0,9.4,False,True,False,False,False,Night
A-2388,2,2022-07-20 21:34:01,Dallas,Dallas,TX,32.82075100920278,-96.81833121901889,Fair,78.1,43.7,10.0,5.4,False,False,False,False,False,Night
A-2389,2,2022-06-11 08:11:21,Orlando,Orange,FL,28.619038415842187,-81.35801918939637,Fair,75.4,85.2,6.4,4.5,False,False,False,False,False,Day
A-2390,2,2022-02-18 10:16:42,Orlando,Orange,FL,28.53800228112126,-81.33877538627856,Fair,74.1,72.6,9.2,3.7,True,False,False,False,True,Day
A-2391,3,2022-11-19 15:08:12,Houston,Harris,TX,29.72200334267015,-95.44625028182986,Cloudy,81.3,52.1,10.0,14.1,False,False,False,False,False,Day
A-2392,3,2022-09-21 02:51:22,Los Angeles,Los Angeles,CA,34.05441607593334,-118.25623252872185,Cloudy,77.4,75.5,5.7,8.3,False,False,True,False,False,Night
A-2393,2,2022-03-05 17:03:20,Houston,Harris,TX,29.729760148176943,-95.41729623218981,Clear,72.2,33.4,10.0,10.6,True,False,False,False,False,Day
A-2394,2,2022-07-03 13:08:06,Los Angeles,Los Angeles,CA,34.03928425317132,-118.2979583160552,Clear,92.7,77.1,7.6,15.2,False,False,False,False,False,Day
A-2395,4,2022-07-01 08:22:57,Atlanta,Fulton,GA,33.67955783158853,-84.46644008175424,Heavy Rain,45.2,65.8,7.3,15.1,False,False,False,False,False,Day
A-2396,2,2022-02-17 05:04:05,Miami,Miami-Dade,FL,25.805460748758172,-80.27393447410977,Clear,69.2,17.1,8.4,3.4,False,False,False,False,True,Night
A-2397,4,2022-07-16 07:53:13,Los Angeles,Los Angeles,CA,33.99473604696486,-118.26965629998602,Cloudy,57.1,100.0,10.0,8.0,False,False,False,False,False,Day
A-2398,2,2022-05-25 18:18:22,Los Angeles,Los Angeles,CA,34.08260809647161,-118.22405460833328,Overcast,78.8,33.9,10.0,10.1,False,False,False,False,False,Day
A-2399,3,2022-04-25 15:39:12,Dallas,Dallas,TX,32.76149499430904,-96.77753264885966,Clear,40.5,71.5,10.0,7.4,False,False,False,False,False,Day
A-2400,3,2022-09-15 07:39:15,Dallas,Dallas,TX,32.787845072687766,-96.84963396419515,Cloudy,68.5,88.3,7.2,4.3,False,False,False,False,False,Day
A-2401,2,2022-12-31 05:50:27,Miami,Miami-Dade,FL,25.73796477454976,-80.24949104433217,Clear,72.2,10.0,9.7,0.0,False,False,False,True,False,Night
A-2402,4,2022-05-23 15:56:59,Los Angeles,Los Angeles,CA,34.06201085556681,-118.23173775731,Fog,83.3,64.7,10.0,12.4,False,False,False,False,False,Day
A-2403,1,2022-04-23 14:15:52,Houston,Harris,TX,29.78203240173145,-95.39138713286518,Clear,58.7,77.7,10.0,14.4,False,False,False,False,True,Day
A-2404,3,2022-01-24 10:35:19,Miami,Miami-Dade,FL,25.74415680136173,-80.14731449091983,Fair,106.9,82.3,7.0,9.9,False,False,False,False,False,Day
A-2405,4,2022-03-12 09:55:55,Orlando,Orange,FL,28.451822810131663,-81.43473605723591,Fair,56.2,84.3,9.5,6.9,False,False,False,True,False,Day
A-2406,2,2022-02-27 07:21:55,Dallas,Dallas,TX,32.79355076893007,-96.88988554757158,Overcast,47.9,78.5,9.6,4.8,False,False,False,False,False,Day
A-2407,2,2022-10-08 15:04:16,Houston,Harris,TX,29.77994146090997,-95.33917578948511,Clear,74.1,53.3,7.7,7.5,False,True,False,False,True,Day
A-2408,2,2022-06-28 20:33:01,Miami,Miami-Dade,FL,25.69006299962846,-80.28630196318025,Fair,63.1,69.2,10.0,12.3,False,False,False,False,False,Night
A-2409,3,2022-01-05 07:06:35,Chicago,Cook,IL,41.82904606088036,-87.70208999511232,Clear,92.6,100.0,9.4,9.2,True,False,False,False,False,Day
A-2410,3,2022-02-10 14:19:29,Houston,Harris,TX,29.74301013198228,-95.40326141948488,Clear,41.2,85.3,6.3,0.0,False,False,False,False,False,Day
A-2411,2,2022-01-25 10:30:57,Orlando,Orange,FL,28.42355686522347,-81.39344967208754,Overcast,65.5,46.7,10.0,13.4,False,False,False,True,False,Day
A-2412,3,2022-11-03 11:01:47,Los Angeles,Los Angeles,CA,34.087595305883006,-118.21362613362167,Clear,77.3,81.3,9.2,9.7,False,False,False,False,False,Day
A-2413,2,2022-04-17 07:55:14,Charlotte,Mecklenburg,NC,35.20265973316965,-80.89381090885199,Cloudy,55.0,87.1,5.2,2.7,False,False,False,False,False,Day
A-2414,2,2022-12-19 17:47:51,Los Angeles,Los Angeles,CA,34.066628523761096,-118.17781441368956,Overcast,44.1,42.4,8.4,9.4,False,True,False,False,False,Day
A-2415,2,2022-09-19 12:33:32,Charlotte,Mecklenburg,NC,35.17398643653275,-80.91890492909002,Rain,86.7,59.6,9.2,7.8,False,False,False,False,False,Day
A-2416,2,2022-06-28 13:58:58,Chicago,Cook,IL,41.97897442592987,-87.64839694700338,Cloudy,52.4,54.3,7.6,7.8,False,False,True,True,True,Day
A-2417,2,2022-09-26 08:47:42,Houston,Harris,TX,29.689370527950512,-95.32829225203675,Clear,80.7,78.5,9.6,3.0,False,False,False,False,True,Day
A-2418,2,2022-03-05 07:49:20,Los Angeles,Los Angeles,CA,34.02727632215079,-118.19954531754009,Fair,51.1,51.8,8.4,6.0,False,True,False,False,False,Day
A-2419,2,2022-03-03 05:21:50,Los Angeles,Los Angeles,CA,34.11215418698526,-118.39145129743885,Fog,60.2,47.4,10.0,0.6,False,False,False,True,False,Night
A-2420,3,2022-02-20 16:04:16,Houston,Harris,TX,29.702929226315266,-95.23440279291083,Light Rain,76.4,81.8,9.5,11.9,False,False,False,False,True,Day
A-2421,1,2022-01-25 07:38:40,Los Angeles,Los Angeles,CA,34.05675092317358,-118.25981140863908,Fair,70.3,35.9,10.0,3.6,False,False,False,False,False,Day
A-2422,2,2022-09-25 15:44:47,Los Angeles,Los Angeles,CA,34.0835421530591,-118.22977773312905,Heavy Rain,51.0,63.7,6.1,11.5,False,False,False,False,True,Day
A-2423,2,2022-12-27 09:49:48,Austin,Travis,TX,30.191876492018388,-97.75978194399859,Overcast,73.0,45.4,9.6,9.5,False,False,False,False,False,Day
A-2424,4,2022-04-02 10:18:54,Houston,Harris,TX,29.726967231942833,-95.26304230560024,Rain,32.4,81.8,9.0,5.4,False,False,False,False,False,Day
A-2425,3,2022-06-17 12:22:07,Miami,Miami-Dade,FL,25.771208159723777,-80.1273328129536,Cloudy,47.0,47.8,9.8,4.0,False,False,False,False,False,Day
A-2426,3,2022-07-20 09:20:25,Atlanta,Fulton,GA,33.77166602498758,-84.28262465308809,Light Rain,91.2,60.7,10.0,7.8,False,False,False,False,False,Day
A-2427,3,2022-04-28 06:27:58,Los Angeles,Los Angeles,CA,34.01108509438803,-118.22003834625538,Light Rain,62.5,12.2,6.1,11.3,False,False,False,False,False,Day
A-2428,2,2022-05-31 08:19:09,Chicago,Cook,IL,41.97012836875691,-87.58419264864918,Clear,75.8,60.0,10.0,10.3,False,False,False,False,False,Day
A-2429,2,2022-03-01 15:55:32,Miami,Miami-Dade,FL,25.785747181913777,-80.24403093965451,Fog,75.3,56.5,9.7,9.3,False,False,False,False,False,Day
A-2430,3,2022-04-01 15:24:24,Seattle,King,WA,47.645032612159625,-122.34532981828586,Clear,59.8,61.4,7.2,6.3,False,True,False,False,True,Day
A-2431,3,2022-09-03 08:03:08,Dallas,Dallas,TX,32.81259945706541,-96.75135226898465,Fair,66.8,86.0,10.0,10.3,False,False,False,False,False,Day
A-2432,2,2022-02-18 11:55:25,Austin,Travis,TX,30.189034629791127,-97.72718771810062,Overcast,47.4,72.0,9.1,0.8,False,False,False,False,False,Day
A-2433,3,2022-03-19 07:25:27,Chicago,Cook,IL,41.872361496642775,-87.62451478306419,Cloudy,66.9,67.9,7.5,8.0,False,False,False,False,False,Day
A-2434,3,2022-05-01 07:31:11,Miami,Miami-Dade,FL,25.760888134901865,-80.23058343995673,Light Rain,57.6,45.2,9.9,7.0,False,False,False,False,False,Day
A-2435,4,2022-06-06 02:31:08,Chicago,Cook,IL,41.86538203729139,-87.57152642896153,Fair,96.4,100.0,10.0,2.1,False,False,False,False,True,Night
A-2436,4,2022-01-14 18:12:55,Houston,Harris,TX,29.770772900679923,-95.31223598624642,Fair,54.5,23.2,9.6,5.6,False,False,False,False,False,Day
A-2437,2,2022-02-26 07:29:15,Houston,Harris,TX,29.655035085263147,-95.31768955967325,Clear,72.7,36.1,8.1,13.8,False,False,False,False,False,Day
A-2438,2,2022-04-12 07:09:01,Miami,Miami-Dade,FL,25.7681042944105,-80.17719810115,Fair,60.9,44.7,7.4,9.3,False,False,False,False,False,Day
A-2439,2,2022-06-15 08:28:23,Charlotte,Mecklenburg,NC,35.211934226283745,-80.84259477244721,Cloudy,77.2,63.8,7.4,10.8,False,False,False,False,False,Day
A-2440,2,2022-03-01 06:59:59,Los Angeles,Los Angeles,CA,33.946397944183396,-118.1874933806884,Clear,44.7,60.9,10.0,5.2,False,False,False,False,False,Day
A-2441,3,2022-04-16 15:21:35,Charlotte,Mecklenburg,NC,35.24822114110888,-80.79625997584897,Fair,63.0,44.9,10.0,0.3,False,False,False,False,False,Day
A-2442,2,2022-03-07 05:54:39,Charlotte,Mecklenburg,NC,35.16804018627468,-80.88773531576928,Clear,73.9,63.5,8.5,13.0,False,False,False,False,True,Night
A-2443,2,2022-10-28 06:33:47,Austin,Travis,TX,30.248173937720626,-97.72728261470768,Overcast,68.5,83.2,10.0,4.1,False,True,False,False,True,Day
A-2444,2,2022-01-30 15:37:29,Seattle,King,WA,47.59348002152444,-122.29919742870973,Clear,72.4,61.1,8.5,5.7,True,False,False,True,True,Day
A-2445,3,2022-03-16 08:51:45,Houston,Harris,TX,29.668090531277148,-95.40345515809246,Cloudy,52.6,34.8,8.9,1.6,False,False,False,False,False,Day
A-2446,2,2022-11-19 16:06:49,Miami,Miami-Dade,FL,25.67498253330056,-80.14662798607993,Fair,59.8,57.9,8.2,12.6,False,False,False,False,True,Day
A-2447,2,2022-01-13 13:16:19,Miami,Miami-Dade,FL,25.788968779338934,-80.15591718548352,Clear,64.7,43.6,8.8,8.3,False,False,False,False,False,Day
A-2448,2,2022-04-09 07:56:12,Los Angeles,Los Angeles,CA,34.02200909208896,-118.26451526372894,Light Rain,76.7,32.0,8.9,6.5,False,False,False,False,False,Day
A-2449,2,2022-08-17 15:23:53,Los Angeles,Los Angeles,CA,34.03255466911469,-118.31153945141882,Fair,86.0,60.8,10.0,9.5,False,False,False,False,False,Day
A-2450,4,2022-12-18 06:55:36,Miami,Miami-Dade,FL,25.765342080231786,-80.16248795780038,Fair,37.1,41.9,8.6,5.5,False,False,False,False,True,Day
A-2451,3,2022-01-22 13:22:13,Miami,Miami-Dade,FL,25.673789199839774,-80.09356938750543,Cloudy,60.2,53.4,10.0,4.6,False,False,False,False,False,Day
A-2452,2,2022-06-12 11:20:45,Chicago,Cook,IL,41.85771472818849,-87.61703004459726,Cloudy,55.1,68.4,5.8,2.3,False,False,False,False,False,Day
A-2453,3,2022-07-10 08:59:15,Charlotte,Mecklenburg,NC,35.22156904607256,-80.81103084112985,Cloudy,53.4,66.4,7.8,1.8,False,True,False,False,False,Day
A-2454,2,2022-06-18 14:28:24,Miami,Miami-Dade,FL,25.84992675620391,-80.25006675817967,Overcast,69.0,84.1,8.4,11.3,False,False,False,False,False,Day
A-2455,3,2022-09-11 17:13:13,Dallas,Dallas,TX,32.730685417466795,-96.79938948163934,Fair,65.5,25.6,8.5,12.1,False,False,False,True,True,Day
A-2456,2,2022-03-13 23:12:02,Los Angeles,Los Angeles,CA,34.09164397905621,-118.24927305037909,Fair,48.2,55.9,5.3,0.2,False,False,False,False,True,Night
A-2457,3,2022-11-01 14:53:35,Houston,Harris,TX,29.76031027011582,-95.41412074358367,Clear,47.4,80.2,10.0,6.8,False,False,False,False,False,Day
A-2458,2,2022-08-27 10:15:27,Dallas,Dallas,TX,32.71992049601392,-96.77501072434308,Rain,71.9,26.4,6.1,7.4,False,False,False,False,False,Day
A-2459,2,2022-09-18 07:46:15,Charlotte,Mecklenburg,NC,35.19545294016255,-80.8230303301942,Fog,48.6,56.6,7.7,4.4,False,False,True,False,False,Day
A-2460,2,2022-11-11 07:19:32,Houston,Harris,TX,29.803713218081388,-95.38450712847876,Fair,54.6,64.0,8.9,3.7,True,False,False,False,False,Day
A-2461,2,2022-09-22 12:04:57,Chicago,Cook,IL,41.91694977432989,-87.63043670780485,Clear,78.9,38.1,10.0,7.4,False,False,False,False,False,Day
A-2462,3,2022-09-20 09:29:56,Seattle,King,WA,47.580186016987156,-122.229452578027,Clear,67.6,46.5,8.9,4.2,False,False,False,False,False,Day
A-2463,2,2022-08-03 18:20:05,Dallas,Dallas,TX,32.79388623569439,-96.8280304421066,Cloudy,88.2,36.2,9.9,7.1,False,False,False,False,False,Day
A-2464,2,2022-12-30 09:46:52,Charlotte,Mecklenburg,NC,35.17524926516083,-80.8996677938826,Clear,63.4,65.6,6.0,2.7,False,False,False,False,False,Day
A-2465,3,2022-06-14 09:11:13,Dallas,Dallas,TX,32.767872097339186,-96.85476882747464,Overcast,98.5,10.0,7.3,4.7,False,True,False,False,False,Day
A-2466,2,2022-12-26 09:59:11,Miami,Miami-Dade,FL,25.740220343762086,-80.17934237707635,Rain,62.2,44.7,7.6,5.9,False,False,False,False,False,Day
A-2467,3,2022-05-27 17:55:14,Houston,Harris,TX,29.806988863276256,-95.49702585911508,Fog,83.0,45.6,7.9,5.7,False,True,True,False,False,Day
A-2468,2,2022-11-09 15:27:39,Los Angeles,Los Angeles,CA,34.07534212895349,-118.26921617313496,Clear,52.4,78.2,10.0,11.6,False,True,False,False,False,Day
A-2469,2,2022-07-30 14:05:22,Charlotte,Mecklenburg,NC,35.19329663833152,-80.89153347508417,Heavy Rain,55.2,28.8,7.9,4.8,False,False,False,False,True,Day
A-2470,4,2022-03-08 08:36:32,Charlotte,Mecklenburg,NC,35.198275333153575,-80.84596257838732,Cloudy,90.4,85.9,10.0,10.8,True,False,False,False,True,Day
A-2471,2,2022-04-02 17:19:00,Miami,Miami-Dade,FL,25.760247502374266,-80.19445496498027,Clear,54.6,74.9,7.5,0.0,False,False,False,False,False,Day
A-2472,2,2022-01-05 04:16:28,Chicago,Cook,IL,41.87003565831629,-87.61256293561165,Fair,61.7,80.9,8.4,7.0,False,False,False,False,True,Night
A-2473,3,2022-09-08 17:25:27,Atlanta,Fulton,GA,33.7350238251648,-84.35722404882873,Cloudy,55.1,51.5,4.2,0.0,True,False,False,False,False,Day
A-2474,2,2022-11-15 12:12:43,Orlando,Orange,FL,28.520702263537213,-81.32211014501928,Heavy Rain,81.9,51.6,8.9,11.9,False,False,False,False,False,Day
A-2475,3,2022-12-08 10:37:24,Charlotte,Mecklenburg,NC,35.29605934896924,-80.860782564157,Clear,46.9,44.3,9.0,15.1,False,False,False,False,True,Day
A-2476,3,2022-05-16 12:22:21,Seattle,King,WA,47.58360398584507,-122.36541618907722,Clear,84.6,71.6,8.6,6.9,False,False,False,False,False,Day
A-2477,1,2022-05-22 15:29:10,Los Angeles,Los Angeles,CA,34.06719906013813,-118.20106838866465,Fair,68.7,53.0,10.0,13.9,False,False,False,False,False,Day
A-2478,3,2022-03-21 01:11:08,Austin,Travis,TX,30.38833344377695,-97.82604844789464,Fog,67.8,43.8,8.9,3.8,False,False,False,False,True,Night
A-2479,2,2022-09-20 17:06:07,Los Angeles,Los Angeles,CA,34.00987555349875,-118.20583182343955,Fog,64.1,52.9,3.6,10.9,False,False,False,False,False,Day
A-2480,2,2022-01-10 11:24:00,Austin,Travis,TX,30.276835867174487,-97.73594885456265,Clear,83.8,67.4,6.6,10.4,False,False,False,False,True,Day
A-2481,3,2022-06-04 09:39:27,Miami,Miami-Dade,FL,25.773923237167562,-80.16934802570823,Clear,61.7,34.7,8.9,6.4,False,False,False,False,True,Day
A-2482,3,2022-02-03 06:32:45,Seattle,King,WA,47.60564514739469,-122.31385163098707,Rain,54.3,41.0,8.8,7.0,False,False,False,False,True,Day
A-2483,3,2022-07-18 11:52:26,Atlanta,Fulton,GA,33.75105532420401,-84.38117850145504,Cloudy,72.8,87.0,7.4,8.3,False,False,False,False,False,Day
A-2484,4,2022-04-04 12:09:53,Los Angeles,Los Angeles,CA,34.00825077346364,-118.23484181195688,Fog,63.7,41.9,7.0,7.8,False,False,False,True,False,Day
A-2485,2,2022-07-11 10:27:21,Houston,Harris,TX,29.77834221912969,-95.42532942061605,Light Rain,94.4,88.9,10.0,8.4,False,False,False,False,True,Day
A-2486,2,2022-05-08 15:15:12,Chicago,Cook,IL,41.78623823926052,-87.662362909235,Clear,78.7,49.5,10.0,15.6,False,False,False,False,False,Day
A-2487,2,2022-07-05 10:42:22,Charlotte,Mecklenburg,NC,35.31699186339105,-80.75423471491038,Overcast,70.2,32.9,10.0,15.0,False,False,False,False,True,Day
A-2488,2,2022-05-02 20:18:21,Seattle,King,WA,47.69185196415419,-122.2984571156157,Clear,86.5,87.4,7.7,10.4,False,True,False,False,False,Night
A-2489,2,2022-01-19 14:04:48,Dallas,Dallas,TX,32.76023840834215,-96.74396984987112,Overcast,43.2,94.9,10.0,15.3,False,False,False,False,True,Day
A-2490,3,2022-03-07 17:50:18,Houston,Harris,TX,29.81298758499797,-95.38706859088396,Cloudy,73.4,48.4,3.9,2.6,False,False,True,False,False,Day
A-2491,2,2022-05-26 06:50:05,Miami,Miami-Dade,FL,25.747031544235153,-80.18783202661749,Heavy Rain,66.5,81.9,8.2,10.3,False,False,False,False,False,Day
A-2492,3,2022-11-01 10:35:55,Miami,Miami-Dade,FL,25.762190501413574,-80.16546529492666,Fog,61.9,62.1,7.9,10.4,False,False,False,False,False,Day
A-2493,3,2022-09-07 08:23:26,Austin,Travis,TX,30.233153230552528,-97.68281462635584,Clear,60.8,63.2,8.5,5.4,False,False,False,False,False,Day
A-2494,1,2022-10-23 14:10:48,Houston,Harris,TX,29.801388601737578,-95.377431852056,Clear,81.7,66.3,9.2,15.6,False,False,False,False,False,Day
A-2495,2,2022-07-18 17:40:45,Charlotte,Mecklenburg,NC,35.19803555217378,-80.81924663281454,Fair,37.1,60.4,8.7,13.5,False,False,False,False,False,Day
A-2496,2,2022-12-31 05:28:30,Charlotte,Mecklenburg,NC,35.26635774289748,-80.80756515830056,Light Rain,72.1,62.0,6.7,9.1,False,False,False,False,False,Night
A-2497,2,2022-09-12 05:05:51,Dallas,Dallas,TX,32.77459781160178,-96.75025452081833,Overcast,43.5,60.1,7.5,4.2,False,False,False,False,False,Night
A-2498,3,2022-11-18 17:00:46,Seattle,King,WA,47.60533768558445,-122.34218155201093,Fog,61.3,48.5,10.0,0.9,False,False,False,False,False,Day
A-2499,2,2022-07-21 07:03:31,Chicago,Cook,IL,41.80353388577358,-87.56571382302026,Cloudy,64.2,45.8,9.7,2.9,False,False,False,False,False,Day
A-2500,3,2022-09-14 15:42:04,Houston,Harris,TX,29.763392601529716,-95.44092290346518,Clear,89.2,37.0,10.0,13.6,False,False,False,False,True,Day
A-2501,3,2022-11-14 13:10:34,Austin,Travis,TX,30.20990794301611,-97.79957440714212,Clear,57.0,22.3,9.6,5.9,False,False,False,False,False,Day
A-2502,2,2022-02-15 17:38:32,Austin,Travis,TX,30.270279722079184,-97.71906697482925,Clear,65.8,58.2,10.0,11.6,False,True,False,False,False,Day
A-2503,3,2022-12-19 06:48:23,Dallas,Dallas,TX,32.87368841316183,-96.77428549733449,Cloudy,46.6,43.1,6.1,8.5,False,True,False,False,False,Day
A-2504,1,2022-01-07 06:40:42,Chicago,Cook,IL,41.80862232104415,-87.64154736655993,Rain,72.6,27.2,10.0,0.0,False,False,False,False,False,Day
A-2505,1,2022-09-04 13:01:54,Miami,Miami-Dade,FL,25.754354728748066,-80.21391419479808,Clear,45.0,43.6,10.0,6.0,False,False,False,False,False,Day
A-2506,2,2022-12-17 19:16:41,Los Angeles,Los Angeles,CA,34.02042511295999,-118.26514755298446,Light Rain,38.3,49.4,10.0,3.2,False,False,False,False,True,Night
A-2507,2,2022-07-03 10:02:21,Seattle,King,WA,47.55418408511274,-122.37705243369206,Fair,42.4,49.0,6.6,10.3,False,False,False,False,False,Day
A-2508,2,2022-04-08 08:20:24,Houston,Harris,TX,29.72083792613013,-95.37204700380515,Clear,60.7,87.9,9.6,10.6,False,False,True,False,False,Day
A-2509,4,2022-03-08 14:00:06,Seattle,King,WA,47.6797411436349,-122.40990239844248,Fair,61.5,48.1,8.3,6.3,False,False,False,False,False,Day
A-2510,2,2022-08-20 19:54:05,Atlanta,Fulton,GA,33.8358243001921,-84.33139934882892,Fair,82.0,88.9,10.0,13.2,False,True,False,False,False,Night
A-2511,2,2022-12-31 17:35:50,Los Angeles,Los Angeles,CA,33.99988275326219,-118.22460624114093,Rain,87.8,45.0,8.8,11.3,True,False,False,False,True,Day
A-2512,2,2022-12-18 23:20:50,Seattle,King,WA,47.6262454607311,-122.26741160382993,Fair,87.5,69.6,7.9,5.3,False,False,False,False,False,Night
A-2513,2,2022-05-26 02:34:35,Houston,Harris,TX,29.714450334322187,-95.36174780796182,Clear,82.3,40.0,10.0,9.2,True,True,False,False,True,Night
A-2514,2,2022-10-31 06:15:02,Charlotte,Mecklenburg,NC,35.19318381403046,-80.84495871174924,Light Rain,96.1,94.3,7.5,3.8,False,False,False,False,False,Day
A-2515,2,2022-11-03 14:01:00,Dallas,Dallas,TX,32.67423841402327,-96.79072777403618,Thunderstorm,71.8,84.5,9.6,5.7,False,False,False,False,False,Day
A-2516,2,2022-12-26 17:00:37,Atlanta,Fulton,GA,33.85559142338995,-84.42297655941273,Cloudy,72.0,75.0,10.0,9.4,False,True,False,False,False,Day
A-2517,2,2022-02-07 08:23:04,Los Angeles,Los Angeles,CA,34.10711592834768,-118.30587254009623,Clear,92.4,99.6,8.4,7.2,False,False,False,True,False,Day
A-2518,2,2022-12-06 07:27:17,Charlotte,Mecklenburg,NC,35.19451575380876,-80.89232538443629,Clear,48.3,77.4,10.0,1.3,False,False,False,False,False,Day
A-2519,3,2022-02-05 16:57:31,Orlando,Orange,FL,28.552541965059323,-81.40051512590895,Clear,79.1,68.8,10.0,8.7,False,False,False,False,True,Day
A-2520,2,2022-11-18 04:09:08,Orlando,Orange,FL,28.518300916999586,-81.4233674302329,Clear,64.3,32.9,5.6,5.7,False,True,False,False,True,Night
A-2521,3,2022-10-22 09:32:06,Orlando,Orange,FL,28.585597607051792,-81.3117640898345,Rain,85.0,12.9,10.0,3.8,False,False,False,False,False,Day
A-2522,2,2022-01-09 12:27:22,Los Angeles,Los Angeles,CA,34.03513719898393,-118.27896848024726,Clear,82.7,34.1,10.0,2.6,False,False,False,False,False,Day
A-2523,2,2022-07-13 13:15:45,Miami,Miami-Dade,FL,25.751961267940004,-80.17211874454071,Fair,62.5,26.3,7.5,6.2,False,False,False,False,False,Day
A-2524,2,2022-04-23 16:13:38,Houston,Harris,TX,29.727297338890466,-95.34058195841897,Cloudy,46.9,44.0,6.2,8.0,False,False,False,False,True,Day
A-2525,2,2022-02-14 09:23:17,Austin,Travis,TX,30.29739465061808,-97.68122807237177,Light Rain,85.2,81.9,8.4,6.1,False,False,False,False,True,Day
A-2526,2,2022-04-27 14:36:40,Miami,Miami-Dade,FL,25.872166417723204,-80.15771690788712,Clear,57.9,38.7,8.9,8.2,False,False,False,False,True,Day
A-2527,4,2022-04-28 14:24:07,Miami,Miami-Dade,FL,25.747487047271477,-80.20047311446172,Fair,66.8,50.8,9.1,6.0,False,True,False,False,True,Day
A-2528,2,2022-11-15 13:19:47,Chicago,Cook,IL,41.863313506456464,-87.54450145108612,Clear,48.2,61.1,10.0,9.4,False,False,False,False,False,Day
A-2529,4,2022-07-26 15:17:03,Los Angeles,Los Angeles,CA,34.050942970122705,-118.30590057920868,Clear,59.6,61.8,7.6,6.4,False,False,False,False,True,Day
A-2530,2,2022-07-30 08:02:17,Chicago,Cook,IL,41.89111044969794,-87.67680382809681,Clear,80.2,48.1,10.0,0.5,False,False,False,False,False,Day
A-2531,2,2022-08-22 05:17:55,Orlando,Orange,FL,28.5233511447462,-81.3682039442552,Fair,70.8,83.8,10.0,2.2,False,False,False,False,True,Night
A-2532,2,2022-05-04 06:34:05,Austin,Travis,TX,30.247586932148785,-97.73880610729151,Clear,53.7,60.5,9.2,4.9,False,False,False,False,False,Day
A-2533,1,2022-10-10 07:25:20,Miami,Miami-Dade,FL,25.765826207066457,-80.15094369302193,Fair,36.8,63.4,7.8,12.0,False,False,False,False,True,Day
A-2534,3,2022-07-05 12:31:11,Los Angeles,Los Angeles,CA,33.96464657072188,-118.2356724030844,Clear,75.3,100.0,6.7,3.2,False,True,False,False,False,Day
A-2535,3,2022-05-14 17:06:21,Orlando,Orange,FL,28.510929952861886,-81.36074826454842,Fog,58.8,94.7,5.9,8.6,False,False,False,False,True,Day
A-2536,3,2022-11-23 16:14:38,Seattle,King,WA,47.50615034174173,-122.28229168228006,Fair,67.6,60.4,6.1,8.6,False,False,False,False,False,Day
A-2537,2,2022-09-26 16:56:34,Orlando,Orange,FL,28.513666408068065,-81.37216132002091,Light Rain,62.9,70.9,5.8,2.1,False,False,True,False,False,Day
A-2538,2,2022-01-02 09:22:12,Los Angeles,Los Angeles,CA,34.0047869920696,-118.20972030064841,Clear,58.6,41.6,10.0,5.9,False,False,False,False,True,Day
A-2539,4,2022-05-25 10:28:01,Austin,Travis,TX,30.29854908323984,-97.78088204515385,Overcast,74.3,18.2,8.6,7.6,False,False,False,False,False,Day
A-2540,2,2022-12-27 10:35:48,Austin,Travis,TX,30.23043928107987,-97.77758343508634,Fair,52.0,73.6,10.0,5.9,False,False,False,False,False,Day
A-2541,3,2022-12-03 07:10:37,Dallas,Dallas,TX,32.758424368185956,-96.75294826231806,Clear,67.2,38.9,9.7,9.3,False,False,False,False,False,Day
A-2542,2,2022-10-18 05:43:45,Austin,Travis,TX,30.159807492183713,-97.73704887623114,Overcast,71.2,71.3,5.9,9.1,False,False,False,False,False,Night
A-2543,4,2022-05-07 14:21:28,Seattle,King,WA,47.65731977517376,-122.32363528876155,Overcast,85.2,100.0,8.6,7.8,False,False,False,False,False,Day
A-2544,3,2022-01-24 22:53:28,Dallas,Dallas,TX,32.72238000566992,-96.8316753912671,Thunderstorm,65.8,22.5,10.0,10.7,False,True,False,False,True,Night
A-2545,4,2022-07-27 07:08:20,Los Angeles,Los Angeles,CA,34.0280664564029,-118.26413451071745,Overcast,47.1,14.4,9.6,7.0,False,False,False,False,False,Day
A-2546,2,2022-04-10 04:09:37,Charlotte,Mecklenburg,NC,35.26600484825741,-80.82876476435571,Clear,75.1,41.6,8.1,7.5,False,False,False,False,True,Night
A-2547,2,2022-03-05 16:30:48,Los Angeles,Los Angeles,CA,34.091292165662175,-118.25875497607348,Clear,51.7,76.2,10.0,8.1,False,False,False,False,False,Day
A-2548,2,2022-11-24 07:33:41,Houston,Harris,TX,29.704859568812225,-95.41289730932107,Fair,54.9,85.0,6.9,2.6,False,False,False,False,False,Day
A-2549,3,2022-07-13 17:38:38,Houston,Harris,TX,29.786747310951718,-95.41231611824091,Clear,57.5,76.2,9.3,9.3,False,False,False,False,False,Day
A-2550,3,2022-08-10 16:31:54,Los Angeles,Los Angeles,CA,33.99476356858953,-118.27556657592747,Overcast,62.2,65.8,10.0,4.5,False,False,True,False,True,Day
A-2551,1,2022-07-26 19:07:45,Miami,Miami-Dade,FL,25.77331550224312,-80.20874718085298,Fair,84.4,60.3,8.2,6.1,False,True,False,False,False,Night
A-2552,2,2022-09-02 10:07:50,Los Angeles,Los Angeles,CA,34.01298714070147,-118.25752576815964,Heavy Rain,74.8,62.5,10.0,9.2,False,False,False,False,False,Day
A-2553,2,2022-11-19 15:12:53,Austin,Travis,TX,30.216444373185933,-97.66468116223761,Fair,48.5,83.7,8.7,8.8,False,True,False,False,False,Day
A-2554,3,2022-02-24 11:46:31,Atlanta,Fulton,GA,33.75076243786992,-84.34179128251782,Fair,87.7,47.1,9.4,1.3,False,True,False,False,True,Day
A-2555,2,2022-10-05 15:13:10,Los Angeles,Los Angeles,CA,34.01602426511591,-118.2288540096545,Clear,80.9,60.8,9.8,1.4,False,False,True,False,True,Day
A-2556,2,2022-04-16 11:43:46,Chicago,Cook,IL,41.97902901623058,-87.53668040158982,Clear,71.2,36.9,8.4,3.0,False,False,False,False,True,Day
A-2557,2,2022-02-05 07:24:47,Charlotte,Mecklenburg,NC,35.196211169194314,-80.84887714186377,Light Rain,30.2,67.2,10.0,7.8,False,False,False,False,True,Day
A-2558,2,2022-12-24 12:55:16,Miami,Miami-Dade,FL,25.702102175667747,-80.16802578661431,Thunderstorm,52.3,60.4,9.5,12.2,False,False,False,False,False,Day
A-2559,4,2022-10-24 13:11:37,Los Angeles,Los Angeles,CA,34.00725709139462,-118.22725931734789,Fair,65.1,100.0,10.0,5.1,True,False,False,False,False,Day
A-2560,2,2022-08-25 17:05:40,Charlotte,Mecklenburg,NC,35.22623096335392,-80.81947272412239,Overcast,89.8,30.4,10.0,3.2,False,False,False,False,False,Day
A-2561,2,2022-08-16 16:50:11,Austin,Travis,TX,30.272799216159406,-97.78052109846735,Cloudy,84.9,78.7,10.0,3.3,False,False,False,False,True,Day
A-2562,2,2022-09-10 15:13:00,Orlando,Orange,FL,28.55377608747827,-81.39442187883776,Heavy Rain,50.5,49.8,7.1,8.7,False,True,False,False,False,Day
A-2563,2,2022-11-28 06:32:54,Los Angeles,Los Angeles,CA,34.09777544934426,-118.28427659606498,Clear,39.8,76.5,10.0,11.3,False,False,False,False,False,Day
A-2564,2,2022-11-23 16:07:29,Los Angeles,Los Angeles,CA,33.96865477829078,-118.22331711989482,Fair,62.3,75.0,9.5,11.1,False,False,False,False,False,Day
A-2565,2,2022-06-18 12:44:17,Houston,Harris,TX,29.80825812201112,-95.36963362902084,Fair,67.1,54.2,7.6,4.3,True,False,False,False,True,Day
A-2566,2,2022-09-30 18:12:50,Miami,Miami-Dade,FL,25.716004826800198,-80.28590844145398,Fair,46.4,39.4,10.0,0.9,True,False,False,False,False,Day
A-2567,2,2022-01-24 18:24:37,Miami,Miami-Dade,FL,25.781782646185984,-80.16612239015686,Clear,51.9,38.9,6.9,7.3,False,True,False,False,False,Day
A-2568,3,2022-05-19 04:56:30,Miami,Miami-Dade,FL,25.84775520483016,-80.18096317729002,Fair,96.7,62.1,7.9,12.9,False,False,False,False,False,Night
A-2569,3,2022-04-03 17:03:55,Austin,Travis,TX,30.227286889588044,-97.65788862527535,Cloudy,59.4,45.5,8.2,8.7,False,False,False,False,False,Day
A-2570,4,2022-10-18 03:06:57,Atlanta,Fulton,GA,33.70701613769119,-84.34164932775751,Clear,60.5,55.4,6.4,1.6,False,False,False,False,True,Night
A-2571,4,2022-04-27 09:57:15,Houston,Harris,TX,29.709185869195206,-95.31415816282252,Cloudy,107.4,35.2,9.0,6.7,False,True,False,False,True,Day
A-2572,2,2022-09-23 13:22:35,Atlanta,Fulton,GA,33.73210060373571,-84.44444204570077,Cloudy,59.9,70.2,7.7,3.0,False,False,False,False,False,Day
A-2573,2,2022-05-12 06:24:44,Miami,Miami-Dade,FL,25.824968932049302,-80.13588878402095,Light Rain,49.8,42.1,9.5,8.3,False,False,False,False,True,Day
A-2574,3,2022-04-07 16:06:43,Charlotte,Mecklenburg,NC,35.171384820768424,-80.85284481962543,Fair,54.4,51.7,10.0,6.8,False,False,False,False,False,Day
A-2575,2,2022-10-23 00:40:16,Miami,Miami-Dade,FL,25.737012330406923,-80.22639585926713,Clear,69.4,86.3,8.9,5.9,False,False,False,False,False,Night
A-2576,2,2022-08-05 07:15:38,Dallas,Dallas,TX,32.82548694723877,-96.9142708467284,Fair,57.9,63.0,10.0,4.5,False,False,False,False,False,Day
A-2577,2,2022-02-18 14:38:00,Chicago,Cook,IL,41.90929756589383,-87.5641314874411,Clear,63.0,75.1,9.0,8.7,False,False,False,False,False,Day
A-2578,2,2022-10-02 16:02:20,Dallas,Dallas,TX,32.751714216416715,-96.81122866226394,Cloudy,64.4,40.9,8.4,11.8,False,False,False,False,True,Day
A-2579,2,2022-02-28 18:59:29,Houston,Harris,TX,29.749854029485128,-95.37591095145237,Clear,112.2,65.5,10.0,13.5,True,False,False,False,False,Day
A-2580,2,2022-09-04 16:46:56,Dallas,Dallas,TX,32.8224926529157,-96.78094815660677,Fair,75.7,68.6,7.1,8.7,False,True,False,False,False,Day
A-2581,1,2022-12-03 15:29:23,Los Angeles,Los Angeles,CA,34.13128818514807,-118.15058500988265,Clear,50.7,40.7,10.0,12.1,False,True,False,False,False,Day
A-2582,3,2022-10-21 10:44:35,Seattle,King,WA,47.69125062052684,-122.34339179298536,Clear,62.4,61.2,7.5,3.0,False,False,False,False,False,Day
A-2583,1,2022-06-02 00:53:07,Charlotte,Mecklenburg,NC,35.29609007765939,-80.84387163598426,Fog,77.0,51.6,10.0,5.7,False,False,True,False,False,Night
A-2584,4,2022-06-17 06:53:03,Houston,Harris,TX,29.726897015706733,-95.3213675496773,Thunderstorm,81.2,65.4,8.3,3.2,False,False,False,True,False,Day
A-2585,2,2022-12-23 13:42:30,Dallas,Dallas,TX,32.86763138860178,-96.8109557265565,Fair,40.9,33.5,7.4,5.0,False,False,False,False,False,Day
A-2586,2,2022-04-29 15:58:35,Dallas,Dallas,TX,32.739756175182215,-96.8385612027232,Clear,43.7,39.0,9.2,2.9,False,False,False,False,False,Day
A-2587,2,2022-02-10 10:40:08,Los Angeles,Los Angeles,CA,33.969643476318446,-118.35311861460843,Rain,72.0,32.1,5.9,13.5,False,False,False,False,False,Day
A-2588,2,2022-05-13 16:20:50,Orlando,Orange,FL,28.543918076787193,-81.31238579682498,Rain,55.4,37.0,6.9,5.5,False,False,False,False,False,Day
A-2589,2,2022-03-09 13:24:11,Miami,Miami-Dade,FL,25.835510825901487,-80.17986358358219,Light Rain,53.3,47.5,9.9,6.4,False,False,False,False,False,Day
A-2590,2,2022-03-15 05:10:51,Orlando,Orange,FL,28.57148123591606,-81.35189711312181,Fair,67.8,70.3,10.0,0.8,False,False,False,False,False,Night
A-2591,3,2022-09-09 07:48:25,Austin,Travis,TX,30.263514474293494,-97.7674086593532,Clear,76.9,61.8,7.8,0.0,True,False,False,False,False,Day
A-2592,3,2022-10-18 17:15:55,Austin,Travis,TX,30.28176815579919,-97.70911281028133,Clear,61.4,61.8,10.0,13.8,False,False,False,False,True,Day
A-2593,2,2022-06-29 16:35:09,Charlotte,Mecklenburg,NC,35.2537066003918,-80.87228981829271,Light Rain,35.9,40.5,8.2,6.0,False,False,False,False,True,Day
A-2594,2,2022-02-02 18:43:08,Charlotte,Mecklenburg,NC,35.23447836472774,-80.83496646966779,Light Rain,57.1,59.6,9.4,16.2,False,False,False,False,False,Day
A-2595,2,2022-10-05 06:06:25,Los Angeles,Los Angeles,CA,34.03743213236559,-118.23830980212357,Fair,47.6,85.1,9.4,6.4,False,False,False,False,False,Day
A-2596,2,2022-11-08 22:19:55,Austin,Travis,TX,30.230162769055546,-97.68663311604067,Clear,73.4,65.9,10.0,2.0,False,False,False,False,True,Night
A-2597,2,2022-03-14 07:15:28,Miami,Miami-Dade,FL,25.767316093431806,-80.15944966750443,Cloudy,95.8,76.2,10.0,7.1,False,False,False,False,False,Day
A-2598,4,2022-11-15 01:54:34,Charlotte,Mecklenburg,NC,35.22097247845405,-80.87442705572053,Overcast,69.3,49.9,8.6,7.3,False,False,False,False,True,Night
A-2599,2,2022-06-13 23:54:52,Miami,Miami-Dade,FL,25.761880367685382,-80.16173624094351,Cloudy,71.6,50.4,10.0,7.6,False,False,False,False,False,Night
A-2600,3,2022-06-10 08:50:39,Los Angeles,Los Angeles,CA,34.10449972284795,-118.26205604967436,Cloudy,77.2,70.4,8.9,6.7,False,True,False,False,False,Day
A-2601,2,2022-08-11 15:07:57,Dallas,Dallas,TX,32.764318112258785,-96.83761142483957,Clear,85.2,41.2,9.0,0.9,False,False,False,False,False,Day
A-2602,3,2022-09-15 07:12:40,Los Angeles,Los Angeles,CA,34.04179344587278,-118.21615101728483,Clear,56.3,57.6,9.7,0.9,False,True,False,False,False,Day
A-2603,2,2022-10-29 14:46:15,Orlando,Orange,FL,28.547795544971958,-81.36950043355255,Cloudy,64.2,63.7,8.2,11.7,False,True,False,False,False,Day
A-2604,3,2022-03-30 18:52:44,Miami,Miami-Dade,FL,25.892992919765902,-80.25159649793987,Overcast,79.2,52.2,10.0,14.9,False,True,False,False,True,Day
A-2605,3,2022-06-17 08:33:05,Los Angeles,Los Angeles,CA,33.99760518089789,-118.26946018146789,Clear,50.9,43.1,8.8,5.9,True,True,False,False,False,Day
A-2606,2,2022-11-11 15:32:14,Charlotte,Mecklenburg,NC,35.281693800312375,-80.80582951206523,Clear,42.4,47.0,10.0,0.0,False,False,False,False,False,Day
A-2607,2,2022-10-05 07:13:38,Los Angeles,Los Angeles,CA,34.03725033259136,-118.22424425228277,Cloudy,58.0,32.4,3.5,11.8,False,True,False,False,False,Day
A-2608,4,2022-12-10 15:04:51,Miami,Miami-Dade,FL,25.758650590678933,-80.17024771808373,Fair,83.8,65.5,9.3,3.6,True,False,False,False,False,Day
A-2609,3,2022-05-14 08:25:47,Orlando,Orange,FL,28.47269179350723,-81.28693300614127,Fair,67.1,76.7,8.3,8.4,False,False,False,False,False,Day
A-2610,2,2022-06-28 07:15:34,Los Angeles,Los Angeles,CA,34.14622314250741,-118.19390005178067,Cloudy,58.0,49.9,9.1,4.9,False,True,False,False,False,Day
A-2611,2,2022-07-29 08:52:22,Seattle,King,WA,47.61732679205698,-122.3379393169933,Overcast,80.2,100.0,6.7,5.0,True,False,False,False,False,Day
A-2612,2,2022-01-25 07:32:28,Los Angeles,Los Angeles,CA,34.08514136223966,-118.26389734967596,Overcast,73.3,44.8,8.6,3.5,False,True,False,False,True,Day
A-2613,2,2022-12-15 18:33:33,Miami,Miami-Dade,FL,25.686758754305234,-80.2258065007445,Clear,53.3,45.2,9.4,12.6,False,False,False,False,True,Day
A-2614,2,2022-08-15 10:49:08,Orlando,Orange,FL,28.506186575434455,-81.40218914058822,Fair,62.2,75.4,8.3,8.8,True,False,False,False,False,Day
A-2615,2,2022-12-19 07:35:46,Miami,Miami-Dade,FL,25.78232381695741,-80.27175710525535,Clear,49.6,72.4,10.0,8.3,False,False,False,False,False,Day
A-2616,2,2022-08-29 11:09:15,Los Angeles,Los Angeles,CA,34.04415111465676,-118.30450479524872,Light Rain,67.2,73.4,9.1,7.2,False,False,False,False,True,Day
A-2617,3,2022-06-06 08:27:29,Houston,Harris,TX,29.782733946823495,-95.33691193980276,Light Rain,74.5,81.4,10.0,8.5,False,False,False,False,False,Day
A-2618,3,2022-07-02 16:37:41,Miami,Miami-Dade,FL,25.866842501057036,-80.11506112011529,Clear,28.1,41.4,10.0,2.3,False,False,False,False,False,Day
A-2619,2,2022-11-17 20:34:21,Seattle,King,WA,47.63143066011598,-122.32933837507434,Clear,49.7,67.5,10.0,9.1,False,True,False,False,False,Night
A-2620,3,2022-03-30 11:10:53,Miami,Miami-Dade,FL,25.739262745156505,-80.2269310879207,Clear,90.2,32.0,8.2,11.8,False,False,False,False,False,Day
A-2621,2,2022-06-24 17:56:23,Austin,Travis,TX,30.234631958415353,-97.9133243242966,Fair,60.0,81.3,8.2,7.9,True,False,False,False,False,Day
A-2622,2,2022-04-29 14:27:49,Atlanta,Fulton,GA,33.71073270160066,-84.30280686915124,Clear,89.9,79.9,10.0,10.5,False,False,False,False,True,Day
A-2623,3,2022-07-10 06:35:54,Houston,Harris,TX,29.73901798984082,-95.43672612610254,Cloudy,45.9,80.9,7.2,5.4,False,False,False,False,False,Day
A-2624,2,2022-11-14 15:09:20,Atlanta,Fulton,GA,33.72972595700849,-84.46160548531637,Cloudy,57.0,58.9,8.2,8.6,False,True,False,False,False,Day
A-2625,2,2022-08-04 12:33:30,Houston,Harris,TX,29.766345753318728,-95.38467256088289,Cloudy,68.3,80.5,8.7,5.5,False,False,False,False,True,Day
A-2626,2,2022-05-13 15:42:10,Chicago,Cook,IL,41.90451617282606,-87.63191629548216,Light Rain,60.2,63.4,7.3,0.4,False,False,False,False,True,Day
A-2627,2,2022-07-24 18:57:45,Los Angeles,Los Angeles,CA,34.07397269789014,-118.2431818443445,Fair,84.0,87.7,9.2,6.1,False,True,False,False,False,Day
A-2628,3,2022-03-24 11:00:20,Orlando,Orange,FL,28.544905586655407,-81.42194707808763,Rain,63.2,53.8,10.0,11.5,False,True,False,False,False,Day
A-2629,4,2022-02-04 18:22:56,Charlotte,Mecklenburg,NC,35.237158279415574,-80.82231433381511,Clear,75.7,53.5,5.2,1.7,False,False,False,False,False,Day
A-2630,3,2022-11-30 16:55:00,Houston,Harris,TX,29.887183682063924,-95.39588829729279,Clear,48.6,68.6,8.0,13.5,False,False,False,False,False,Day
A-2631,3,2022-09-04 12:53:03,Dallas,Dallas,TX,32.74057843500287,-96.82184777407848,Fair,69.0,34.8,9.2,4.8,False,False,False,False,True,Day
A-2632,3,2022-02-21 14:14:51,Orlando,Orange,FL,28.53645734562512,-81.39313567867171,Fair,60.3,55.3,10.0,9.3,False,False,False,False,False,Day
A-2633,3,2022-04-29 08:51:45,Los Angeles,Los Angeles,CA,33.962936211510865,-118.27754571800757,Clear,50.0,59.0,6.0,13.1,False,True,False,True,False,Day
A-2634,2,2022-07-04 22:28:46,Los Angeles,Los Angeles,CA,34.033054320721554,-118.30641447994554,Fair,72.0,33.3,10.0,14.3,False,False,False,False,False,Night
A-2635,4,2022-03-12 15:15:15,Orlando,Orange,FL,28.493359956463838,-81.43865043401173,Clear,85.4,62.0,8.7,13.4,True,False,False,False,False,Day
A-2636,2,2022-02-06 04:24:40,Dallas,Dallas,TX,32.74020720090308,-96.8522575616318,Light Rain,56.1,69.9,9.3,4.0,False,False,False,False,False,Night
A-2637,4,2022-09-11 08:35:28,Chicago,Cook,IL,41.81881178257553,-87.60699611512639,Fair,71.3,76.7,10.0,11.6,False,False,False,False,False,Day
A-2638,2,2022-12-18 15:33:57,Austin,Travis,TX,30.19959393397118,-97.72314406589676,Fair,61.8,30.0,8.7,4.6,False,True,False,False,True,Day
A-2639,3,2022-12-10 04:17:01,Chicago,Cook,IL,41.8842154595494,-87.64323781870192,Heavy Rain,66.6,80.3,8.9,3.2,False,False,False,False,False,Night
A-2640,3,2022-05-15 02:32:15,Orlando,Orange,FL,28.573816654333772,-81.3901551242098,Overcast,77.6,18.5,9.3,4.7,True,False,True,False,True,Night
A-2641,4,2022-05-26 11:46:42,Miami,Miami-Dade,FL,25.72312346494227,-80.13342305631872,Fair,86.6,41.9,9.4,12.1,False,False,False,False,False,Day
A-2642,3,2022-03-21 08:16:03,Los Angeles,Los Angeles,CA,33.95081160384175,-118.21798959236757,Fair,83.6,100.0,6.8,5.1,False,True,False,False,True,Day
A-2643,2,2022-09-06 11:50:24,Austin,Travis,TX,30.272754320884847,-97.66485573099087,Cloudy,53.8,63.1,9.3,3.9,False,False,False,False,False,Day
A-2644,2,2022-04-24 08:13:23,Dallas,Dallas,TX,32.80017294144325,-96.82586557303523,Clear,44.8,39.1,9.9,13.4,False,False,False,False,False,Day
A-2645,2,2022-09-04 07:27:06,Los Angeles,Los Angeles,CA,34.08588652441377,-118.30194778302415,Clear,34.8,32.8,5.8,6.5,True,False,False,False,False,Day
A-2646,2,2022-06-04 15:35:09,Houston,Harris,TX,29.709336596620812,-95.31995478343015,Clear,74.5,34.7,10.0,9.6,False,False,False,False,False,Day
A-2647,2,2022-12-17 13:18:17,Chicago,Cook,IL,41.84780430141878,-87.63082830294802,Overcast,57.1,41.1,10.0,3.2,False,False,False,False,False,Day
A-2648,2,2022-09-24 07:05:27,Charlotte,Mecklenburg,NC,35.17160635107556,-80.88324191168614,Clear,80.9,79.5,9.5,5.4,False,False,False,False,True,Day
A-2649,2,2022-07-06 08:37:56,Houston,Harris,TX,29.72343645646883,-95.34536006792985,Clear,49.5,71.0,6.3,6.2,False,False,True,False,False,Day
A-2650,3,2022-06-05 14:40:49,Houston,Harris,TX,29.720911527339236,-95.40505081878763,Clear,71.7,81.3,7.7,4.7,True,False,False,False,False,Day
A-2651,3,2022-04-17 05:33:24,Miami,Miami-Dade,FL,25.73621082416645,-80.15735020268778,Cloudy,38.4,38.8,4.3,6.7,False,False,False,False,True,Night
A-2652,2,2022-02-09 06:32:22,Houston,Harris,TX,29.747828162376326,-95.3455024164521,Cloudy,72.6,20.1,8.3,3.4,False,False,False,False,False,Day
A-2653,2,2022-07-25 05:05:01,Houston,Harris,TX,29.766134057962827,-95.38109817288496,Cloudy,70.9,72.8,7.2,6.7,False,False,False,False,False,Night
A-2654,2,2022-11-01 17:02:15,Los Angeles,Los Angeles,CA,34.00992383042073,-118.32803327843514,Clear,48.5,58.7,8.9,11.6,False,False,True,False,False,Day
A-2655,2,2022-12-07 16:28:43,Austin,Travis,TX,30.26021315589131,-97.78925818898695,Rain,67.9,44.1,10.0,0.3,False,True,False,False,False,Day
A-2656,2,2022-05-15 16:25:37,Houston,Harris,TX,29.715058733494903,-95.29388228412272,Fair,96.0,79.9,8.0,6.5,False,False,False,False,False,Day
A-2657,2,2022-07-10 16:03:58,Austin,Travis,TX,30.179439001279952,-97.65582611281401,Fair,75.3,86.0,9.8,5.1,False,False,False,False,False,Day
A-2658,2,2022-08-22 15:13:52,Seattle,King,WA,47.6332305601981,-122.20243724269584,Heavy Rain,109.3,94.5,8.8,4.7,False,False,False,False,False,Day
A-2659,2,2022-03-16 12:46:38,Miami,Miami-Dade,FL,25.728559801418037,-80.17178088832965,Fog,67.3,39.4,7.2,14.8,False,False,True,False,False,Day
A-2660,2,2022-08-31 15:07:41,Dallas,Dallas,TX,32.6900454192422,-96.85150453480408,Cloudy,73.7,84.6,10.0,12.8,False,False,False,False,False,Day
A-2661,2,2022-09-16 04:46:00,Charlotte,Mecklenburg,NC,35.25512531150708,-80.77614970010394,Heavy Rain,57.9,67.8,10.0,5.0,True,False,False,False,True,Night
A-2662,3,2022-02-14 15:53:12,Seattle,King,WA,47.593659111619665,-122.34530840531279,Fair,68.7,47.5,6.8,1.6,False,False,False,False,False,Day
A-2663,3,2022-06-03 16:43:23,Miami,Miami-Dade,FL,25.784340569665254,-80.22591613892841,Clear,50.4,84.2,9.9,13.1,False,False,False,False,False,Day
A-2664,2,2022-06-16 12:05:37,Orlando,Orange,FL,28.559218224658867,-81.36246279865888,Clear,78.6,42.3,8.6,8.6,False,False,False,False,False,Day
A-2665,2,2022-02-16 09:43:54,Dallas,Dallas,TX,32.721982424843276,-96.70215354775154,Fair,52.9,47.4,10.0,2.4,True,False,False,False,False,Day
A-2666,2,2022-09-20 08:09:56,Miami,Miami-Dade,FL,25.80822412254618,-80.1970654549667,Cloudy,90.0,78.1,6.3,3.4,False,True,True,False,False,Day
A-2667,2,2022-12-22 15:59:22,Los Angeles,Los Angeles,CA,33.96056468935217,-118.24284992085066,Fair,44.8,47.7,8.3,7.4,False,False,False,False,False,Day
A-2668,2,2022-03-26 15:35:56,Dallas,Dallas,TX,32.75684169130719,-96.87360740160247,Light Rain,60.4,68.1,9.7,14.0,False,True,False,False,False,Day
A-2669,2,2022-02-01 17:00:07,Orlando,Orange,FL,28.515130864597612,-81.37381237483253,Fair,61.3,50.0,6.8,5.5,False,False,False,False,False,Day
A-2670,2,2022-04-07 08:13:16,Miami,Miami-Dade,FL,25.72286939596793,-80.15852594742042,Clear,48.2,63.5,9.5,8.8,True,False,False,False,False,Day
A-2671,2,2022-06-22 16:46:05,Dallas,Dallas,TX,32.83800310168225,-96.80138222050677,Clear,68.5,64.9,8.3,4.6,False,False,False,False,False,Day
A-2672,3,2022-05-18 13:50:40,Houston,Harris,TX,29.77546239465093,-95.37047479058434,Fog,57.0,40.8,9.1,8.9,False,False,False,False,False,Day
A-2673,1,2022-08-27 18:28:34,Orlando,Orange,FL,28.467893584107472,-81.36794312287122,Overcast,86.1,64.1,10.0,0.5,False,False,False,False,False,Day
A-2674,2,2022-10-19 13:52:14,Los Angeles,Los Angeles,CA,33.989027573762606,-118.29615886089117,Cloudy,52.8,49.5,10.0,9.6,False,False,False,False,False,Day
A-2675,2,2022-06-15 13:56:32,Atlanta,Fulton,GA,33.85671137040527,-84.50188607029678,Light Rain,71.3,40.9,9.2,8.0,False,True,False,False,True,Day
A-2676,1,2022-10-11 14:18:36,Miami,Miami-Dade,FL,25.737856659863827,-80.19696440917156,Overcast,63.7,37.7,8.6,3.7,False,False,False,False,False,Day
A-2677,3,2022-03-26 16:02:35,Houston,Harris,TX,29.720597557498287,-95.38108091857643,Rain,61.8,37.9,10.0,0.0,False,False,False,False,False,Day
A-2678,2,2022-09-08 20:10:40,Los Angeles,Los Angeles,CA,34.11002282438836,-118.21519990293535,Fair,66.4,47.9,10.0,13.5,False,True,False,False,True,Night
A-2679,2,2022-02-24 05:31:56,Los Angeles,Los Angeles,CA,33.96334459893062,-118.12384482005663,Fair,75.6,71.5,10.0,0.0,False,False,False,False,False,Night
A-2680,2,2022-02-10 04:08:10,Charlotte,Mecklenburg,NC,35.29645051975054,-80.77829881156418,Clear,36.7,32.7,9.5,12.0,False,False,False,False,False,Night
A-2681,2,2022-07-25 19:21:39,Miami,Miami-Dade,FL,25.721806971556916,-80.29464980696751,Fog,65.7,61.7,10.0,3.7,False,False,False,False,True,Night
A-2682,2,2022-04-03 13:36:20,Seattle,King,WA,47.6319447054033,-122.20606083135527,Snow,52.6,67.5,9.1,8.5,False,True,False,False,True,Day
A-2683,2,2022-03-28 14:16:55,Los Angeles,Los Angeles,CA,34.028255188516084,-118.21049957003531,Overcast,53.8,80.0,9.1,9.5,False,False,False,False,True,Day
A-2684,3,2022-09-20 12:52:39,Houston,Harris,TX,29.681681832133822,-95.38303394153492,Fair,68.7,49.1,9.2,13.6,False,True,False,False,True,Day
A-2685,2,2022-01-09 05:17:46,Miami,Miami-Dade,FL,25.770623378372854,-80.11798056452047,Fair,81.5,63.3,9.8,2.7,True,False,False,False,False,Night
A-2686,2,2022-12-11 16:31:40,Los Angeles,Los Angeles,CA,34.09958981394164,-118.37135624023605,Fair,88.3,36.9,9.1,6.8,True,True,False,False,False,Day
A-2687,2,2022-05-25 16:26:54,Los Angeles,Los Angeles,CA,33.9347797185597,-118.27092652866696,Clear,56.3,34.0,10.0,3.1,False,False,False,False,False,Day
A-2688,3,2022-11-09 08:32:01,Houston,Harris,TX,29.70261293631995,-95.35994591915089,Fair,22.3,67.2,10.0,2.8,False,True,False,False,False,Day
A-2689,3,2022-09-21 08:09:38,Charlotte,Mecklenburg,NC,35.28899471006212,-80.8397338715214,Clear,66.1,100.0,9.4,7.4,False,False,False,True,False,Day
A-2690,3,2022-04-27 17:59:32,Houston,Harris,TX,29.78028120466862,-95.29409611026192,Thunderstorm,37.7,73.2,9.3,10.4,False,False,False,False,False,Day
A-2691,3,2022-01-08 05:06:14,Charlotte,Mecklenburg,NC,35.250299956452494,-80.78407548157097,Fair,71.6,35.7,8.1,16.9,False,False,False,False,False,Night
A-2692,4,2022-10-21 18:37:26,Dallas,Dallas,TX,32.823244243584256,-96.76289381823085,Rain,51.5,37.4,6.8,6.1,False,False,False,False,False,Day
A-2693,2,2022-11-15 07:06:00,Los Angeles,Los Angeles,CA,34.075592558466,-118.25754819270601,Cloudy,70.1,72.3,10.0,6.7,False,False,False,False,False,Day
A-2694,3,2022-01-09 14:20:14,Houston,Harris,TX,29.767773451779146,-95.32173337821466,Clear,52.2,74.4,10.0,7.0,True,False,False,False,False,Day
A-2695,4,2022-05-12 19:07:23,Chicago,Cook,IL,41.93390705064655,-87.65970322786328,Clear,47.5,61.1,6.8,7.7,False,False,False,False,True,Night
A-2696,1,2022-03-29 15:14:35,Charlotte,Mecklenburg,NC,35.20759462580951,-80.80448398091133,Thunderstorm,47.9,55.8,6.8,8.0,False,False,False,False,True,Day
A-2697,2,2022-08-02 10:56:41,Orlando,Orange,FL,28.537471138725202,-81.4156488799473,Overcast,71.0,70.4,10.0,2.4,False,False,False,False,False,Day
A-2698,3,2022-08-04 15:47:17,Miami,Miami-Dade,FL,25.802992778981007,-80.17709030384144,Clear,45.2,39.4,8.4,0.0,False,False,False,False,False,Day
A-2699,3,2022-02-25 09:29:12,Austin,Travis,TX,30.228956513250512,-97.81589091425752,Clear,73.2,80.5,7.0,5.9,False,False,False,False,False,Day
A-2700,3,2022-06-04 08:11:33,Austin,Travis,TX,30.33844468383194,-97.69132405982695,Cloudy,91.7,67.1,5.8,14.8,False,False,False,False,False,Day
A-2701,3,2022-12-10 23:11:43,Charlotte,Mecklenburg,NC,35.24166722305571,-80.86532869930186,Clear,90.1,43.9,8.1,7.3,False,False,False,False,False,Night
A-2702,4,2022-07-20 16:03:35,Chicago,Cook,IL,41.82065534659699,-87.69825206696522,Clear,41.1,58.3,9.3,6.5,False,False,False,False,False,Day
A-2703,2,2022-01-21 15:47:13,Los Angeles,Los Angeles,CA,34.042520746164826,-118.29188280137812,Cloudy,44.8,100.0,8.4,6.9,False,False,True,False,False,Day
A-2704,1,2022-09-16 09:37:22,Los Angeles,Los Angeles,CA,33.98291066717974,-118.25902291634146,Cloudy,72.2,54.1,6.3,4.2,True,False,False,False,False,Day
A-2705,1,2022-06-15 04:20:40,Austin,Travis,TX,30.27149479728247,-97.78871049509021,Fair,49.0,71.3,7.8,6.6,False,False,False,False,False,Night
A-2706,2,2022-03-08 03:16:15,Austin,Travis,TX,30.248259776295797,-97.70709162808963,Heavy Rain,74.3,76.7,10.0,7.2,False,False,False,False,False,Night
A-2707,2,2022-02-23 13:27:50,Los Angeles,Los Angeles,CA,34.008964753572,-118.25758676944334,Cloudy,39.3,63.8,10.0,7.2,True,False,False,False,False,Day
A-2708,2,2022-06-17 16:15:56,Miami,Miami-Dade,FL,25.67269316260521,-80.14505148209875,Light Rain,63.9,52.0,9.1,7.4,True,False,True,False,False,Day
A-2709,2,2022-05-24 13:51:45,Los Angeles,Los Angeles,CA,34.012611111174095,-118.25784519308012,Clear,79.2,45.4,10.0,7.4,False,False,False,False,False,Day
A-2710,3,2022-08-21 17:45:43,Miami,Miami-Dade,FL,25.752670015261945,-80.15594604854671,Clear,41.7,56.5,10.0,6.8,False,False,False,False,True,Day
A-2711,2,2022-11-20 03:44:47,Austin,Travis,TX,30.248599952974246,-97.742650763769,Clear,63.2,57.1,7.8,11.5,False,False,False,False,True,Night
A-2712,3,2022-08-28 09:40:33,Charlotte,Mecklenburg,NC,35.15609230989532,-80.85606882533035,Clear,63.0,85.5,10.0,14.6,True,False,False,False,False,Day
A-2713,3,2022-09-11 07:28:02,Miami,Miami-Dade,FL,25.762770703224746,-80.24383156648443,Fog,74.1,92.0,10.0,0.2,False,False,False,False,True,Day
A-2714,2,2022-04-10 11:19:01,Houston,Harris,TX,29.71112330792004,-95.36640738790952,Fog,55.0,96.2,8.0,4.8,False,False,False,False,False,Day
A-2715,2,2022-08-08 05:31:55,Los Angeles,Los Angeles,CA,34.09829450274078,-118.20693020036524,Overcast,43.6,53.0,9.0,0.0,False,False,False,False,False,Night
A-2716,3,2022-09-25 20:39:16,Miami,Miami-Dade,FL,25.815156471803718,-80.226175618568,Fair,27.1,81.0,7.9,9.0,False,False,False,False,True,Night
A-2717,3,2022-09-21 07:53:32,Dallas,Dallas,TX,32.76384607679331,-96.7976235203485,Overcast,84.9,65.6,6.5,12.0,False,False,False,False,False,Day
A-2718,2,2022-10-16 18:38:46,Chicago,Cook,IL,41.95690629787054,-87.6573788722278,Fair,77.5,38.4,10.0,7.4,False,False,False,False,False,Day
A-2719,2,2022-12-27 10:07:24,Seattle,King,WA,47.59915182323438,-122.2352891357897,Clear,64.6,30.3,10.0,7.5,False,False,False,False,False,Day
A-2720,2,2022-01-24 22:03:19,Los Angeles,Los Angeles,CA,33.98717547980499,-118.22810037856546,Fair,64.2,53.5,8.9,4.7,False,False,False,False,True,Night
A-2721,2,2022-07-24 13:22:56,Atlanta,Fulton,GA,33.808261384704295,-84.38350280633756,Fair,71.4,57.2,7.9,7.8,False,False,False,False,True,Day
A-2722,2,2022-02-03 19:12:15,Austin,Travis,TX,30.34790572580471,-97.7673876584848,Clear,79.5,42.1,10.0,6.7,True,False,False,False,False,Night
A-2723,2,2022-04-26 00:54:30,Austin,Travis,TX,30.316931120963748,-97.69890382493854,Clear,34.7,84.7,10.0,11.3,True,False,False,False,False,Night
A-2724,2,2022-06-09 16:00:16,Houston,Harris,TX,29.722207566863304,-95.36983392983352,Clear,38.3,89.8,7.3,15.2,True,True,False,True,False,Day
A-2725,4,2022-07-06 18:36:51,Houston,Harris,TX,29.698631836231336,-95.37304538426051,Cloudy,36.1,56.3,9.3,13.2,True,False,False,False,True,Day
A-2726,2,2022-10-10 06:09:57,Miami,Miami-Dade,FL,25.7441851943978,-80.1954644079168,Clear,59.8,90.6,10.0,16.1,False,False,False,False,True,Day
A-2727,4,2022-11-18 06:43:30,Los Angeles,Los Angeles,CA,34.17602031156926,-118.29899885893576,Cloudy,67.7,68.5,10.0,9.6,True,False,False,False,True,Day
A-2728,3,2022-09-17 10:53:48,Miami,Miami-Dade,FL,25.702855933978423,-80.1170080700058,Fair,80.2,20.8,7.2,8.3,False,False,False,False,True,Day
A-2729,3,2022-09-05 19:51:05,Miami,Miami-Dade,FL,25.802737755543184,-80.14581963091854,Fair,21.3,19.4,6.2,6.9,False,True,False,False,False,Night
A-2730,2,2022-04-10 13:27:58,Charlotte,Mecklenburg,NC,35.22247326530691,-80.84265400640764,Overcast,44.9,66.8,9.7,8.5,False,False,False,False,False,Day
A-2731,2,2022-01-22 13:40:11,Orlando,Orange,FL,28.585507609571152,-81.38435513318136,Fair,67.0,56.9,10.0,8.4,False,False,False,False,True,Day
A-2732,3,2022-01-24 06:39:56,Charlotte,Mecklenburg,NC,35.16410058578985,-80.8871797085103,Fair,68.8,41.4,10.0,12.3,False,True,False,False,False,Day
A-2733,3,2022-12-05 00:56:54,Los Angeles,Los Angeles,CA,34.03972493000602,-118.31750089446788,Light Rain,62.0,68.7,10.0,6.3,False,False,False,False,False,Night
A-2734,2,2022-07-14 17:53:01,Chicago,Cook,IL,41.83319751624474,-87.67384750061507,Fair,48.1,100.0,9.6,2.8,False,False,False,False,False,Day
A-2735,1,2022-04-04 05:08:59,Atlanta,Fulton,GA,33.70694245604429,-84.33081856317823,Light Rain,54.5,61.4,8.2,6.9,False,False,False,False,False,Night
A-2736,3,2022-08-07 15:49:07,Austin,Travis,TX,30.304032151998296,-97.76243490441476,Fair,62.9,51.5,7.7,3.3,False,False,False,False,False,Day
A-2737,2,2022-02-01 18:02:08,Chicago,Cook,IL,41.822147681087564,-87.57568054708385,Clear,39.2,46.0,10.0,6.1,False,True,False,False,True,Day
A-2738,1,2022-12-06 07:51:43,Charlotte,Mecklenburg,NC,35.24159346467713,-80.84460007606101,Cloudy,52.2,36.3,7.6,0.1,False,False,False,True,False,Day
A-2739,3,2022-04-20 15:54:44,Chicago,Cook,IL,41.88088877575551,-87.67322067347976,Clear,44.3,76.3,5.7,7.1,False,False,False,False,False,Day
A-2740,2,2022-02-23 05:46:30,Los Angeles,Los Angeles,CA,34.004509737672066,-118.28040026333694,Clear,72.5,51.5,9.3,3.5,False,False,False,False,False,Night
A-2741,2,2022-10-21 14:44:52,Houston,Harris,TX,29.72351394711543,-95.35747002090453,Clear,51.3,57.3,9.6,10.0,False,False,True,False,True,Day
A-2742,3,2022-03-15 07:30:16,Miami,Miami-Dade,FL,25.778396624351526,-80.27277461761587,Clear,45.4,51.8,10.0,5.5,True,False,False,False,False,Day
A-2743,2,2022-09-16 16:53:18,Los Angeles,Los Angeles,CA,34.050943177654226,-118.28205178178303,Cloudy,57.2,92.1,9.1,0.0,False,False,False,False,True,Day
A-2744,2,2022-05-11 08:45:29,Los Angeles,Los Angeles,CA,34.0541147243626,-118.26638050362655,Light Rain,76.3,31.6,6.3,5.4,False,False,False,False,False,Day
A-2745,2,2022-04-11 11:28:39,Dallas,Dallas,TX,32.76506989841379,-96.75597256832998,Light Rain,64.7,73.7,10.0,6.7,False,True,False,False,False,Day
A-2746,2,2022-10-21 14:48:22,Austin,Travis,TX,30.25233383941227,-97.72895285565707,Clear,81.5,77.4,8.9,8.3,False,False,False,False,False,Day
A-2747,3,2022-10-19 07:53:55,Dallas,Dallas,TX,32.77562189410556,-96.78763006925031,Cloudy,79.2,45.2,8.7,9.1,False,False,False,False,False,Day
A-2748,2,2022-08-27 16:24:54,Los Angeles,Los Angeles,CA,34.12416011321597,-118.22053098478051,Clear,53.8,72.1,6.7,3.8,False,False,False,False,False,Day
A-2749,2,2022-02-19 08:46:08,Austin,Travis,TX,30.293654149086485,-97.6913941634547,Cloudy,67.0,56.6,10.0,4.0,False,False,False,False,False,Day
A-2750,2,2022-09-25 15:10:48,Dallas,Dallas,TX,32.770155524684846,-96.79447159933959,Light Rain,81.5,76.3,9.3,6.9,False,False,False,False,False,Day
A-2751,2,2022-05-18 06:46:35,Houston,Harris,TX,29.706307918581327,-95.4215140906911,Clear,57.8,40.6,9.2,8.2,False,False,False,False,False,Day
A-2752,2,2022-02-07 15:49:42,Orlando,Orange,FL,28.517348488292264,-81.36980539885629,Snow,68.6,65.4,10.0,8.9,False,False,False,False,False,Day
A-2753,2,2022-05-09 06:40:59,Miami,Miami-Dade,FL,25.71568779845492,-80.23381966320694,Overcast,51.5,61.5,10.0,10.8,False,False,False,False,False,Day
A-2754,2,2022-09-27 10:52:17,Miami,Miami-Dade,FL,25.721870685620704,-80.29525348519125,Overcast,61.6,70.8,9.6,0.3,False,False,False,False,False,Day
A-2755,2,2022-08-01 07:16:35,Atlanta,Fulton,GA,33.65547762135119,-84.37855332948429,Cloudy,61.1,12.4,10.0,10.9,False,False,False,False,False,Day
A-2756,2,2022-01-18 16:49:14,Miami,Miami-Dade,FL,25.761135388861703,-80.16596354904371,Overcast,74.4,45.6,9.7,10.3,False,False,False,False,False,Day
A-2757,3,2022-05-20 08:59:21,Houston,Harris,TX,29.86378635696505,-95.35245675168167,Thunderstorm,59.2,71.7,10.0,10.4,False,False,True,False,False,Day
A-2758,2,2022-11-19 18:46:06,Atlanta,Fulton,GA,33.758808449923315,-84.36273314575492,Overcast,68.2,95.0,7.2,6.1,False,False,False,False,False,Day
A-2759,2,2022-10-23 18:08:19,Orlando,Orange,FL,28.57467035674971,-81.32346597593975,Fair,70.7,81.0,6.8,8.0,True,False,False,False,False,Day
A-2760,2,2022-09-01 07:01:21,Los Angeles,Los Angeles,CA,34.10018992310367,-118.29215350790962,Cloudy,53.2,68.1,6.6,9.0,False,False,False,False,False,Day
A-2761,3,2022-02-03 14:04:06,Los Angeles,Los Angeles,CA,34.0378650776737,-118.26310019113141,Clear,59.0,43.0,10.0,6.3,False,False,False,False,True,Day
A-2762,2,2022-09-11 05:55:21,Los Angeles,Los Angeles,CA,34.04121241570712,-118.30805464153997,Fog,71.9,66.0,8.8,10.8,False,True,False,False,False,Night
A-2763,4,2022-06-24 10:34:00,Dallas,Dallas,TX,32.70686666321565,-96.77453288450239,Rain,92.6,71.7,6.8,2.3,False,False,False,False,True,Day
A-2764,2,2022-01-12 16:08:21,Houston,Harris,TX,29.77024574012035,-95.30835934423233,Fair,46.1,95.6,8.6,9.9,False,False,False,False,True,Day
A-2765,3,2022-07-19 15:01:15,Los Angeles,Los Angeles,CA,34.054994463976996,-118.27092377274067,Overcast,72.9,42.3,10.0,9.0,False,True,False,False,True,Day
A-2766,2,2022-01-14 15:54:12,Chicago,Cook,IL,41.83529077729776,-87.59368469022948,Rain,83.2,52.4,9.9,13.1,False,True,False,False,False,Day
A-2767,3,2022-03-02 08:09:00,Charlotte,Mecklenburg,NC,35.28452715075116,-80.88156770808322,Clear,66.4,100.0,10.0,14.8,False,False,False,False,True,Day
A-2768,3,2022-12-31 09:28:16,Miami,Miami-Dade,FL,25.722868242002903,-80.1595257258052,Fair,51.5,56.0,6.4,6.2,False,True,False,False,True,Day
A-2769,2,2022-12-06 06:04:59,Charlotte,Mecklenburg,NC,35.36946869264225,-80.95479266818388,Fair,64.2,69.8,9.6,13.2,False,False,False,False,False,Day
A-2770,2,2022-12-03 16:33:52,Orlando,Orange,FL,28.558472314500616,-81.30306800541634,Overcast,50.5,38.8,10.0,8.2,False,False,False,False,True,Day
A-2771,2,2022-08-20 12:53:27,Los Angeles,Los Angeles,CA,34.05110634312277,-118.29821368321387,Fair,57.5,53.2,10.0,8.3,False,False,True,False,True,Day
A-2772,2,2022-06-01 16:09:03,Miami,Miami-Dade,FL,25.858647106531787,-80.18335284126798,Cloudy,70.8,66.5,8.5,8.6,False,False,False,False,False,Day
A-2773,3,2022-08-10 07:24:22,Austin,Travis,TX,30.15304821888524,-97.67285977240323,Fair,64.1,52.4,10.0,1.6,False,False,False,False,False,Day
A-2774,1,2022-02-27 08:13:37,Houston,Harris,TX,29.746088907607014,-95.42820120959159,Clear,67.9,63.6,10.0,11.5,True,False,False,False,False,Day
A-2775,2,2022-02-18 08:46:39,Charlotte,Mecklenburg,NC,35.20542264139623,-80.75512263640853,Clear,47.5,65.1,9.2,1.4,False,True,False,False,False,Day
A-2776,2,2022-10-06 02:02:34,Houston,Harris,TX,29.751343161850368,-95.26464561356659,Clear,55.8,61.4,8.1,9.0,False,False,False,False,False,Night
A-2777,2,2022-05-15 08:23:00,Los Angeles,Los Angeles,CA,34.06350615192741,-118.20925082266592,Clear,74.2,45.0,6.0,0.0,False,False,False,False,False,Day
A-2778,4,2022-07-23 17:27:13,Los Angeles,Los Angeles,CA,34.04167110192315,-118.24285949282141,Fair,39.9,76.6,5.2,6.1,False,False,False,False,False,Day
A-2779,3,2022-07-18 18:41:40,Houston,Harris,TX,29.830450102822457,-95.3790402232487,Cloudy,45.1,63.6,7.7,7.0,False,False,False,False,False,Day
A-2780,2,2022-12-27 13:32:36,Miami,Miami-Dade,FL,25.7834686733634,-80.16308797508088,Clear,60.4,46.7,8.7,9.6,False,False,False,False,False,Day
A-2781,3,2022-10-30 11:12:53,Los Angeles,Los Angeles,CA,34.076399473231994,-118.2063904679622,Cloudy,57.2,43.9,7.6,12.8,False,False,False,False,True,Day
A-2782,3,2022-06-03 03:20:33,Seattle,King,WA,47.62931729079364,-122.43275360950366,Fair,76.5,39.4,9.7,6.7,False,False,False,False,False,Night
A-2783,2,2022-10-27 18:22:43,Chicago,Cook,IL,41.81367999332288,-87.6440415947626,Clear,29.1,84.1,10.0,2.0,False,True,False,False,False,Day
A-2784,3,2022-02-28 01:34:13,Austin,Travis,TX,30.277298307130867,-97.77233557018573,Fair,63.8,45.7,6.5,5.2,False,True,False,False,False,Night
A-2785,2,2022-02-01 19:46:44,Seattle,King,WA,47.61802333379655,-122.36857155516999,Overcast,85.6,41.8,10.0,7.9,False,False,False,False,True,Night
A-2786,2,2022-05-16 12:01:18,Miami,Miami-Dade,FL,25.705484629683934,-80.22728558133343,Clear,69.9,40.2,8.9,7.6,True,False,False,False,False,Day
A-2787,2,2022-04-17 08:01:47,Chicago,Cook,IL,41.92239999873875,-87.69450577373607,Clear,42.0,20.2,5.6,0.0,False,True,False,False,True,Day
A-2788,3,2022-11-18 19:01:57,Los Angeles,Los Angeles,CA,33.95032931733232,-118.16620641479204,Thunderstorm,101.4,100.0,10.0,5.0,False,False,False,False,False,Night
A-2789,1,2022-04-26 02:50:09,Chicago,Cook,IL,42.00408540386882,-87.65916550989242,Cloudy,56.8,61.8,7.1,4.9,False,False,False,True,False,Night
A-2790,2,2022-08-01 14:15:12,Chicago,Cook,IL,41.87622355174372,-87.63704199414752,Fair,28.5,42.3,10.0,6.2,False,False,False,False,False,Day
A-2791,2,2022-09-10 13:49:55,Orlando,Orange,FL,28.495527414411555,-81.39482523742494,Cloudy,77.2,53.1,10.0,9.4,False,True,False,False,False,Day
A-2792,2,2022-10-02 07:55:49,Chicago,Cook,IL,41.90898641210505,-87.65723780599595,Light Rain,52.9,34.9,8.7,3.8,False,False,False,False,False,Day
A-2793,3,2022-08-27 11:44:24,Charlotte,Mecklenburg,NC,35.25840768569116,-80.822251371851,Light Rain,93.1,63.7,9.0,11.3,False,False,False,False,False,Day
A-2794,2,2022-10-26 15:20:54,Miami,Miami-Dade,FL,25.864005709883422,-80.2074108709543,Clear,75.8,57.0,6.2,10.0,True,False,False,True,False,Day
A-2795,2,2022-12-29 16:37:40,Houston,Harris,TX,29.849508810783412,-95.33953133028565,Fair,97.0,82.3,10.0,0.0,False,False,False,False,False,Day
A-2796,2,2022-08-26 00:17:48,Dallas,Dallas,TX,32.710208358477175,-96.7184974551265,Cloudy,49.2,46.0,7.3,5.3,False,False,False,False,False,Night
A-2797,2,2022-07-20 19:09:50,Los Angeles,Los Angeles,CA,34.0386977027722,-118.29870864554525,Clear,84.2,67.2,9.1,7.8,False,False,False,False,False,Night
A-2798,2,2022-11-20 07:35:09,Dallas,Dallas,TX,32.73121728259897,-96.78085915809366,Heavy Rain,52.8,60.4,7.7,13.0,False,False,False,False,False,Day
A-2799,2,2022-04-17 07:34:36,Chicago,Cook,IL,41.91520775871391,-87.61513779765106,Fair,70.2,42.9,9.9,2.2,False,False,False,False,True,Day
A-2800,2,2022-01-05 08:19:12,Los Angeles,Los Angeles,CA,34.1229502876412,-118.30246952816096,Fair,67.6,67.2,9.0,0.1,False,False,False,False,False,Day
A-2801,2,2022-01-30 03:57:44,Austin,Travis,TX,30.20137073070485,-97.71079175640558,Rain,85.8,58.4,7.7,7.9,False,False,False,False,False,Night
A-2802,2,2022-09-09 06:27:37,Atlanta,Fulton,GA,33.74583977327739,-84.40111486509707,Clear,77.1,79.9,9.9,3.0,False,False,False,False,False,Day
A-2803,2,2022-05-11 22:44:59,Atlanta,Fulton,GA,33.71740676975927,-84.3090351711718,Clear,58.0,68.0,10.0,6.7,False,False,False,False,False,Night
A-2804,3,2022-02-20 08:53:36,Chicago,Cook,IL,41.92032199741265,-87.57984993347686,Cloudy,81.3,50.4,9.1,4.1,False,False,False,False,False,Day
A-2805,2,2022-03-18 06:52:13,Charlotte,Mecklenburg,NC,35.24757427289418,-80.8431252104937,Fair,63.6,77.8,4.6,10.7,False,False,False,False,False,Day
A-2806,3,2022-10-19 06:27:59,Chicago,Cook,IL,41.93689071117078,-87.6406198586004,Overcast,75.4,65.8,9.8,10.0,True,True,True,False,False,Day
A-2807,2,2022-08-11 16:43:37,Austin,Travis,TX,30.24614686252095,-97.65647055282201,Clear,69.4,49.6,6.0,4.6,False,False,False,False,False,Day
A-2808,2,2022-11-25 17:41:00,Los Angeles,Los Angeles,CA,34.04636753765555,-118.27266540705492,Fair,61.8,78.9,6.3,13.0,False,False,False,False,False,Day
A-2809,2,2022-06-21 07:54:27,Charlotte,Mecklenburg,NC,35.24680574872073,-80.82987711112777,Clear,45.1,77.3,6.1,7.3,True,False,False,False,True,Day
A-2810,2,2022-01-21 02:03:40,Orlando,Orange,FL,28.524747491523204,-81.38245626784551,Cloudy,68.1,41.9,10.0,8.3,False,False,False,False,False,Night
A-2811,2,2022-04-25 07:17:48,Miami,Miami-Dade,FL,25.776650076810817,-80.13205681644418,Clear,54.9,45.4,6.1,4.4,False,False,False,False,True,Day
A-2812,3,2022-10-10 04:38:24,Dallas,Dallas,TX,32.84020742109832,-96.73341454536396,Fair,46.5,62.5,10.0,4.1,False,False,False,False,False,Night
A-2813,2,2022-02-21 06:05:18,Dallas,Dallas,TX,32.88337986397704,-96.769880180768,Overcast,77.5,52.9,10.0,13.1,False,False,False,False,True,Day
A-2814,2,2022-12-31 11:11:24,Los Angeles,Los Angeles,CA,34.0277834610328,-118.27009025322072,Rain,55.5,53.5,7.3,7.5,False,False,False,False,True,Day
A-2815,2,2022-12-01 07:00:04,Charlotte,Mecklenburg,NC,35.334476656639,-80.85092483482941,Cloudy,37.9,44.1,10.0,7.9,False,False,False,False,True,Day
A-2816,3,2022-01-19 13:07:38,Austin,Travis,TX,30.242085366496145,-97.80461086067393,Fair,65.0,63.4,10.0,5.0,False,False,False,False,True,Day
A-2817,4,2022-02-05 07:45:58,Charlotte,Mecklenburg,NC,35.27054632811423,-80.83065557384279,Fair,62.7,64.4,7.8,8.1,True,False,False,False,True,Day
A-2818,2,2022-07-22 19:03:43,Los Angeles,Los Angeles,CA,34.02748019659586,-118.2840292838736,Cloudy,64.1,31.4,10.0,7.1,False,False,False,False,False,Night
A-2819,2,2022-05-03 18:29:55,Los Angeles,Los Angeles,CA,34.00072035698717,-118.13175835525577,Light Rain,64.1,52.3,9.3,6.9,False,True,False,False,True,Day
A-2820,2,2022-05-16 14:00:02,Houston,Harris,TX,29.821536300504263,-95.39718273011437,Light Rain,49.9,48.7,7.6,13.6,False,False,False,False,False,Day
A-2821,3,2022-03-08 09:17:24,Atlanta,Fulton,GA,33.74654251062307,-84.33671052850829,Rain,59.0,65.5,10.0,7.5,False,False,False,False,True,Day
A-2822,4,2022-11-24 09:51:19,Miami,Miami-Dade,FL,25.825899916670757,-80.11537581017251,Overcast,80.6,71.4,7.5,2.5,False,False,False,False,True,Day
A-2823,3,2022-06-05 10:29:15,Dallas,Dallas,TX,32.814300702303086,-96.75555815573989,Clear,77.8,74.5,10.0,9.0,False,False,False,True,True,Day
A-2824,2,2022-03-08 16:16:09,Miami,Miami-Dade,FL,25.7822557070657,-80.21713189212855,Cloudy,59.7,52.6,6.7,5.5,False,False,False,False,True,Day
A-2825,2,2022-02-20 11:58:41,Miami,Miami-Dade,FL,25.78925779876291,-80.22070454682878,Overcast,73.8,70.7,10.0,2.9,False,False,False,False,False,Day
A-2826,3,2022-03-18 17:51:58,Seattle,King,WA,47.66063217716494,-122.18489419955087,Light Rain,66.4,30.0,9.4,4.1,False,False,False,False,True,Day
A-2827,3,2022-08-20 19:16:08,Orlando,Orange,FL,28.58462240734125,-81.28050270492888,Rain,60.1,86.6,10.0,11.4,False,False,False,False,False,Night
A-2828,3,2022-12-08 08:36:23,Los Angeles,Los Angeles,CA,34.031973511822606,-118.22852642716471,Fair,83.7,46.1,8.2,2.9,False,False,False,False,False,Day
A-2829,2,2022-10-17 13:10:07,Houston,Harris,TX,29.78154672159226,-95.38671860913921,Cloudy,51.6,33.1,9.8,3.1,False,False,False,False,False,Day
A-2830,2,2022-12-12 05:01:09,Los Angeles,Los Angeles,CA,34.12723076935675,-118.2872005759909,Clear,69.6,46.2,3.9,7.3,False,False,False,False,False,Night
A-2831,2,2022-08-17 07:23:47,Charlotte,Mecklenburg,NC,35.22936452236474,-80.87408936235231,Fair,40.0,88.9,9.4,5.7,False,False,False,False,True,Day
A-2832,3,2022-07-31 10:18:58,Dallas,Dallas,TX,32.751995366686195,-96.7614845835028,Fair,70.4,72.7,6.4,3.1,False,False,False,False,False,Day
A-2833,2,2022-10-21 07:05:05,Los Angeles,Los Angeles,CA,34.02113082766261,-118.12805446851196,Fog,55.1,95.8,10.0,10.7,False,False,False,False,False,Day
A-2834,2,2022-03-07 18:47:12,Miami,Miami-Dade,FL,25.80415771520401,-80.1977399503736,Rain,59.3,66.0,7.9,5.3,False,False,False,False,True,Day
A-2835,2,2022-10-23 06:55:40,Houston,Harris,TX,29.748378743267484,-95.30987617319502,Overcast,60.6,87.1,7.9,1.8,False,True,False,False,False,Day
A-2836,1,2022-05-16 11:34:37,Atlanta,Fulton,GA,33.76711175197775,-84.3430756280653,Clear,31.7,52.8,6.7,8.2,True,False,False,False,False,Day
A-2837,2,2022-10-05 14:16:02,Chicago,Cook,IL,41.86369680550649,-87.64442401675592,Fair,40.8,33.9,9.4,10.3,False,False,False,True,False,Day
A-2838,2,2022-04-15 15:05:41,Los Angeles,Los Angeles,CA,34.11089728288507,-118.1937463823573,Cloudy,77.5,67.3,7.3,8.9,False,True,False,False,False,Day
A-2839,2,2022-04-18 09:47:26,Austin,Travis,TX,30.274710820712674,-97.69159300719586,Clear,66.6,61.5,8.9,9.6,True,False,False,False,False,Day
A-2840,4,2022-06-11 17:23:17,Houston,Harris,TX,29.831808463311663,-95.3239595552058,Clear,86.9,70.0,8.3,9.6,False,False,False,False,False,Day
A-2841,4,2022-02-01 14:20:58,Houston,Harris,TX,29.829977204167406,-95.3904304287174,Light Rain,44.5,76.6,7.0,5.9,False,False,False,False,False,Day
A-2842,2,2022-05-03 11:33:55,Austin,Travis,TX,30.262792754051777,-97.70724449525665,Clear,77.8,68.0,8.2,5.1,False,True,False,False,False,Day
A-2843,3,2022-10-07 05:47:53,Atlanta,Fulton,GA,33.81566719637434,-84.32854779728856,Clear,71.9,58.1,7.8,4.3,False,False,False,False,False,Night
A-2844,2,2022-05-15 11:02:23,Chicago,Cook,IL,41.86121154424545,-87.58201217568693,Fair,82.5,59.0,10.0,7.0,False,False,False,False,False,Day
A-2845,3,2022-07-01 17:18:21,Dallas,Dallas,TX,32.790007348822606,-96.74310917798061,Heavy Rain,63.4,69.6,10.0,0.5,False,False,False,False,False,Day
A-2846,3,2022-08-30 14:58:07,Houston,Harris,TX,29.721414627871795,-95.37995112389868,Light Rain,66.7,30.7,6.4,2.4,True,False,False,False,False,Day
A-2847,2,2022-02-09 17:08:46,Austin,Travis,TX,30.296877756942006,-97.68947267440277,Fog,51.8,46.0,9.4,12.3,False,False,False,False,True,Day
A-2848,2,2022-05-20 12:45:03,Miami,Miami-Dade,FL,25.77676481746579,-80.12729674820616,Overcast,60.9,100.0,8.4,10.6,False,False,False,False,False,Day
A-2849,2,2022-05-13 06:23:07,Charlotte,Mecklenburg,NC,35.25280994491821,-80.86594577166846,Fair,57.6,50.5,7.2,7.6,True,False,False,False,True,Day
A-2850,3,2022-10-07 01:16:33,Houston,Harris,TX,29.692393619079585,-95.43900331018747,Heavy Rain,45.1,73.6,9.3,13.1,False,False,False,False,False,Night
A-2851,2,2022-01-23 08:15:09,Dallas,Dallas,TX,32.67723220664705,-96.71522070005118,Fair,67.0,52.1,9.9,8.5,False,False,False,False,False,Day
A-2852,2,2022-03-12 16:42:09,Miami,Miami-Dade,FL,25.705068454434507,-80.21492653950628,Fair,79.1,55.9,3.7,7.1,False,False,False,False,False,Day
A-2853,2,2022-03-01 16:50:24,Los Angeles,Los Angeles,CA,34.07715593240636,-118.28082932986116,Fair,82.7,16.6,10.0,1.6,False,False,False,True,False,Day
A-2854,4,2022-08-18 08:56:45,Atlanta,Fulton,GA,33.7826726554158,-84.37738543392604,Overcast,52.8,72.5,10.0,5.9,True,False,False,False,False,Day
A-2855,4,2022-08-20 12:42:40,Los Angeles,Los Angeles,CA,34.108666839608155,-118.25719875328795,Rain,64.5,49.3,8.9,10.9,False,False,False,False,False,Day
A-2856,2,2022-06-23 10:46:19,Charlotte,Mecklenburg,NC,35.20687444163404,-80.93941159758613,Fair,63.0,19.4,7.2,9.2,False,False,False,False,True,Day
A-2857,3,2022-04-05 10:02:46,Miami,Miami-Dade,FL,25.77213210088991,-80.14720909109647,Fair,87.1,31.9,10.0,14.8,False,False,False,False,False,Day
A-2858,3,2022-11-05 07:35:25,Los Angeles,Los Angeles,CA,34.01714868831265,-118.20036061122065,Light Rain,91.8,62.2,7.7,7.1,False,True,False,False,False,Day
A-2859,3,2022-01-17 06:33:13,Los Angeles,Los Angeles,CA,34.12056984069049,-118.2952683900624,Clear,45.4,46.3,10.0,0.0,False,False,False,False,True,Day
A-2860,2,2022-08-15 07:26:09,Los Angeles,Los Angeles,CA,34.016732537708656,-118.24497305553822,Overcast,72.3,43.7,10.0,8.5,False,False,False,False,False,Day
A-2861,2,2022-09-07 04:21:44,Seattle,King,WA,47.665126426800434,-122.38296075870619,Fair,73.0,51.4,9.0,0.0,False,False,False,False,False,Night
A-2862,2,2022-04-26 07:35:46,Miami,Miami-Dade,FL,25.749134391487978,-80.23473829162916,Fair,62.0,10.0,7.4,5.1,False,True,False,False,False,Day
A-2863,2,2022-03-10 00:14:13,Chicago,Cook,IL,41.956862280338456,-87.65989528466736,Fair,46.1,27.7,10.0,10.6,False,False,False,False,True,Night
A-2864,2,2022-04-05 15:57:14,Dallas,Dallas,TX,32.78584788316964,-96.77057122464625,Fair,75.6,72.8,10.0,13.7,False,False,False,False,False,Day
A-2865,2,2022-04-14 08:56:15,Houston,Harris,TX,29.76845436844636,-95.26924061583945,Overcast,83.2,70.3,8.3,2.9,False,False,False,False,True,Day
A-2866,2,2022-12-23 21:10:56,Dallas,Dallas,TX,32.73899599426334,-96.81766263469768,Rain,56.8,71.2,9.8,8.6,False,False,False,False,False,Night
A-2867,2,2022-07-14 07:18:45,Charlotte,Mecklenburg,NC,35.33545085362423,-80.80115205644229,Fair,82.9,72.2,8.0,13.3,False,False,False,False,False,Day
A-2868,2,2022-05-27 09:35:24,Austin,Travis,TX,30.316740788874533,-97.70321850522305,Light Rain,65.1,68.8,5.5,7.4,False,False,False,False,False,Day
A-2869,2,2022-08-31 09:35:10,Miami,Miami-Dade,FL,25.787297810477558,-80.29828841312667,Cloudy,86.3,88.8,5.7,4.5,False,False,False,False,False,Day
A-2870,3,2022-05-21 00:16:41,Houston,Harris,TX,29.77237773106982,-95.4390505368002,Clear,86.3,72.0,9.3,14.4,False,False,False,False,False,Night
A-2871,4,2022-11-07 17:16:47,Atlanta,Fulton,GA,33.71596334238041,-84.28568591718555,Fair,64.6,60.7,10.0,11.0,False,True,False,False,True,Day
A-2872,2,2022-01-15 03:21:05,Atlanta,Fulton,GA,33.78266355224801,-84.4133104358777,Cloudy,71.3,90.8,7.1,7.3,False,False,False,False,True,Night
A-2873,3,2022-05-30 19:13:10,Atlanta,Fulton,GA,33.74566486872671,-84.36534613866239,Clear,54.5,70.7,7.4,0.9,False,False,False,False,False,Night
A-2874,2,2022-11-17 18:45:04,Houston,Harris,TX,29.763276021148332,-95.35296017738608,Fair,40.6,71.5,9.6,5.6,False,False,False,False,False,Day
A-2875,3,2022-11-01 13:53:54,Austin,Travis,TX,30.311748526225347,-97.84950316496743,Thunderstorm,68.8,50.0,9.1,4.1,False,False,False,False,False,Day
A-2876,2,2022-07-30 13:14:25,Charlotte,Mecklenburg,NC,35.24132263288141,-80.8772023486407,Cloudy,43.0,60.6,9.6,0.1,False,True,False,False,True,Day
A-2877,2,2022-07-16 15:56:29,Charlotte,Mecklenburg,NC,35.22800753830804,-80.80676692489405,Clear,96.4,37.2,10.0,12.4,False,True,False,False,False,Day
A-2878,2,2022-08-03 09:22:08,Miami,Miami-Dade,FL,25.833482414270936,-80.23868983121777,Clear,82.1,29.7,9.0,9.3,False,False,False,False,False,Day
A-2879,2,2022-06-26 15:13:47,Dallas,Dallas,TX,32.73575648402193,-96.81590484270924,Clear,62.7,25.6,9.3,4.2,False,False,True,False,True,Day
A-2880,2,2022-10-03 04:47:33,Los Angeles,Los Angeles,CA,33.9694561605573,-118.30390447579208,Fair,105.0,55.6,6.7,4.7,False,False,False,False,False,Night
A-2881,2,2022-12-03 04:06:24,Miami,Miami-Dade,FL,25.721900114169035,-80.2338260380147,Clear,55.5,87.4,8.2,5.2,False,False,True,False,False,Night
A-2882,2,2022-08-29 11:06:58,Seattle,King,WA,47.613802090538265,-122.3584369595441,Clear,59.1,68.7,10.0,3.0,False,False,False,False,True,Day
A-2883,3,2022-02-12 13:15:25,Miami,Miami-Dade,FL,25.79642750520018,-80.28475815185956,Fair,58.9,77.3,9.9,18.4,False,False,False,False,False,Day
A-2884,2,2022-01-04 18:22:07,Los Angeles,Los Angeles,CA,34.01499430174469,-118.18512204947649,Cloudy,64.0,42.7,9.6,4.1,False,False,False,False,False,Day
A-2885,2,2022-01-11 06:30:56,Los Angeles,Los Angeles,CA,34.23657334007491,-118.31312956153882,Clear,60.3,66.0,7.3,5.7,False,False,False,False,False,Day
A-2886,2,2022-10-13 17:58:56,Atlanta,Fulton,GA,33.75810804772223,-84.3966213280919,Clear,71.8,100.0,7.4,4.2,False,False,False,False,False,Day
A-2887,3,2022-10-30 07:28:02,Charlotte,Mecklenburg,NC,35.23468907842034,-80.88034386218688,Clear,50.0,76.0,6.9,0.0,False,False,False,False,False,Day
A-2888,2,2022-05-27 10:01:30,Houston,Harris,TX,29.695918274608236,-95.31595734005249,Clear,66.9,52.5,5.3,2.1,False,False,False,False,False,Day
A-2889,2,2022-09-11 08:50:48,Austin,Travis,TX,30.195060064942545,-97.80471910017414,Clear,56.9,26.1,8.5,11.2,False,False,False,False,False,Day
A-2890,2,2022-09-06 10:40:21,Seattle,King,WA,47.51704522676807,-122.37120316406198,Fair,65.9,33.7,8.2,5.7,False,False,False,False,True,Day
A-2891,2,2022-09-24 06:42:33,Miami,Miami-Dade,FL,25.830270950095212,-80.25865659753397,Fair,48.8,73.1,9.4,8.7,False,False,False,False,True,Day
A-2892,2,2022-02-13 12:54:11,Orlando,Orange,FL,28.598922547547176,-81.49960493908242,Clear,52.0,64.4,10.0,8.8,False,False,False,False,True,Day
A-2893,2,2022-09-09 17:26:23,Austin,Travis,TX,30.267127370061107,-97.71764553344713,Light Rain,96.9,95.9,7.7,8.8,False,False,False,False,False,Day
A-2894,2,2022-12-11 11:03:11,Dallas,Dallas,TX,32.71595441776081,-96.79538492994811,Fair,51.2,61.3,10.0,4.2,False,True,False,False,False,Day
A-2895,2,2022-01-18 12:21:17,Los Angeles,Los Angeles,CA,34.038323749443,-118.23274583423185,Clear,72.9,30.3,10.0,13.8,True,False,False,False,False,Day
A-2896,2,2022-08-04 17:47:32,Seattle,King,WA,47.677271908742625,-122.29157568761853,Clear,56.9,55.4,10.0,10.7,False,False,False,False,False,Day
A-2897,2,2022-06-11 16:41:18,Charlotte,Mecklenburg,NC,35.20189225582232,-80.83769493684375,Fog,49.7,60.9,6.7,8.9,False,False,False,False,False,Day
A-2898,2,2022-01-10 12:13:24,Miami,Miami-Dade,FL,25.716597860935025,-80.21400067976285,Fog,66.0,52.3,10.0,8.0,False,False,False,False,False,Day
A-2899,4,2022-10-01 08:23:37,Houston,Harris,TX,29.741349988596596,-95.35681819173408,Clear,52.0,59.9,7.7,1.5,False,False,False,False,False,Day
A-2900,2,2022-09-02 18:58:35,Los Angeles,Los Angeles,CA,34.03755695251962,-118.26902440874059,Clear,72.8,67.5,7.4,10.3,False,False,False,False,False,Day
A-2901,3,2022-11-19 14:23:35,Los Angeles,Los Angeles,CA,34.08910433979522,-118.18808244612885,Fair,63.1,19.5,8.9,6.5,False,False,False,False,False,Day
A-2902,1,2022-07-20 07:38:05,Austin,Travis,TX,30.156838439741197,-97.76120386712795,Fair,85.0,46.6,7.3,3.8,False,True,False,False,False,Day
A-2903,2,2022-02-26 08:51:00,Los Angeles,Los Angeles,CA,34.060666455533195,-118.24966177086888,Fair,45.4,85.2,9.9,2.9,False,True,False,False,True,Day
A-2904,3,2022-01-29 17:38:36,Houston,Harris,TX,29.725559287978818,-95.33797144611648,Fair,69.1,92.3,10.0,10.9,False,False,False,False,False,Day
A-2905,2,2022-06-29 04:16:22,Charlotte,Mecklenburg,NC,35.200322900836646,-80.7262942928075,Clear,70.6,34.5,10.0,1.4,False,False,False,False,False,Night
A-2906,2,2022-03-03 23:46:26,Los Angeles,Los Angeles,CA,34.08992298616651,-118.29480915407184,Clear,50.1,34.5,8.9,5.4,False,False,False,False,True,Night
A-2907,2,2022-01-29 06:19:45,Chicago,Cook,IL,41.81300961326349,-87.69071785776907,Fair,55.0,75.3,10.0,7.6,True,True,False,False,False,Day
A-2908,2,2022-10-05 17:43:23,Miami,Miami-Dade,FL,25.77069651559057,-80.2040501502579,Rain,43.6,100.0,9.9,6.4,False,False,False,False,True,Day
A-2909,3,2022-06-04 10:54:40,Miami,Miami-Dade,FL,25.785763722732487,-80.22921146703823,Clear,41.6,64.4,8.7,8.7,False,False,False,False,False,Day
A-2910,2,2022-11-27 12:02:42,Miami,Miami-Dade,FL,25.790680367506898,-80.15680184668383,Cloudy,63.2,62.2,8.7,11.7,False,False,False,False,False,Day
A-2911,2,2022-10-11 18:00:48,Miami,Miami-Dade,FL,25.797043339187077,-80.1819279011883,Fair,77.1,45.8,7.2,9.5,False,False,False,False,False,Day
A-2912,3,2022-11-04 10:13:32,Los Angeles,Los Angeles,CA,34.08079525058991,-118.29967261092966,Clear,63.0,80.3,7.1,7.3,False,False,False,False,False,Day
A-2913,4,2022-02-28 13:30:03,Orlando,Orange,FL,28.57426329270656,-81.34172697301545,Light Rain,63.7,53.9,8.1,5.2,False,False,False,False,False,Day
A-2914,3,2022-03-04 04:18:57,Chicago,Cook,IL,41.83405988345686,-87.53741654489407,Fair,45.5,91.4,6.9,1.3,False,False,False,False,False,Night
A-2915,2,2022-08-10 00:23:12,Miami,Miami-Dade,FL,25.82998368422386,-80.23175148620194,Fair,33.5,67.2,6.7,6.7,False,False,False,False,False,Night
A-2916,3,2022-09-26 07:29:18,Dallas,Dallas,TX,32.71747181564505,-96.7807367397912,Fair,70.1,65.2,7.2,5.5,True,False,False,False,False,Day
A-2917,3,2022-10-17 15:09:50,Orlando,Orange,FL,28.556817224472464,-81.48893358396914,Clear,55.1,43.6,10.0,9.1,True,False,False,False,False,Day
A-2918,3,2022-05-21 06:43:13,Seattle,King,WA,47.572155421339005,-122.35050538325304,Fair,38.0,44.3,7.4,6.5,False,False,False,False,False,Day
A-2919,3,2022-06-22 06:47:48,Houston,Harris,TX,29.674509313395767,-95.35431684700171,Fair,56.8,47.6,10.0,11.2,False,False,False,False,False,Day
A-2920,3,2022-05-23 10:03:37,Miami,Miami-Dade,FL,25.733194507449976,-80.1988679088558,Clear,68.7,58.1,7.7,5.2,False,True,False,True,True,Day
A-2921,2,2022-09-18 15:59:49,Miami,Miami-Dade,FL,25.75577749717673,-80.18617063700465,Fair,71.0,82.1,9.4,4.8,False,False,False,False,False,Day
A-2922,2,2022-05-15 16:04:41,Orlando,Orange,FL,28.607645441702985,-81.41810243162686,Clear,68.0,76.4,7.4,8.7,False,False,False,False,False,Day
A-2923,3,2022-04-18 07:05:13,Austin,Travis,TX,30.358183628565275,-97.68009911302893,Clear,54.6,50.6,9.4,7.4,False,False,False,False,False,Day
A-2924,2,2022-02-24 05:53:25,Los Angeles,Los Angeles,CA,34.04571796453772,-118.26423283513692,Overcast,73.9,18.2,10.0,8.5,False,False,False,False,True,Night
A-2925,2,2022-01-06 19:09:15,Houston,Harris,TX,29.69094855896984,-95.43127303923615,Clear,64.7,45.5,7.6,6.5,False,False,False,False,False,Night
A-2926,2,2022-03-02 08:25:07,Atlanta,Fulton,GA,33.683693962056765,-84.38994014191275,Cloudy,51.9,63.1,8.4,7.1,False,False,False,False,False,Day
A-2927,3,2022-11-16 17:44:28,Austin,Travis,TX,30.305793465637116,-97.69695473954903,Heavy Rain,48.2,64.6,6.6,5.8,True,False,False,False,False,Day
A-2928,2,2022-11-12 17:38:59,Chicago,Cook,IL,41.9135078627904,-87.60207618700916,Clear,67.9,96.7,10.0,7.5,False,False,False,False,True,Day
A-2929,2,2022-01-28 16:13:16,Austin,Travis,TX,30.23683161909383,-97.76898661043944,Fair,78.0,88.6,10.0,11.9,False,False,False,False,False,Day
A-2930,1,2022-12-19 07:28:33,Houston,Harris,TX,29.70168860351088,-95.28114199502063,Fair,73.9,75.9,7.1,5.0,False,False,False,False,False,Day
A-2931,2,2022-05-22 17:45:32,Dallas,Dallas,TX,32.826313736471995,-96.80073687329282,Fair,67.4,47.0,8.7,4.6,False,False,False,False,False,Day
A-2932,2,2022-12-12 16:18:45,Dallas,Dallas,TX,32.71530054083597,-96.88261734199669,Cloudy,74.5,65.6,9.8,8.3,False,False,False,False,True,Day
A-2933,2,2022-07-23 14:13:46,Los Angeles,Los Angeles,CA,34.029984390458154,-118.21398088146131,Fair,100.6,70.3,9.1,6.3,False,False,False,False,False,Day
A-2934,3,2022-08-25 08:23:33,Charlotte,Mecklenburg,NC,35.250774621771,-80.84996638135742,Clear,69.3,86.4,7.1,12.7,False,False,False,False,False,Day
A-2935,3,2022-10-09 08:29:59,Orlando,Orange,FL,28.438254727577256,-81.3829023837093,Clear,67.4,40.2,7.1,9.8,False,False,False,False,False,Day
A-2936,3,2022-07-27 06:08:26,Los Angeles,Los Angeles,CA,34.0998674127618,-118.19925920921612,Cloudy,73.2,77.8,6.5,10.4,False,False,False,False,False,Day
A-2937,2,2022-07-29 12:41:25,Austin,Travis,TX,30.386214068511432,-97.75615121068667,Clear,76.3,71.9,10.0,10.8,False,False,False,False,False,Day
A-2938,2,2022-04-18 14:35:07,Dallas,Dallas,TX,32.78239444109324,-96.81150877696989,Light Rain,45.0,49.8,10.0,4.4,False,True,False,False,False,Day
A-2939,2,2022-08-21 09:57:31,Chicago,Cook,IL,41.87636736948182,-87.6924762274385,Cloudy,67.7,86.1,10.0,7.5,False,False,False,False,False,Day
A-2940,2,2022-10-19 12:48:47,Los Angeles,Los Angeles,CA,34.054416271718274,-118.27017212218436,Clear,80.1,22.1,7.0,9.7,False,False,False,False,False,Day
A-2941,2,2022-10-03 09:06:00,Miami,Miami-Dade,FL,25.772942469435264,-80.17955115491775,Clear,91.2,100.0,9.6,7.0,False,False,False,True,False,Day
A-2942,3,2022-10-25 15:32:49,Dallas,Dallas,TX,32.740201330246165,-96.82639429917134,Clear,65.3,86.3,9.3,3.4,False,False,False,False,False,Day
A-2943,2,2022-06-20 18:54:19,Miami,Miami-Dade,FL,25.705483367072027,-80.27526874711272,Fair,58.2,56.1,9.7,10.7,False,False,False,False,True,Day
A-2944,2,2022-09-08 07:05:44,Orlando,Orange,FL,28.520644542378328,-81.34662544253395,Overcast,67.5,51.5,10.0,6.3,False,False,False,False,False,Day
A-2945,4,2022-12-30 09:06:55,Austin,Travis,TX,30.274880095993264,-97.70847603824248,Clear,55.3,59.3,10.0,8.2,False,False,False,False,False,Day
A-2946,2,2022-08-04 06:35:00,Los Angeles,Los Angeles,CA,34.002279477998165,-118.2086996845064,Clear,88.5,45.0,10.0,9.3,False,False,False,False,False,Day
A-2947,4,2022-01-27 15:23:36,Charlotte,Mecklenburg,NC,35.15976956865553,-80.88937711741917,Fair,72.2,55.5,9.7,13.1,False,False,False,False,False,Day
A-2948,4,2022-07-13 16:50:35,Charlotte,Mecklenburg,NC,35.205078993621285,-80.84413206066982,Clear,64.2,76.4,10.0,7.8,False,False,False,False,False,Day
A-2949,2,2022-09-12 19:37:44,Houston,Harris,TX,29.693729430693157,-95.35781772125551,Fair,81.7,45.8,7.3,0.0,False,False,False,False,False,Night
A-2950,2,2022-06-21 08:36:44,Atlanta,Fulton,GA,33.78258984725932,-84.3582703579191,Fair,47.7,78.8,8.8,7.7,False,False,False,False,False,Day
A-2951,3,2022-04-21 19:24:09,Austin,Travis,TX,30.09512103764074,-97.71225362446566,Clear,33.9,55.1,7.4,8.1,True,False,False,True,True,Night
A-2952,2,2022-02-24 05:54:24,Orlando,Orange,FL,28.479893303790384,-81.44984050899711,Fair,71.3,81.9,9.5,0.3,False,False,False,False,False,Night
A-2953,2,2022-01-10 14:44:31,Orlando,Orange,FL,28.608976490254793,-81.29309283870718,Fair,81.1,87.3,10.0,12.9,False,False,False,False,False,Day
A-2954,3,2022-08-02 04:03:41,Houston,Harris,TX,29.74931407530941,-95.43022372476258,Clear,62.9,40.0,10.0,0.0,False,False,False,False,False,Night
A-2955,2,2022-03-08 18:16:08,Atlanta,Fulton,GA,33.758196466313585,-84.46955819945394,Clear,54.8,17.8,7.1,9.3,False,False,False,False,False,Day
A-2956,2,2022-06-02 13:17:40,Orlando,Orange,FL,28.53185401459969,-81.52588672464873,Fair,50.6,63.3,10.0,0.9,False,False,False,False,False,Day
A-2957,2,2022-08-31 15:19:56,Orlando,Orange,FL,28.50693408397735,-81.34427344394612,Fair,46.5,65.1,8.2,11.3,False,False,False,False,False,Day
A-2958,3,2022-04-11 17:27:47,Seattle,King,WA,47.66095965497928,-122.25965774844094,Clear,75.0,35.5,7.9,9.3,False,False,False,False,False,Day
A-2959,2,2022-12-08 06:20:12,Miami,Miami-Dade,FL,25.73310691922034,-80.22342307037127,Clear,77.3,93.4,8.5,12.9,False,False,False,False,False,Day
A-2960,2,2022-11-29 04:53:31,Austin,Travis,TX,30.225775922010648,-97.83149932187999,Clear,78.8,52.8,10.0,9.1,False,True,False,False,False,Night
A-2961,2,2022-07-09 18:49:37,Los Angeles,Los Angeles,CA,34.08503809891862,-118.19997309952834,Clear,65.1,72.8,5.1,8.4,False,False,False,False,True,Day
A-2962,2,2022-06-27 08:53:59,Miami,Miami-Dade,FL,25.665167388263274,-80.25669389933607,Fair,47.7,45.3,9.9,5.7,False,False,False,False,False,Day
A-2963,3,2022-07-27 06:52:38,Miami,Miami-Dade,FL,25.74742882395224,-80.1608504835373,Clear,54.3,30.1,10.0,0.1,False,False,True,False,False,Day
A-2964,3,2022-02-26 12:46:11,Chicago,Cook,IL,41.85215214586783,-87.67602421576541,Fair,74.0,83.4,7.1,15.7,False,True,False,False,True,Day
A-2965,2,2022-10-18 14:58:32,Seattle,King,WA,47.59099226754394,-122.35405385307648,Clear,49.4,41.5,10.0,5.1,False,False,False,False,False,Day
A-2966,1,2022-10-22 03:56:02,Orlando,Orange,FL,28.513880811522228,-81.36323774434938,Fair,63.5,75.7,7.6,8.4,False,False,False,False,False,Night
A-2967,2,2022-03-14 08:25:53,Orlando,Orange,FL,28.55705437858669,-81.36286774503067,Cloudy,49.7,43.4,10.0,3.7,False,True,False,False,False,Day
A-2968,2,2022-06-11 03:01:03,Charlotte,Mecklenburg,NC,35.282084311001995,-80.8377623017142,Fair,54.5,55.6,6.4,2.7,False,False,False,False,True,Night
A-2969,2,2022-09-18 10:27:27,Atlanta,Fulton,GA,33.77196684623929,-84.31449116385078,Clear,47.7,56.8,10.0,7.2,False,False,False,False,True,Day
A-2970,2,2022-10-23 18:01:41,Charlotte,Mecklenburg,NC,35.21025431910662,-80.75738365826615,Clear,65.2,59.5,8.1,8.7,False,False,False,False,True,Day
A-2971,2,2022-02-08 22:29:20,Houston,Harris,TX,29.79197167126036,-95.28018388741992,Clear,43.1,47.2,8.7,14.0,False,False,False,False,False,Night
A-2972,2,2022-07-11 15:36:43,Los Angeles,Los Angeles,CA,34.08962956491253,-118.25250339059038,Fair,53.6,74.4,8.4,11.0,True,False,False,False,False,Day
A-2973,3,2022-06-29 06:32:59,Austin,Travis,TX,30.285246436149507,-97.73779597519218,Clear,77.8,78.9,10.0,8.1,False,False,False,False,False,Day
A-2974,3,2022-06-10 18:26:47,Orlando,Orange,FL,28.590732494723678,-81.31028595931267,Clear,80.7,84.4,9.4,6.8,True,False,False,False,False,Day
A-2975,2,2022-08-11 13:33:15,Houston,Harris,TX,29.643030217679332,-95.40238566864464,Light Rain,75.1,51.1,6.2,8.4,False,False,False,False,False,Day
A-2976,2,2022-10-22 06:25:15,Los Angeles,Los Angeles,CA,34.05353821988761,-118.26518777062263,Clear,86.2,37.6,9.8,6.0,False,False,False,False,False,Day
A-2977,3,2022-10-13 18:44:43,Seattle,King,WA,47.621592672181336,-122.33105751998738,Heavy Rain,45.2,64.3,9.6,8.0,False,False,False,False,False,Day
A-2978,4,2022-01-24 16:36:07,Los Angeles,Los Angeles,CA,33.97813821441795,-118.24466452787894,Light Rain,63.6,67.4,10.0,3.8,False,False,False,False,False,Day
A-2979,2,2022-10-21 16:36:51,Orlando,Orange,FL,28.549338560921086,-81.3935201987675,Light Rain,66.1,67.5,9.7,4.8,False,True,False,False,False,Day
A-2980,3,2022-01-07 16:05:53,Chicago,Cook,IL,41.92384753292696,-87.67654899750119,Light Rain,94.3,90.7,6.0,6.8,False,False,False,False,False,Day
A-2981,3,2022-04-29 07:16:36,Houston,Harris,TX,29.749206262440932,-95.32708694329882,Clear,61.4,62.2,10.0,8.3,False,False,False,False,False,Day
A-2982,2,2022-04-25 07:48:12,Miami,Miami-Dade,FL,25.7945269691068,-80.2111693437375,Clear,77.0,100.0,10.0,6.5,False,False,False,False,True,Day
A-2983,2,2022-12-25 15:21:06,Orlando,Orange,FL,28.589437666433533,-81.37138222383415,Clear,90.4,77.6,10.0,7.8,False,False,False,False,False,Day
A-2984,2,2022-07-28 07:20:05,Austin,Travis,TX,30.33432318860813,-97.74345127097814,Clear,67.0,78.2,9.6,3.4,False,False,False,False,True,Day
A-2985,2,2022-03-22 11:02:08,Charlotte,Mecklenburg,NC,35.285207694042775,-80.80932986140459,Clear,58.0,61.8,9.8,2.2,False,True,False,False,False,Day
A-2986,2,2022-10-09 16:29:59,Chicago,Cook,IL,41.94638033831254,-87.6069877063884,Light Rain,59.3,53.8,10.0,6.8,False,False,False,False,False,Day
A-2987,4,2022-10-01 16:41:31,Los Angeles,Los Angeles,CA,34.02722262322254,-118.25646429698287,Clear,39.3,47.8,10.0,0.3,True,True,False,False,False,Day
A-2988,3,2022-04-29 11:02:00,Charlotte,Mecklenburg,NC,35.207593382394414,-80.86384812951165,Clear,58.1,63.7,10.0,10.4,False,False,False,False,False,Day
A-2989,2,2022-06-12 17:56:36,Orlando,Orange,FL,28.41462770531659,-81.38473722292072,Cloudy,43.7,77.5,10.0,1.5,False,False,False,False,True,Day
A-2990,2,2022-03-19 17:02:35,Seattle,King,WA,47.55294159671342,-122.38758997059284,Clear,76.7,56.1,9.4,5.4,False,False,False,False,False,Day
A-2991,2,2022-01-23 15:01:13,Los Angeles,Los Angeles,CA,34.11312245300596,-118.2839136158364,Fair,41.6,52.6,10.0,9.0,False,False,False,False,False,Day
A-2992,2,2022-10-30 07:30:52,Austin,Travis,TX,30.23695717463359,-97.71657487811127,Clear,70.9,39.4,4.9,10.7,True,False,False,False,False,Day
A-2993,2,2022-06-02 08:30:46,Charlotte,Mecklenburg,NC,35.24697941864256,-80.8281315519485,Light Rain,82.1,70.2,7.7,9.6,False,False,False,False,False,Day
A-2994,3,2022-10-15 08:21:09,Houston,Harris,TX,29.77243633047284,-95.41810174822889,Fair,75.9,38.6,7.4,8.9,True,False,False,False,True,Day
A-2995,2,2022-05-29 06:29:32,Los Angeles,Los Angeles,CA,34.11423430825717,-118.24969159015917,Cloudy,57.8,68.0,10.0,17.3,False,False,False,False,False,Day
A-2996,2,2022-06-02 08:45:24,Seattle,King,WA,47.505180886485086,-122.41025531117492,Clear,76.5,65.7,8.6,2.8,False,False,False,False,False,Day
A-2997,2,2022-12-23 07:53:45,Los Angeles,Los Angeles,CA,34.06983150474213,-118.23693742748085,Rain,65.1,57.2,5.0,8.3,False,False,False,False,False,Day
A-2998,2,2022-09-09 11:40:16,Miami,Miami-Dade,FL,25.778518369638345,-80.20860721807081,Clear,58.1,84.1,7.4,9.5,False,False,True,False,False,Day
A-2999,2,2022-08-14 18:12:37,Miami,Miami-Dade,FL,25.71881012636805,-80.08704746964669,Cloudy,59.5,91.8,10.0,8.4,False,False,False,False,True,Day
A-3000,2,2022-04-20 06:31:31,Seattle,King,WA,47.65421233912327,-122.30274231165836,Heavy Rain,71.6,17.9,9.1,5.1,False,False,False,False,False,Day
A-3001,2,2022-01-03 16:39:55,Orlando,Orange,FL,28.46834823517047,-81.42685774101119,Fair,41.7,30.3,8.8,9.2,False,False,False,False,False,Day
A-3002,2,2022-09-01 15:02:17,Austin,Travis,TX,30.32042679236152,-97.79144583748068,Fair,57.4,71.7,9.4,8.9,False,True,True,False,False,Day
A-3003,2,2022-04-25 06:53:54,Miami,Miami-Dade,FL,25.65391571201923,-80.15991337775255,Clear,70.6,93.9,10.0,12.0,False,False,False,False,False,Day
A-3004,2,2022-06-11 18:42:02,Dallas,Dallas,TX,32.73145398715907,-96.753033730849,Fair,57.3,32.8,10.0,8.9,False,False,False,False,False,Day
A-3005,2,2022-08-18 14:23:53,Dallas,Dallas,TX,32.7697056028661,-96.70407237941873,Light Rain,45.6,68.4,7.4,0.0,False,False,False,False,False,Day
A-3006,3,2022-03-15 09:38:47,Seattle,King,WA,47.61708298972323,-122.27428204397202,Clear,51.6,25.1,9.6,10.2,False,False,False,False,False,Day
A-3007,2,2022-07-02 16:15:35,Atlanta,Fulton,GA,33.65559581258156,-84.36414278308044,Rain,67.6,22.9,10.0,5.4,False,False,False,False,False,Day
A-3008,2,2022-06-15 08:17:05,Los Angeles,Los Angeles,CA,34.10434546977925,-118.17254162349111,Cloudy,72.2,100.0,9.5,6.2,True,False,False,False,False,Day
A-3009,2,2022-07-06 15:27:38,Orlando,Orange,FL,28.575978001253088,-81.3754711923982,Fair,81.3,67.8,7.9,2.4,False,False,False,False,True,Day
A-3010,2,2022-10-17 04:50:40,Los Angeles,Los Angeles,CA,34.14736565407121,-118.24219668061774,Fair,76.7,29.2,6.7,7.5,False,False,False,False,False,Night
A-3011,3,2022-04-06 17:03:13,Charlotte,Mecklenburg,NC,35.262205579974456,-80.90373301240278,Clear,76.5,55.7,9.5,14.9,False,False,False,False,True,Day
A-3012,2,2022-07-26 11:07:14,Miami,Miami-Dade,FL,25.724879499477098,-80.11638151500453,Clear,36.2,44.4,8.6,11.3,False,False,False,False,True,Day
A-3013,3,2022-03-27 15:18:58,Miami,Miami-Dade,FL,25.708135056486658,-80.18518045108593,Clear,76.3,51.5,8.6,2.3,False,False,False,False,False,Day
A-3014,2,2022-12-30 07:19:54,Houston,Harris,TX,29.739370423278,-95.3747308465415,Fair,57.2,53.7,9.5,6.2,False,False,False,False,False,Day
A-3015,2,2022-11-29 15:17:13,Dallas,Dallas,TX,32.885740752485205,-96.83670023273422,Rain,43.4,64.2,7.7,11.0,False,False,False,False,True,Day
A-3016,3,2022-06-22 16:24:15,Miami,Miami-Dade,FL,25.76408035822231,-80.13053118376624,Fair,73.4,69.0,10.0,6.3,False,False,False,False,False,Day
A-3017,2,2022-04-17 12:39:00,Orlando,Orange,FL,28.542812694617233,-81.32987365650403,Fair,67.7,46.3,8.9,0.0,False,False,False,False,False,Day
A-3018,2,2022-05-09 14:50:20,Houston,Harris,TX,29.829373045815085,-95.41491179691764,Clear,78.3,45.3,10.0,4.8,False,False,False,False,False,Day
A-3019,3,2022-07-06 11:59:24,Los Angeles,Los Angeles,CA,33.99397355869607,-118.21817586200862,Cloudy,57.0,68.1,10.0,12.5,False,False,False,False,False,Day
A-3020,4,2022-07-07 18:49:11,Austin,Travis,TX,30.294148014051878,-97.70330078707426,Fair,64.9,47.0,8.8,13.0,False,False,False,False,False,Day
A-3021,2,2022-12-31 12:07:41,Miami,Miami-Dade,FL,25.787517150027202,-80.2541138213061,Fair,38.0,46.8,6.4,6.3,False,False,False,False,False,Day
A-3022,2,2022-05-10 17:41:49,Houston,Harris,TX,29.80826787275559,-95.33773805111579,Heavy Rain,94.4,62.1,10.0,5.9,False,True,False,False,False,Day
A-3023,2,2022-02-15 17:40:56,Orlando,Orange,FL,28.580914672515032,-81.35715036559309,Light Rain,44.9,60.6,9.9,0.0,False,False,False,False,False,Day
A-3024,2,2022-02-18 10:34:33,Miami,Miami-Dade,FL,25.758765442353535,-80.16064107567846,Cloudy,52.8,51.1,7.6,6.6,False,False,False,False,False,Day
A-3025,2,2022-04-04 07:30:22,Los Angeles,Los Angeles,CA,33.98304435744224,-118.14436447922488,Rain,49.5,81.0,6.7,4.7,False,True,False,False,True,Day
A-3026,3,2022-09-01 10:53:50,Houston,Harris,TX,29.732155997663764,-95.22171700257033,Fair,68.1,69.9,9.0,0.0,False,False,False,False,False,Day
A-3027,2,2022-12-04 17:14:18,Atlanta,Fulton,GA,33.791104798394926,-84.32618849871933,Overcast,52.3,100.0,9.5,3.2,False,False,False,False,False,Day
A-3028,3,2022-09-01 07:49:47,Dallas,Dallas,TX,32.86941878134484,-96.78397533915711,Fair,81.2,55.0,9.3,1.8,False,False,False,False,False,Day
A-3029,1,2022-10-11 13:43:36,Orlando,Orange,FL,28.477153362267703,-81.34728792003165,Clear,69.7,74.1,9.0,7.2,False,False,False,False,False,Day
A-3030,2,2022-12-23 17:37:24,Dallas,Dallas,TX,32.712261399240575,-96.77529862530847,Thunderstorm,42.6,89.2,10.0,13.2,False,True,False,False,False,Day
A-3031,3,2022-05-31 09:41:35,Los Angeles,Los Angeles,CA,33.973504828790084,-118.12611250150701,Clear,76.7,42.1,7.7,6.4,False,False,False,False,True,Day
A-3032,2,2022-10-21 15:11:09,Houston,Harris,TX,29.72204750431532,-95.36292980853453,Clear,78.7,52.8,10.0,8.0,False,False,False,False,False,Day
A-3033,1,2022-02-20 07:45:04,Austin,Travis,TX,30.314578059281903,-97.76381309273552,Clear,54.1,84.5,5.7,16.9,False,False,False,False,True,Day
A-3034,2,2022-09-16 06:15:36,Los Angeles,Los Angeles,CA,34.11800955851582,-118.21626320842539,Clear,47.8,73.5,7.5,0.0,True,False,False,False,False,Day
A-3035,3,2022-02-08 17:28:05,Miami,Miami-Dade,FL,25.65776715418209,-80.08741397591614,Clear,71.0,59.5,6.6,7.8,False,False,False,False,False,Day
A-3036,2,2022-11-19 06:17:31,Miami,Miami-Dade,FL,25.701441273975814,-80.2402322443186,Cloudy,74.9,32.4,9.4,11.6,False,False,False,False,True,Day
A-3037,2,2022-07-27 08:41:46,Houston,Harris,TX,29.690788599352416,-95.40339481226208,Thunderstorm,49.9,34.0,9.8,8.3,False,False,False,False,False,Day
A-3038,2,2022-11-02 17:55:53,Chicago,Cook,IL,41.834716185604414,-87.66616252778662,Clear,78.9,50.9,10.0,0.5,False,False,False,False,False,Day
A-3039,2,2022-04-18 09:25:27,Los Angeles,Los Angeles,CA,34.04108261558152,-118.30355388416194,Overcast,56.4,43.9,9.4,14.7,False,False,False,False,True,Day
A-3040,3,2022-12-22 21:56:44,Charlotte,Mecklenburg,NC,35.20722915199808,-80.89065851621366,Clear,82.7,44.4,10.0,10.4,True,True,False,False,False,Night
A-3041,2,2022-02-03 21:58:19,Los Angeles,Los Angeles,CA,34.07789096118882,-118.19668125367733,Clear,41.3,23.3,6.8,8.1,False,False,False,False,False,Night
A-3042,2,2022-02-07 08:15:38,Chicago,Cook,IL,41.78176771647125,-87.61880936209778,Cloudy,54.0,32.9,6.2,1.5,False,False,False,False,False,Day
A-3043,2,2022-11-07 04:39:54,Los Angeles,Los Angeles,CA,34.026173946003716,-118.30839280810333,Light Rain,61.9,42.4,10.0,16.2,False,False,False,False,False,Night
A-3044,3,2022-03-26 16:00:28,Houston,Harris,TX,29.82872004847547,-95.33551608614387,Clear,50.1,62.3,10.0,9.3,False,False,True,True,False,Day
A-3045,3,2022-03-05 11:29:39,Orlando,Orange,FL,28.60852559042117,-81.36192727444062,Clear,64.5,53.1,9.5,8.8,False,False,False,False,False,Day
A-3046,3,2022-07-10 06:50:07,Orlando,Orange,FL,28.621537286636134,-81.33161799688376,Clear,59.8,61.2,7.2,9.3,False,False,False,False,False,Day
A-3047,2,2022-01-19 16:35:41,Houston,Harris,TX,29.780062686533224,-95.40000014885665,Rain,61.9,60.3,10.0,10.8,False,False,False,False,False,Day
A-3048,2,2022-12-10 03:34:35,Miami,Miami-Dade,FL,25.728945790286225,-80.25315453769373,Clear,58.9,26.0,10.0,7.5,False,False,False,False,False,Night
A-3049,2,2022-12-21 17:35:24,Houston,Harris,TX,29.769143117124745,-95.33580594384561,Fair,45.6,81.3,7.6,6.5,False,False,False,True,True,Day
A-3050,3,2022-09-27 06:51:44,Miami,Miami-Dade,FL,25.888085923952428,-80.1505451086888,Light Rain,64.7,74.7,9.1,0.0,True,False,False,True,False,Day
A-3051,3,2022-07-22 06:16:22,Miami,Miami-Dade,FL,25.73517177144317,-80.24702213010595,Fair,63.1,60.9,6.1,3.9,False,False,False,False,False,Day
A-3052,4,2022-08-19 07:47:59,Charlotte,Mecklenburg,NC,35.318741834601454,-80.83119500367988,Rain,49.9,49.4,9.2,14.9,False,True,True,False,True,Day
A-3053,2,2022-10-31 20:30:05,Miami,Miami-Dade,FL,25.639860485413404,-80.22261314078443,Rain,83.7,87.2,8.1,3.7,False,False,True,False,True,Night
A-3054,2,2022-06-06 15:55:03,Miami,Miami-Dade,FL,25.790299268093577,-80.1432422810074,Fair,69.7,39.7,10.0,5.8,False,False,False,False,True,Day
A-3055,2,2022-01-10 17:53:00,Dallas,Dallas,TX,32.809063257718584,-96.76389127785137,Fair,75.8,79.6,10.0,2.4,False,False,False,False,False,Day
A-3056,3,2022-03-26 10:25:33,Chicago,Cook,IL,41.89677930249733,-87.56886293854963,Clear,52.9,42.6,3.9,9.0,False,False,False,False,True,Day
A-3057,2,2022-11-27 08:09:22,Dallas,Dallas,TX,32.798653216292635,-96.83906145195807,Thunderstorm,30.4,86.3,10.0,6.0,False,False,False,False,False,Day
A-3058,3,2022-12-25 07:12:28,Los Angeles,Los Angeles,CA,34.07836077459664,-118.27818636703417,Clear,91.2,69.3,9.8,5.8,True,False,False,False,False,Day
A-3059,2,2022-03-24 12:45:26,Los Angeles,Los Angeles,CA,34.08069944525659,-118.26222956569673,Overcast,67.5,77.9,10.0,3.8,False,False,False,False,False,Day
A-3060,2,2022-08-14 13:09:30,Chicago,Cook,IL,41.861563020675646,-87.65630253472214,Clear,70.5,64.2,9.6,8.7,False,False,False,False,False,Day
A-3061,2,2022-07-25 15:23:32,Miami,Miami-Dade,FL,25.74814845353159,-80.17337740000173,Clear,69.8,68.9,9.3,12.9,False,False,False,False,False,Day
A-3062,1,2022-05-30 07:34:44,Los Angeles,Los Angeles,CA,33.984159208683145,-118.2975540098425,Clear,71.0,60.6,7.3,0.2,False,False,False,False,False,Day
A-3063,2,2022-02-08 19:16:20,Dallas,Dallas,TX,32.813324452070304,-96.72093981916743,Fair,49.0,39.7,10.0,5.8,False,False,False,False,True,Night
A-3064,2,2022-08-31 07:57:14,Dallas,Dallas,TX,32.84181379288724,-96.70980860778961,Clear,49.6,81.9,10.0,6.4,False,True,False,False,False,Day
A-3065,2,2022-03-12 20:29:08,Dallas,Dallas,TX,32.8639192309088,-96.74152786355451,Clear,49.6,54.7,5.5,3.9,False,False,False,True,False,Night
A-3066,2,2022-10-10 01:31:10,Miami,Miami-Dade,FL,25.720645999514286,-80.16679581457065,Clear,73.3,62.0,7.4,11.6,False,True,False,False,False,Night
A-3067,3,2022-12-15 12:40:17,Los Angeles,Los Angeles,CA,33.965996015068754,-118.24985814746638,Clear,46.8,28.3,6.5,11.7,False,False,False,False,False,Day
A-3068,3,2022-01-28 08:53:17,Chicago,Cook,IL,41.89691554148667,-87.62035457148427,Fair,42.1,56.5,10.0,7.9,False,False,False,False,False,Day
A-3069,2,2022-08-25 11:17:11,Miami,Miami-Dade,FL,25.703918693874225,-80.22961457171348,Fair,55.4,67.9,10.0,4.3,False,False,False,False,False,Day
A-3070,2,2022-04-16 14:42:26,Orlando,Orange,FL,28.5668884131486,-81.37132843284067,Clear,60.9,94.5,8.3,11.6,False,True,False,False,True,Day
A-3071,2,2022-05-14 11:12:22,Orlando,Orange,FL,28.428032758165966,-81.36243270713716,Fair,64.3,58.7,10.0,5.8,False,False,False,False,True,Day
A-3072,4,2022-05-24 10:55:24,Dallas,Dallas,TX,32.83106047308857,-96.83826740530358,Overcast,57.7,53.1,6.3,10.9,False,False,False,False,False,Day
A-3073,2,2022-02-06 16:03:51,Miami,Miami-Dade,FL,25.76936401736053,-80.11072958248347,Fair,72.3,46.8,9.6,16.8,False,False,False,False,False,Day
A-3074,2,2022-10-19 15:43:14,Miami,Miami-Dade,FL,25.66563307591849,-80.1960113214813,Fog,82.5,47.3,10.0,7.0,False,False,False,True,False,Day
A-3075,3,2022-11-10 17:41:10,Dallas,Dallas,TX,32.79190413230163,-96.84843621156224,Clear,65.7,95.7,7.9,7.6,False,False,False,False,False,Day
A-3076,2,2022-04-28 07:01:44,Seattle,King,WA,47.61094807445766,-122.34236544698452,Overcast,82.4,38.7,9.0,4.2,False,False,False,False,True,Day
A-3077,3,2022-01-14 14:25:07,Atlanta,Fulton,GA,33.775144660471454,-84.41812583015559,Fair,73.2,51.7,10.0,11.1,False,True,False,False,True,Day
A-3078,2,2022-01-16 14:20:20,Los Angeles,Los Angeles,CA,34.092300680136496,-118.2857144681034,Fair,50.7,88.5,10.0,7.8,True,False,False,False,False,Day
A-3079,2,2022-08-07 09:37:57,Los Angeles,Los Angeles,CA,33.93138439451632,-118.16513378097733,Fair,52.3,83.1,5.9,2.0,False,False,False,False,False,Day
A-3080,2,2022-05-18 12:05:46,Atlanta,Fulton,GA,33.725439622088594,-84.38750228254784,Clear,51.5,100.0,8.7,4.1,False,False,False,False,False,Day
A-3081,3,2022-10-09 08:35:59,Orlando,Orange,FL,28.53384849874835,-81.32771082890109,Clear,62.1,81.5,7.2,14.8,False,False,False,False,True,Day
A-3082,3,2022-09-11 06:16:08,Seattle,King,WA,47.59143137622311,-122.31152735873995,Cloudy,60.8,64.9,10.0,6.0,False,False,False,False,True,Day
A-3083,2,2022-12-08 07:21:50,Miami,Miami-Dade,FL,25.744148574790938,-80.16796866481283,Clear,73.9,72.4,8.4,2.6,False,False,False,False,True,Day
A-3084,2,2022-01-29 06:57:11,Dallas,Dallas,TX,32.82942251135762,-96.79768471849536,Fair,62.6,39.8,10.0,7.8,True,False,False,False,False,Day
A-3085,2,2022-03-05 15:05:43,Orlando,Orange,FL,28.451736746601632,-81.40079979148601,Cloudy,68.7,58.0,6.3,4.9,False,False,False,False,False,Day
A-3086,4,2022-05-11 15:36:52,Orlando,Orange,FL,28.523725814361914,-81.3142016691798,Fair,47.5,40.7,8.1,6.3,True,True,False,False,True,Day
A-3087,2,2022-11-15 19:07:09,Houston,Harris,TX,29.74978717891632,-95.3370876737313,Clear,68.6,88.6,10.0,9.2,False,True,False,False,True,Night
A-3088,3,2022-07-26 16:40:31,Los Angeles,Los Angeles,CA,34.046728796810136,-118.25274296743926,Clear,57.8,30.6,8.6,8.4,False,False,False,False,True,Day
A-3089,2,2022-09-19 04:01:50,Dallas,Dallas,TX,32.727834300576184,-96.74728065493602,Clear,56.7,55.1,10.0,7.1,False,False,False,False,False,Night
A-3090,2,2022-07-10 18:20:00,Miami,Miami-Dade,FL,25.868787319397526,-80.11629353370603,Clear,55.3,39.0,6.9,4.5,False,False,False,False,False,Day
A-3091,2,2022-02-09 17:58:10,Houston,Harris,TX,29.809329430669592,-95.35149761400716,Clear,87.7,80.2,6.0,0.0,False,False,False,True,False,Day
A-3092,3,2022-02-01 11:06:01,Chicago,Cook,IL,41.988676770497186,-87.55222941150397,Clear,47.3,63.4,10.0,14.7,True,False,False,False,False,Day
A-3093,3,2022-01-16 14:46:25,Houston,Harris,TX,29.79241356167325,-95.393659093884,Clear,75.2,59.4,10.0,14.4,False,False,False,False,False,Day
A-3094,2,2022-09-10 21:34:51,Seattle,King,WA,47.644314046214205,-122.37708156785543,Clear,64.3,36.4,8.2,7.1,False,False,False,False,False,Night
A-3095,2,2022-08-21 13:42:31,Los Angeles,Los Angeles,CA,34.05198090283234,-118.26084862827732,Thunderstorm,44.6,88.5,10.0,10.3,False,True,False,False,True,Day
A-3096,2,2022-03-05 18:09:22,Orlando,Orange,FL,28.616454156233733,-81.37713771572037,Thunderstorm,60.5,41.4,7.8,6.9,False,True,False,False,True,Day
A-3097,2,2022-11-22 05:47:51,Chicago,Cook,IL,41.906376399590734,-87.55203124563556,Clear,30.0,51.9,7.3,3.9,False,False,False,False,False,Night
A-3098,4,2022-03-07 07:29:40,Los Angeles,Los Angeles,CA,34.04266755768429,-118.26274653165207,Clear,90.8,59.9,9.0,7.3,False,True,False,False,False,Day
A-3099,2,2022-06-13 11:04:20,Los Angeles,Los Angeles,CA,34.14452858251472,-118.22448813927622,Fair,59.5,70.7,8.5,7.6,False,False,False,False,True,Day
A-3100,3,2022-02-21 14:24:23,Houston,Harris,TX,29.695259119287343,-95.31475154687585,Clear,81.7,54.2,6.7,13.0,False,False,False,False,False,Day
A-3101,3,2022-11-25 17:16:13,Los Angeles,Los Angeles,CA,34.01559414972208,-118.22032777850212,Fair,85.2,88.7,8.8,7.4,True,False,False,False,False,Day
A-3102,3,2022-10-14 22:25:18,Orlando,Orange,FL,28.67883089621231,-81.40387824022206,Fair,56.5,61.1,9.5,13.8,False,False,True,False,False,Night
A-3103,4,2022-05-10 09:59:02,Atlanta,Fulton,GA,33.782535172941934,-84.45193061623549,Clear,65.4,93.3,10.0,6.4,True,False,False,False,False,Day
A-3104,2,2022-05-09 04:27:01,Houston,Harris,TX,29.6287428477989,-95.30885672747074,Overcast,67.8,41.6,10.0,4.7,True,False,False,False,False,Night
A-3105,3,2022-03-27 17:48:37,Miami,Miami-Dade,FL,25.81264660088918,-80.24442453104858,Overcast,93.5,70.6,10.0,13.0,False,False,False,False,False,Day
A-3106,2,2022-07-10 14:05:08,Houston,Harris,TX,29.709244819679245,-95.38873312706247,Snow,62.1,45.2,6.9,12.6,False,False,False,False,False,Day
A-3107,2,2022-07-03 07:59:30,Orlando,Orange,FL,28.50958428730437,-81.37750289086671,Clear,64.2,56.9,10.0,7.3,False,False,False,False,False,Day
A-3108,3,2022-09-13 12:25:35,Los Angeles,Los Angeles,CA,34.179747001759694,-118.18052831828902,Light Rain,44.0,33.4,9.1,8.4,False,True,False,True,False,Day
A-3109,2,2022-11-02 16:27:04,Dallas,Dallas,TX,32.85947581123333,-96.74711462150242,Fair,51.6,87.5,9.7,8.1,False,False,False,False,False,Day
A-3110,3,2022-05-20 16:14:56,Dallas,Dallas,TX,32.87660557679177,-96.78958284697218,Fair,57.5,87.5,7.6,7.8,False,True,False,False,False,Day
A-3111,3,2022-07-11 12:32:04,Dallas,Dallas,TX,32.74633505626124,-96.73636103398977,Light Rain,84.5,84.5,9.0,5.5,False,True,False,False,True,Day
A-3112,3,2022-12-23 08:21:21,Miami,Miami-Dade,FL,25.747144671120257,-80.12016522331889,Heavy Rain,93.4,79.2,9.0,16.6,False,False,False,False,False,Day
A-3113,2,2022-05-25 21:51:14,Orlando,Orange,FL,28.549233281129595,-81.40303368399756,Cloudy,72.5,100.0,10.0,5.4,False,False,False,False,False,Night
A-3114,2,2022-11-07 15:50:44,Los Angeles,Los Angeles,CA,34.09561986148437,-118.26335996224906,Clear,70.3,64.2,10.0,9.2,False,False,True,False,False,Day
A-3115,2,2022-01-27 10:27:58,Los Angeles,Los Angeles,CA,34.03510080073913,-118.20624028099532,Fair,75.3,93.7,8.2,7.8,False,False,True,False,False,Day
A-3116,3,2022-10-11 08:41:16,Seattle,King,WA,47.70011866017346,-122.24725012673527,Cloudy,54.7,59.8,10.0,0.0,False,False,True,False,False,Day
A-3117,2,2022-11-25 16:53:06,Orlando,Orange,FL,28.562859286339243,-81.41394182081093,Overcast,85.8,72.2,7.9,7.5,False,False,False,False,False,Day
A-3118,2,2022-02-05 07:36:39,Los Angeles,Los Angeles,CA,34.1267465557996,-118.33580609077379,Cloudy,43.5,76.5,10.0,5.9,False,False,False,False,False,Day
A-3119,2,2022-11-23 07:42:08,Miami,Miami-Dade,FL,25.72270051714939,-80.15932013752504,Fair,58.2,23.7,7.7,4.8,False,False,False,True,True,Day
A-3120,2,2022-06-28 13:08:22,Miami,Miami-Dade,FL,25.74075607138531,-80.12358324061279,Fair,74.8,57.7,6.7,2.8,False,False,True,False,True,Day
A-3121,2,2022-01-26 08:31:51,Miami,Miami-Dade,FL,25.77398370884275,-80.18532596105449,Clear,57.8,55.6,8.4,14.2,False,False,False,False,False,Day
A-3122,2,2022-07-29 15:16:47,Miami,Miami-Dade,FL,25.73874419745956,-80.06009873833892,Rain,102.0,59.5,8.5,2.5,False,False,False,False,False,Day
A-3123,2,2022-08-27 06:57:21,Los Angeles,Los Angeles,CA,34.10458621995101,-118.28555762730626,Clear,75.0,45.6,7.0,6.2,False,False,False,True,True,Day
A-3124,3,2022-08-03 15:52:50,Houston,Harris,TX,29.81378238558583,-95.4069094890512,Fair,79.8,63.3,8.2,4.9,False,False,False,False,True,Day
A-3125,1,2022-10-10 08:05:33,Orlando,Orange,FL,28.526346846020626,-81.41698841012433,Light Rain,53.6,67.1,7.9,2.8,False,True,False,False,False,Day
A-3126,2,2022-07-03 00:31:24,Dallas,Dallas,TX,32.80959855903999,-96.79264505268941,Fair,79.5,39.9,9.0,10.1,True,False,False,False,False,Night
A-3127,2,2022-12-30 06:37:37,Orlando,Orange,FL,28.640392704343153,-81.3736994366955,Overcast,77.2,60.8,10.0,8.8,False,False,False,False,False,Day
A-3128,3,2022-03-03 19:57:55,Los Angeles,Los Angeles,CA,34.104429872368925,-118.28218892660682,Overcast,88.5,55.0,8.8,5.0,False,False,False,False,False,Night
A-3129,2,2022-05-20 17:23:13,Chicago,Cook,IL,41.91070007279264,-87.57363331069446,Clear,32.1,84.1,7.1,3.3,False,False,False,False,False,Day
A-3130,2,2022-04-11 07:29:39,Seattle,King,WA,47.67096583808025,-122.31870968692631,Fair,53.3,71.6,8.3,9.1,False,False,False,False,False,Day
A-3131,2,2022-05-13 16:43:34,Austin,Travis,TX,30.351241008364706,-97.79484090782961,Cloudy,70.0,44.6,10.0,8.7,False,False,False,False,False,Day
A-3132,2,2022-07-10 14:54:04,Austin,Travis,TX,30.34309571431115,-97.71241340765121,Fair,70.5,79.6,7.7,6.4,False,False,False,False,True,Day
A-3133,2,2022-02-06 20:01:39,Atlanta,Fulton,GA,33.745401069814136,-84.40901798127314,Fair,64.3,59.0,7.1,12.7,False,False,False,False,True,Night
A-3134,2,2022-04-29 09:53:48,Charlotte,Mecklenburg,NC,35.272214249993596,-80.83802115161292,Fair,42.1,61.3,5.9,13.3,True,False,False,False,False,Day
A-3135,3,2022-02-23 15:33:10,Miami,Miami-Dade,FL,25.74679697696429,-80.14743421450184,Clear,67.9,41.5,7.6,5.0,True,False,False,False,False,Day
A-3136,2,2022-03-23 05:10:08,Dallas,Dallas,TX,32.773977795452595,-96.74704456273145,Fair,69.6,64.0,10.0,15.4,False,True,False,False,True,Night
A-3137,2,2022-07-09 10:55:33,Orlando,Orange,FL,28.562262080992728,-81.33337173886127,Clear,65.0,78.9,7.5,5.9,False,False,False,False,False,Day
A-3138,2,2022-12-12 20:36:31,Orlando,Orange,FL,28.46587769088393,-81.37671512034986,Clear,64.4,55.2,8.9,6.0,False,False,False,False,True,Night
A-3139,2,2022-09-02 13:31:16,Charlotte,Mecklenburg,NC,35.24553215702249,-80.89183997246968,Fair,79.1,91.6,8.0,9.9,False,False,False,False,False,Day
A-3140,4,2022-01-24 08:47:42,Los Angeles,Los Angeles,CA,34.01762793123043,-118.25963065855694,Fair,62.7,78.1,7.9,8.4,False,False,False,False,True,Day
A-3141,2,2022-05-20 06:33:38,Houston,Harris,TX,29.701094486113593,-95.36864029423866,Clear,46.2,43.3,10.0,7.1,False,False,False,False,True,Day
A-3142,3,2022-04-03 16:29:49,Atlanta,Fulton,GA,33.78874570308547,-84.310690881869,Overcast,86.1,65.2,8.7,0.0,False,False,False,True,False,Day
A-3143,3,2022-01-07 15:22:40,Dallas,Dallas,TX,32.763660690631376,-96.82330363366502,Fair,85.2,32.5,6.5,0.6,True,False,False,False,False,Day
A-3144,2,2022-04-08 09:34:22,Charlotte,Mecklenburg,NC,35.238099348414075,-80.83301218653698,Rain,64.4,40.7,5.9,1.9,False,False,False,False,False,Day
A-3145,3,2022-04-26 19:57:36,Miami,Miami-Dade,FL,25.74988125880619,-80.25344814493107,Fair,78.1,25.2,6.9,7.0,False,False,False,False,False,Night
A-3146,2,2023-01-01 02:22:38,Houston,Harris,TX,29.729567794810702,-95.3527733759894,Clear,42.1,27.9,6.7,4.9,False,False,False,False,True,Night
A-3147,2,2022-06-05 08:18:48,Atlanta,Fulton,GA,33.75487852192405,-84.39027129573934,Overcast,62.8,54.1,10.0,5.5,False,False,False,False,False,Day
A-3148,2,2022-11-19 18:29:20,Dallas,Dallas,TX,32.70858758764021,-96.80346129148549,Fair,39.3,56.2,8.6,5.8,False,False,False,False,False,Day
A-3149,2,2022-12-01 08:25:50,Austin,Travis,TX,30.26238804813056,-97.70076857859016,Fair,81.9,64.5,9.1,10.9,False,False,False,False,True,Day
A-3150,2,2022-10-31 07:49:50,Houston,Harris,TX,29.85943665991426,-95.40408720368598,Fair,42.6,42.1,8.5,10.1,False,False,False,False,False,Day
A-3151,2,2022-02-01 13:35:25,Dallas,Dallas,TX,32.7167261720705,-96.72695603713751,Clear,58.8,76.7,8.6,5.3,False,True,False,False,False,Day
A-3152,2,2022-05-24 17:35:03,Miami,Miami-Dade,FL,25.83300791503581,-80.22978060530238,Clear,68.2,55.7,10.0,5.8,False,True,False,False,False,Day
A-3153,2,2022-06-04 06:01:28,Orlando,Orange,FL,28.642639890221762,-81.31089732005309,Clear,77.4,66.2,10.0,3.5,False,False,False,False,False,Day
A-3154,2,2022-03-19 19:54:42,Houston,Harris,TX,29.72112459066042,-95.44960813105233,Fair,72.9,10.0,10.0,5.7,True,False,False,False,False,Night
A-3155,2,2022-01-05 17:20:21,Houston,Harris,TX,29.776780447917094,-95.35450781493603,Light Rain,82.1,60.1,7.2,12.2,False,False,False,False,True,Day
A-3156,1,2022-08-19 07:00:35,Dallas,Dallas,TX,32.711713531494226,-96.76648516108311,Overcast,77.1,75.7,8.2,10.7,False,True,False,False,False,Day
A-3157,2,2022-12-12 16:04:40,Atlanta,Fulton,GA,33.676531478357205,-84.40598745846343,Clear,84.6,14.5,9.4,8.5,False,False,False,False,False,Day
A-3158,2,2022-04-14 09:21:03,Los Angeles,Los Angeles,CA,34.06055850064675,-118.22981087367478,Light Rain,38.7,60.7,10.0,2.7,True,False,False,False,False,Day
A-3159,2,2022-11-19 10:55:55,Austin,Travis,TX,30.28765900819044,-97.76127971674632,Fair,57.7,44.2,7.6,6.8,False,False,False,False,True,Day
A-3160,2,2022-03-26 16:00:14,Miami,Miami-Dade,FL,25.73335424652389,-80.16941203771614,Clear,71.8,90.8,10.0,5.5,False,False,False,False,True,Day
A-3161,2,2022-03-19 20:23:03,Houston,Harris,TX,29.70385030801704,-95.35728191158314,Overcast,88.6,34.3,7.8,6.4,False,False,False,False,False,Night
A-3162,2,2022-12-26 06:17:16,Los Angeles,Los Angeles,CA,34.013003630455856,-118.13285343217049,Clear,57.4,100.0,10.0,10.2,False,True,False,False,True,Day
A-3163,4,2022-09-06 10:49:44,Miami,Miami-Dade,FL,25.80625466446657,-80.26072907751566,Clear,94.5,85.8,9.2,11.3,False,False,False,False,False,Day
A-3164,2,2022-05-28 12:00:01,Charlotte,Mecklenburg,NC,35.27199621263331,-80.83305367400398,Clear,70.3,62.3,6.9,16.8,True,False,False,False,False,Day
A-3165,1,2022-01-29 09:21:31,Los Angeles,Los Angeles,CA,34.084325453061126,-118.26474029995212,Fair,54.3,31.3,8.8,3.4,False,False,False,False,False,Day
A-3166,2,2022-09-20 09:16:11,Charlotte,Mecklenburg,NC,35.20781979021042,-80.83687189384486,Clear,47.7,50.8,10.0,11.9,False,True,False,False,False,Day
A-3167,2,2022-03-12 04:29:43,Atlanta,Fulton,GA,33.69522191513694,-84.39479274485464,Overcast,76.0,73.7,3.2,6.5,False,False,False,False,True,Night
A-3168,2,2022-07-01 15:53:37,Los Angeles,Los Angeles,CA,34.1178380329503,-118.261125873298,Fair,55.4,62.2,10.0,4.1,False,False,False,False,False,Day
A-3169,2,2022-09-11 11:59:48,Austin,Travis,TX,30.349258395473623,-97.76925281194607,Fair,60.9,38.0,6.1,15.7,False,False,False,False,False,Day
A-3170,2,2022-10-05 07:48:30,Houston,Harris,TX,29.734154615129682,-95.33408109463565,Clear,67.4,82.2,8.6,14.0,False,False,False,True,True,Day
A-3171,2,2022-08-09 17:01:52,Dallas,Dallas,TX,32.7687549690999,-96.81565659312206,Overcast,68.0,58.1,8.8,5.9,False,False,False,False,False,Day
A-3172,3,2022-02-27 17:10:33,Miami,Miami-Dade,FL,25.68834745551197,-80.19288624980221,Fair,93.7,65.7,3.5,4.1,False,False,False,False,True,Day
A-3173,2,2022-10-29 12:53:34,Los Angeles,Los Angeles,CA,34.078896869902955,-118.23441243160713,Fair,70.9,79.9,7.8,0.0,False,False,False,False,False,Day
A-3174,2,2022-12-31 08:32:20,Los Angeles,Los Angeles,CA,34.1559893110621,-118.27992608405773,Overcast,55.9,77.6,9.8,12.0,False,False,False,False,False,Day
A-3175,3,2022-05-01 15:50:25,Los Angeles,Los Angeles,CA,34.099381540890846,-118.21323610720177,Clear,53.8,81.6,10.0,0.0,True,True,False,False,False,Day
A-3176,2,2022-11-14 08:25:36,Los Angeles,Los Angeles,CA,34.162799909976705,-118.29163210865501,Fair,90.0,74.0,10.0,6.4,False,True,False,False,False,Day
A-3177,3,2022-01-04 07:32:10,Dallas,Dallas,TX,32.757180795029484,-96.77233303568445,Fair,57.3,46.6,10.0,3.4,True,False,False,False,False,Day
A-3178,2,2022-04-23 16:01:12,Seattle,King,WA,47.5408192579906,-122.31200566167755,Fair,73.8,59.2,4.7,12.6,False,False,False,False,False,Day
A-3179,2,2022-12-05 04:17:25,Austin,Travis,TX,30.342415400135117,-97.74975095269657,Clear,67.9,87.0,8.4,14.4,False,False,False,False,False,Night
A-3180,2,2022-10-21 05:04:58,Orlando,Orange,FL,28.5468902245358,-81.43394272534223,Clear,71.3,33.0,10.0,0.2,False,False,False,False,False,Night
A-3181,4,2022-11-16 00:51:01,Los Angeles,Los Angeles,CA,34.00754713476585,-118.24336307273465,Clear,86.0,37.4,10.0,7.3,False,False,False,False,False,Night
A-3182,2,2022-11-30 06:11:10,Miami,Miami-Dade,FL,25.855316042035987,-80.24341753752836,Thunderstorm,69.2,70.8,8.0,8.1,False,False,False,False,True,Day
A-3183,3,2022-12-04 05:08:09,Miami,Miami-Dade,FL,25.731396541045182,-80.19739959573174,Clear,77.3,58.2,9.2,5.8,False,False,False,False,False,Night
A-3184,2,2022-03-04 23:05:14,Miami,Miami-Dade,FL,25.705710506233228,-80.15235514697679,Clear,69.6,26.5,10.0,4.4,False,False,False,False,False,Night
A-3185,2,2022-04-18 08:21:52,Charlotte,Mecklenburg,NC,35.257180524129375,-80.84387235461787,Overcast,58.2,74.0,10.0,13.3,False,True,False,False,False,Day
A-3186,3,2022-08-14 06:28:20,Charlotte,Mecklenburg,NC,35.16201259390443,-80.78039822753425,Fair,72.4,69.1,8.7,4.9,False,False,False,False,False,Day
A-3187,2,2022-06-15 07:53:55,Houston,Harris,TX,29.811517534449823,-95.35504582438764,Fair,55.2,100.0,8.5,14.9,False,False,False,False,True,Day
A-3188,4,2022-08-12 19:29:20,Houston,Harris,TX,29.70278438440391,-95.33113470634379,Fair,47.5,63.9,9.9,4.4,True,False,False,False,False,Night
A-3189,2,2022-09-03 13:35:54,Austin,Travis,TX,30.279774501733137,-97.7072644199232,Fair,73.7,100.0,10.0,10.1,False,False,False,False,False,Day
A-3190,3,2022-08-27 09:45:19,Austin,Travis,TX,30.283033982989497,-97.6727443020663,Fair,72.0,79.7,8.2,10.3,False,False,False,False,False,Day
A-3191,2,2022-04-06 17:59:39,Miami,Miami-Dade,FL,25.774945916861295,-80.2570556993349,Clear,70.4,22.4,5.3,4.3,False,False,False,False,False,Day
A-3192,2,2022-04-23 10:46:30,Atlanta,Fulton,GA,33.68461530930673,-84.41414956368111,Overcast,64.7,60.6,8.8,0.0,False,False,False,False,False,Day
A-3193,3,2022-02-13 08:21:55,Chicago,Cook,IL,41.868373429290244,-87.62840508426542,Clear,63.9,58.7,6.5,3.6,False,False,False,False,False,Day
A-3194,2,2022-05-31 07:24:31,Miami,Miami-Dade,FL,25.83037940546687,-80.15176593221689,Clear,48.7,58.2,10.0,2.3,False,False,False,False,False,Day
A-3195,1,2022-03-11 09:12:57,Houston,Harris,TX,29.750299164067915,-95.36138163667563,Clear,37.1,42.7,7.1,10.3,False,False,False,False,True,Day
A-3196,2,2022-10-09 08:49:36,Charlotte,Mecklenburg,NC,35.169555982836194,-80.84342071508888,Overcast,78.3,76.0,8.8,5.5,False,False,False,False,False,Day
A-3197,2,2022-11-29 15:00:38,Atlanta,Fulton,GA,33.72674644504323,-84.33648088930941,Fair,78.1,53.1,7.6,12.5,False,True,False,False,False,Day
A-3198,4,2022-12-31 08:31:40,Seattle,King,WA,47.54328517358281,-122.34898617990468,Overcast,61.2,83.5,8.0,9.3,False,True,False,False,False,Day
A-3199,2,2022-04-18 14:05:24,Los Angeles,Los Angeles,CA,33.94311338848494,-118.26291226379188,Cloudy,87.1,80.6,10.0,6.2,False,False,False,False,True,Day
A-3200,2,2022-07-30 05:17:21,Houston,Harris,TX,29.75157795413235,-95.3437593193877,Clear,72.5,55.2,10.0,7.3,False,False,False,False,False,Night
A-3201,2,2022-12-09 07:35:08,Charlotte,Mecklenburg,NC,35.23210052496709,-80.7233990092511,Clear,70.1,47.9,10.0,1.7,False,False,False,False,True,Day
A-3202,3,2022-07-03 10:02:32,Charlotte,Mecklenburg,NC,35.26204424673923,-80.8440854644199,Fair,95.3,48.8,10.0,6.2,False,False,False,False,False,Day
A-3203,2,2022-12-19 19:43:56,Los Angeles,Los Angeles,CA,34.075568263574255,-118.27600734134431,Clear,46.2,60.5,7.9,7.6,True,False,False,False,True,Night
A-3204,2,2022-09-14 09:04:14,Seattle,King,WA,47.63693237078549,-122.36044654039188,Clear,64.3,66.4,6.8,5.5,True,False,False,False,False,Day
A-3205,2,2022-05-13 15:08:44,Orlando,Orange,FL,28.536246473500817,-81.3974955484883,Light Rain,52.2,51.0,7.5,4.7,False,False,False,False,False,Day
A-3206,2,2022-08-10 07:23:44,Seattle,King,WA,47.71257496385513,-122.26579769126114,Cloudy,59.5,51.7,9.9,11.0,False,False,False,False,False,Day
A-3207,3,2022-11-24 06:21:38,Seattle,King,WA,47.564124956423036,-122.35040253530491,Clear,64.0,65.7,10.0,3.2,False,False,False,False,False,Day
A-3208,2,2022-02-15 05:21:36,Orlando,Orange,FL,28.52244443596245,-81.36397092689401,Overcast,64.3,80.7,6.5,9.3,False,True,False,False,False,Night
A-3209,2,2022-12-23 08:38:19,Houston,Harris,TX,29.84333180388083,-95.37439777331687,Cloudy,48.9,64.9,8.3,11.4,False,False,False,False,False,Day
A-3210,2,2022-01-09 06:25:24,Dallas,Dallas,TX,32.757204440346,-96.86265727811843,Clear,66.0,59.4,8.5,9.0,False,True,False,False,True,Day
A-3211,3,2022-09-20 07:12:14,Los Angeles,Los Angeles,CA,34.04668913613722,-118.26008544149566,Fair,52.6,64.7,7.5,2.2,True,False,False,False,False,Day
A-3212,2,2022-12-16 16:05:51,Orlando,Orange,FL,28.558509232095904,-81.50292308291651,Clear,82.9,24.1,10.0,7.5,False,False,False,False,False,Day
A-3213,2,2022-03-06 01:31:10,Los Angeles,Los Angeles,CA,34.11057305948557,-118.23494496224842,Clear,76.5,55.4,10.0,10.6,False,False,False,False,False,Night
A-3214,2,2022-12-17 13:32:01,Orlando,Orange,FL,28.545400155261824,-81.35472274689268,Clear,70.2,34.9,10.0,5.8,True,False,False,False,False,Day
A-3215,3,2022-01-03 09:14:35,Miami,Miami-Dade,FL,25.717512799576983,-80.2340800263463,Heavy Rain,57.9,49.1,10.0,3.6,False,False,False,False,False,Day
A-3216,2,2022-05-11 12:14:42,Los Angeles,Los Angeles,CA,34.0316961580692,-118.27080474168578,Fair,67.3,41.7,10.0,3.4,False,False,False,False,True,Day
A-3217,2,2022-03-06 14:33:51,Los Angeles,Los Angeles,CA,34.07920030524511,-118.31072597426741,Light Rain,75.6,41.4,8.1,8.3,False,False,False,False,False,Day
A-3218,2,2022-08-08 08:09:51,Los Angeles,Los Angeles,CA,34.03744449944632,-118.35451658693057,Clear,59.9,40.3,10.0,5.7,True,False,False,True,False,Day
A-3219,2,2022-05-31 08:02:50,Orlando,Orange,FL,28.514934951155904,-81.45450881764764,Clear,41.1,100.0,5.1,4.5,False,False,False,False,True,Day
A-3220,4,2022-09-23 16:02:39,Orlando,Orange,FL,28.491700011123495,-81.3465997847016,Light Rain,75.8,58.9,10.0,0.0,False,True,False,False,False,Day
A-3221,2,2022-12-09 17:43:13,Charlotte,Mecklenburg,NC,35.28677411576315,-80.8588135547751,Fair,72.9,84.1,9.7,14.2,False,False,False,False,True,Day
A-3222,3,2022-08-31 07:11:14,Los Angeles,Los Angeles,CA,34.04612112411238,-118.23323149430468,Light Rain,69.8,75.2,9.2,5.7,False,False,False,False,False,Day
A-3223,2,2022-09-06 06:47:45,Los Angeles,Los Angeles,CA,34.046438145569965,-118.14165264699423,Clear,53.6,73.8,7.4,10.3,False,True,False,False,True,Day
A-3224,2,2022-03-28 18:06:39,Los Angeles,Los Angeles,CA,34.086194483735305,-118.19376052640168,Rain,79.4,70.9,10.0,12.4,False,False,False,False,False,Day
A-3225,2,2022-11-03 09:29:17,Los Angeles,Los Angeles,CA,33.984081998305726,-118.21674821272705,Fair,82.2,100.0,7.0,20.6,False,False,False,False,False,Day
A-3226,4,2022-08-05 13:05:57,Atlanta,Fulton,GA,33.751099356260056,-84.41223661890966,Clear,69.2,68.6,10.0,9.7,False,False,False,False,False,Day
A-3227,2,2022-03-16 09:03:54,Miami,Miami-Dade,FL,25.836966086300976,-80.11383040964557,Cloudy,59.1,24.4,10.0,8.3,False,False,False,False,True,Day
A-3228,3,2022-01-16 06:50:58,Houston,Harris,TX,29.757208325563685,-95.30803731311025,Overcast,59.4,56.5,9.9,0.8,False,False,False,False,False,Day
A-3229,2,2022-11-11 14:25:43,Los Angeles,Los Angeles,CA,34.06317578080813,-118.19904354293608,Clear,59.1,39.1,7.0,0.0,False,False,False,False,True,Day
A-3230,2,2022-03-07 13:10:51,Miami,Miami-Dade,FL,25.771558542199223,-80.19204601674966,Snow,58.4,32.0,7.7,0.0,False,False,False,False,False,Day
A-3231,3,2022-07-05 07:19:09,Charlotte,Mecklenburg,NC,35.28016721858764,-80.88932674151977,Cloudy,59.7,68.6,6.0,6.3,False,False,False,False,False,Day
A-3232,4,2022-12-23 11:13:35,Dallas,Dallas,TX,32.786761246551045,-96.72113419337998,Clear,69.8,18.5,10.0,3.0,False,False,False,False,False,Day
A-3233,2,2022-07-02 17:20:07,Miami,Miami-Dade,FL,25.885129244683135,-80.14827424203465,Clear,78.4,62.2,9.1,5.1,False,False,False,False,False,Day
A-3234,2,2022-06-18 14:30:24,Los Angeles,Los Angeles,CA,34.063763816788075,-118.2538785089709,Fair,86.8,27.0,7.9,12.7,False,False,False,False,True,Day
A-3235,1,2022-04-18 06:41:28,Houston,Harris,TX,29.738612361038626,-95.3836386217089,Clear,51.3,56.5,8.7,9.1,False,False,False,False,False,Day
A-3236,2,2022-07-30 13:02:20,Miami,Miami-Dade,FL,25.837297341543476,-80.25287876835225,Fair,53.8,75.5,10.0,6.9,False,False,False,False,False,Day
A-3237,2,2022-01-25 16:13:57,Miami,Miami-Dade,FL,25.751165693114814,-80.15378207233707,Overcast,77.7,46.9,6.7,7.8,True,False,False,False,False,Day
A-3238,2,2022-07-23 17:30:10,Chicago,Cook,IL,41.84811992755567,-87.6212758415402,Cloudy,51.3,36.3,8.1,4.2,False,False,False,False,False,Day
A-3239,2,2022-11-17 15:52:45,Dallas,Dallas,TX,32.717278639552056,-96.77711213035117,Fair,47.6,53.2,5.8,5.1,False,False,False,False,True,Day
A-3240,2,2022-04-03 06:03:19,Charlotte,Mecklenburg,NC,35.25103795529624,-80.7965850822462,Clear,50.9,72.4,6.9,1.5,False,False,False,False,True,Day
A-3241,4,2022-05-28 16:19:10,Houston,Harris,TX,29.73752698403839,-95.33370271117825,Heavy Rain,62.4,66.1,8.5,10.1,False,False,False,False,False,Day
A-3242,2,2022-07-25 15:43:17,Houston,Harris,TX,29.72153228126795,-95.41354905276742,Clear,89.5,58.6,10.0,14.1,False,False,False,False,True,Day
A-3243,2,2022-01-07 02:43:32,Charlotte,Mecklenburg,NC,35.19880934391913,-80.8419810932968,Clear,63.1,43.3,10.0,12.4,False,False,False,False,False,Night
A-3244,4,2022-12-13 10:35:17,Orlando,Orange,FL,28.520133977034718,-81.35856000612526,Cloudy,69.1,51.9,10.0,7.1,False,False,False,False,True,Day
A-3245,2,2022-11-02 08:30:34,Orlando,Orange,FL,28.579935736096516,-81.35478759100259,Overcast,47.0,73.8,10.0,10.8,False,False,False,False,False,Day
A-3246,2,2022-06-16 15:37:14,Los Angeles,Los Angeles,CA,34.07637679369678,-118.32321366601968,Snow,81.1,57.3,7.1,9.2,True,False,False,False,True,Day
A-3247,2,2022-03-31 07:21:00,Charlotte,Mecklenburg,NC,35.21987298897758,-80.89340160815168,Fog,78.1,64.8,10.0,7.7,False,False,False,False,False,Day
A-3248,2,2022-04-06 14:12:54,Houston,Harris,TX,29.78844195990441,-95.3369328067353,Rain,58.0,52.8,10.0,8.4,False,False,True,True,False,Day
A-3249,3,2022-03-20 18:20:44,Seattle,King,WA,47.60088296909716,-122.2999954319005,Fair,54.7,37.4,10.0,1.7,False,False,False,False,True,Day
A-3250,2,2022-10-07 17:03:06,Dallas,Dallas,TX,32.78702833062525,-96.71651562116578,Clear,79.4,100.0,10.0,5.1,True,False,False,False,False,Day
A-3251,2,2022-03-17 18:58:12,Charlotte,Mecklenburg,NC,35.19375298828982,-80.92060261929224,Fair,61.6,75.7,8.8,4.3,False,False,False,False,False,Day
A-3252,2,2022-07-08 21:43:15,Los Angeles,Los Angeles,CA,34.0193148007016,-118.19881922415682,Clear,55.0,65.5,8.0,1.0,False,False,False,False,False,Night
A-3253,4,2022-03-22 01:13:50,Dallas,Dallas,TX,32.78426737837565,-96.7781833358914,Clear,59.5,56.7,4.5,9.3,False,True,False,False,False,Night
A-3254,2,2022-05-13 15:58:57,Los Angeles,Los Angeles,CA,34.05987951281724,-118.29624543655271,Clear,68.6,88.4,9.3,9.8,False,False,False,True,False,Day
A-3255,2,2022-12-28 10:40:55,Miami,Miami-Dade,FL,25.812259041339395,-80.28017458676413,Clear,76.0,44.1,8.9,0.0,True,False,False,True,False,Day
A-3256,2,2022-07-24 17:53:09,Los Angeles,Los Angeles,CA,34.07716623071137,-118.19665445580604,Fair,69.8,73.4,7.7,6.9,False,False,False,False,False,Day
A-3257,2,2022-09-13 07:29:43,Orlando,Orange,FL,28.51370266607901,-81.42837653502608,Fair,69.1,60.8,8.0,5.6,False,False,False,False,False,Day
A-3258,2,2022-02-26 22:17:18,Miami,Miami-Dade,FL,25.697696354632658,-80.25750787754211,Fair,61.4,54.7,10.0,4.5,False,True,False,False,False,Night
A-3259,2,2022-06-08 14:43:21,Houston,Harris,TX,29.80452954130396,-95.34712344833638,Light Rain,67.2,54.5,5.2,0.4,False,False,False,False,False,Day
A-3260,2,2022-06-01 17:56:55,Atlanta,Fulton,GA,33.76558355504293,-84.38848315387975,Cloudy,59.1,86.1,10.0,7.2,False,False,False,False,False,Day
A-3261,2,2022-12-05 05:59:29,Miami,Miami-Dade,FL,25.810161139959643,-80.16306838573139,Rain,61.0,22.6,10.0,7.1,False,False,False,False,False,Night
A-3262,2,2022-01-23 07:31:41,Charlotte,Mecklenburg,NC,35.25003813979871,-80.82157090842543,Fair,86.3,93.3,8.3,5.5,False,False,False,False,False,Day
A-3263,2,2022-01-25 16:04:49,Houston,Harris,TX,29.85064812615407,-95.20252626542009,Clear,65.6,80.5,8.8,10.2,False,False,False,False,False,Day
A-3264,3,2022-07-24 02:29:47,Los Angeles,Los Angeles,CA,34.041381008091086,-118.20752489154782,Clear,59.5,60.7,9.6,10.1,False,True,False,False,True,Night
A-3265,2,2022-01-29 17:56:26,Austin,Travis,TX,30.269270413373665,-97.7101212549832,Cloudy,54.9,55.3,10.0,0.0,False,False,False,False,True,Day
A-3266,2,2022-03-26 01:36:06,Los Angeles,Los Angeles,CA,34.09172353659174,-118.2878130299552,Light Rain,32.0,59.8,10.0,10.1,False,False,False,False,True,Night
A-3267,2,2022-06-26 15:14:50,Charlotte,Mecklenburg,NC,35.270250790161896,-80.76498205829586,Clear,96.3,69.7,7.9,3.2,False,False,False,False,True,Day
A-3268,2,2022-10-09 09:07:55,Charlotte,Mecklenburg,NC,35.24345479776963,-80.86836613912094,Light Rain,97.9,84.7,10.0,5.9,False,False,False,False,False,Day
A-3269,2,2022-06-07 14:10:59,Dallas,Dallas,TX,32.69714528499406,-96.84251963564557,Fair,74.4,69.7,8.6,13.6,False,False,False,False,True,Day
A-3270,3,2022-03-12 16:33:34,Orlando,Orange,FL,28.4499017197094,-81.38977457893773,Clear,49.5,65.6,8.2,6.8,False,False,False,False,True,Day
A-3271,2,2022-10-24 08:10:59,Miami,Miami-Dade,FL,25.74240253200517,-80.16979465294409,Cloudy,106.0,60.5,8.5,11.1,False,False,False,False,True,Day
A-3272,4,2022-06-05 06:37:00,Los Angeles,Los Angeles,CA,34.0532907525278,-118.2667913286455,Fair,43.9,23.1,10.0,6.0,False,False,False,True,False,Day
A-3273,4,2022-07-26 05:42:39,Orlando,Orange,FL,28.444900748913977,-81.42302157423902,Clear,70.9,26.8,7.9,10.7,False,False,False,False,False,Night
A-3274,2,2022-07-12 14:13:01,Charlotte,Mecklenburg,NC,35.22560953938668,-80.88798862272783,Fair,39.3,82.0,9.2,6.8,False,False,True,False,False,Day
A-3275,3,2022-02-15 13:31:47,Seattle,King,WA,47.63875935594514,-122.32181426741822,Overcast,32.4,69.4,8.0,5.9,False,False,False,False,False,Day
A-3276,2,2022-02-24 16:32:45,Austin,Travis,TX,30.26424001391727,-97.71508370982016,Fair,68.5,76.5,8.1,7.5,False,False,False,False,True,Day
A-3277,2,2022-11-02 12:05:40,Seattle,King,WA,47.62095632764326,-122.29998184093144,Clear,70.4,76.2,10.0,2.5,False,True,False,False,False,Day
A-3278,2,2022-10-14 10:10:45,Charlotte,Mecklenburg,NC,35.256490878222884,-80.92088164269153,Rain,66.8,72.3,9.0,4.9,False,False,False,False,False,Day
A-3279,2,2022-07-03 10:06:56,Miami,Miami-Dade,FL,25.681636593675723,-80.23332895340741,Clear,87.4,77.4,7.7,9.4,False,False,False,False,True,Day
A-3280,3,2022-11-22 02:47:21,Austin,Travis,TX,30.29982909104446,-97.69653941656308,Clear,64.3,42.9,8.1,10.4,False,False,True,False,True,Night
A-3281,3,2022-05-11 08:38:09,Houston,Harris,TX,29.723723312767657,-95.39101064797677,Fair,77.2,71.3,9.6,3.4,False,True,False,False,True,Day
A-3282,3,2022-06-18 21:05:48,Los Angeles,Los Angeles,CA,34.040294687875466,-118.23356773414508,Light Rain,53.3,69.1,8.9,13.9,False,False,False,False,False,Night
A-3283,2,2022-05-27 17:33:58,Seattle,King,WA,47.57314540752521,-122.20078448821094,Fair,84.4,86.5,9.0,14.2,False,False,False,False,False,Day
A-3284,2,2022-11-23 08:26:08,Seattle,King,WA,47.6598943208074,-122.44483019082085,Cloudy,85.7,10.0,8.4,3.3,False,False,False,False,True,Day
A-3285,2,2022-03-25 14:16:52,Houston,Harris,TX,29.701779021866404,-95.376262260762,Fog,61.2,100.0,10.0,5.2,False,False,False,False,False,Day
A-3286,2,2022-01-05 17:59:35,Los Angeles,Los Angeles,CA,34.12126726341056,-118.20830378249217,Overcast,70.6,77.0,10.0,6.9,False,False,False,False,False,Day
A-3287,2,2022-07-15 11:26:40,Houston,Harris,TX,29.879991385982102,-95.41888710166334,Clear,54.5,65.1,8.6,11.9,False,False,False,False,False,Day
A-3288,2,2022-08-09 01:34:44,Austin,Travis,TX,30.18964399630622,-97.74984351037452,Overcast,61.7,40.9,9.3,9.3,False,True,False,False,True,Night
A-3289,2,2022-03-05 05:56:20,Atlanta,Fulton,GA,33.7196973317752,-84.44801246655851,Cloudy,76.1,54.2,7.4,5.8,False,True,False,False,True,Night
A-3290,2,2022-03-02 12:22:54,Miami,Miami-Dade,FL,25.79232238626083,-80.16291033744857,Clear,72.3,66.9,8.9,1.9,True,False,False,False,False,Day
A-3291,2,2022-06-01 20:05:31,Los Angeles,Los Angeles,CA,34.002527507898364,-118.27725435992015,Clear,39.1,93.4,7.6,0.0,False,False,False,False,False,Night
A-3292,2,2022-03-09 15:41:58,Seattle,King,WA,47.59260625840453,-122.35363502866531,Cloudy,47.9,90.5,9.4,8.1,False,False,False,False,False,Day
A-3293,3,2022-09-20 05:16:38,Houston,Harris,TX,29.769193863095957,-95.3249634718662,Clear,56.2,72.4,8.8,14.3,False,False,False,False,False,Night
A-3294,1,2022-05-28 07:09:38,Charlotte,Mecklenburg,NC,35.191458949257786,-80.81529474058979,Clear,68.3,74.6,8.5,7.0,False,False,False,False,True,Day
A-3295,1,2022-04-07 16:37:23,Chicago,Cook,IL,41.88219915693686,-87.58113127753067,Cloudy,51.2,64.0,9.3,8.7,False,False,False,False,False,Day
A-3296,3,2022-03-24 17:43:35,Los Angeles,Los Angeles,CA,34.09963681372139,-118.15582475591141,Light Rain,43.8,39.7,9.6,7.8,False,False,False,False,False,Day
A-3297,4,2022-01-15 14:05:57,Dallas,Dallas,TX,32.77278424448519,-96.79331600953675,Clear,25.6,44.3,10.0,0.4,False,False,False,False,False,Day
A-3298,3,2022-05-14 15:15:44,Los Angeles,Los Angeles,CA,34.000267279323594,-118.13786606843631,Fair,96.3,79.3,10.0,13.3,True,False,False,False,False,Day
A-3299,1,2022-12-14 02:10:51,Houston,Harris,TX,29.818644331426952,-95.36011647140596,Cloudy,68.0,74.1,10.0,3.8,False,True,False,False,True,Night
A-3300,2,2022-10-27 17:20:44,Austin,Travis,TX,30.33665173377741,-97.67721813616859,Cloudy,43.4,47.7,8.3,3.8,False,False,True,False,False,Day
A-3301,4,2022-07-04 16:11:50,Houston,Harris,TX,29.778828984939345,-95.37124004098499,Thunderstorm,80.5,44.9,9.6,8.9,False,False,False,False,False,Day
A-3302,3,2022-01-18 08:53:40,Chicago,Cook,IL,41.82901038248636,-87.58778250258241,Cloudy,87.4,72.9,10.0,4.1,False,True,False,False,False,Day
A-3303,2,2022-04-11 16:16:37,Charlotte,Mecklenburg,NC,35.18321363681566,-80.86444543435586,Cloudy,68.2,54.0,8.8,1.8,False,False,False,False,False,Day
A-3304,2,2022-12-01 07:35:18,Miami,Miami-Dade,FL,25.6432782782144,-80.12482829167045,Snow,74.3,44.2,9.3,10.9,False,False,False,False,False,Day
A-3305,1,2022-08-04 04:01:16,Miami,Miami-Dade,FL,25.732093626237933,-80.13424888108995,Clear,84.6,66.8,9.3,7.5,False,False,False,False,False,Night
A-3306,1,2022-11-06 07:34:51,Houston,Harris,TX,29.813678972224277,-95.3804820123413,Clear,74.1,73.5,8.8,10.8,False,True,False,False,False,Day
A-3307,2,2022-03-10 07:00:17,Houston,Harris,TX,29.726201584127697,-95.36198860500954,Fair,74.5,38.0,10.0,5.5,False,False,False,False,False,Day
A-3308,1,2022-01-01 08:54:53,Los Angeles,Los Angeles,CA,34.00440336895474,-118.29090933429434,Fair,42.0,53.2,8.1,5.2,False,True,False,False,False,Day
A-3309,4,2022-09-07 10:26:24,Houston,Harris,TX,29.81154422082845,-95.32329757123524,Clear,24.1,74.6,10.0,8.0,False,False,False,False,True,Day
A-3310,2,2022-12-29 12:21:41,Houston,Harris,TX,29.817963984431376,-95.32776993209916,Clear,77.9,91.5,10.0,8.4,False,False,False,False,False,Day
A-3311,3,2022-10-07 12:56:53,Orlando,Orange,FL,28.511493441799683,-81.44083138485509,Cloudy,61.6,65.8,8.9,4.4,False,False,False,False,False,Day
A-3312,2,2022-05-16 08:11:15,Dallas,Dallas,TX,32.802172448370534,-96.68842549768675,Light Rain,58.2,49.8,8.2,4.0,False,False,False,False,False,Day
A-3313,2,2022-12-06 03:54:30,Orlando,Orange,FL,28.494912396765628,-81.35932193483141,Clear,79.6,43.4,8.9,10.6,False,False,False,False,False,Night
A-3314,2,2022-03-19 14:12:39,Los Angeles,Los Angeles,CA,34.03506839284949,-118.25531425858843,Fair,50.7,60.0,10.0,8.3,False,False,False,False,False,Day
A-3315,3,2022-05-20 10:01:07,Miami,Miami-Dade,FL,25.670694484609367,-80.13186467881073,Clear,64.5,59.2,10.0,8.1,False,True,False,False,False,Day
A-3316,2,2022-08-31 08:09:56,Dallas,Dallas,TX,32.794705107303635,-96.82310203241934,Cloudy,65.9,16.8,10.0,0.0,False,False,False,False,True,Day
A-3317,2,2022-10-21 17:42:40,Charlotte,Mecklenburg,NC,35.22195432351184,-80.7777517893184,Fair,75.3,26.1,8.8,8.0,True,False,False,False,False,Day
A-3318,3,2022-09-23 16:42:02,Los Angeles,Los Angeles,CA,34.01860363377042,-118.30251283739727,Rain,70.1,14.3,9.1,8.5,False,False,False,True,False,Day
A-3319,2,2022-04-28 17:17:57,Austin,Travis,TX,30.262598498320532,-97.75419625750993,Clear,70.1,60.3,10.0,5.7,False,False,False,False,False,Day
A-3320,4,2022-10-07 12:42:23,Austin,Travis,TX,30.25644745212937,-97.7474711156935,Fair,58.9,81.0,8.5,9.3,False,True,False,False,True,Day
A-3321,3,2022-10-25 06:33:58,Charlotte,Mecklenburg,NC,35.1857376970604,-80.87030222197983,Clear,59.3,78.2,10.0,4.2,True,False,False,False,True,Day
A-3322,4,2022-01-06 16:09:22,Los Angeles,Los Angeles,CA,34.07212753852335,-118.28053659436219,Fair,70.1,34.4,9.3,8.4,False,False,False,False,False,Day
A-3323,2,2022-10-11 07:53:11,Austin,Travis,TX,30.252302540856675,-97.76744253918433,Light Rain,57.5,41.7,10.0,0.9,True,False,False,False,True,Day
A-3324,2,2022-02-28 11:42:16,Dallas,Dallas,TX,32.769985986654454,-96.82361653938402,Rain,52.6,34.0,6.2,10.6,False,False,False,False,False,Day
A-3325,4,2022-02-13 05:16:14,Austin,Travis,TX,30.194166931722002,-97.76655386676437,Fair,84.3,61.8,7.8,3.9,True,False,False,False,False,Night
A-3326,2,2022-11-11 17:15:31,Austin,Travis,TX,30.260919121028696,-97.67138985381234,Overcast,54.9,78.5,8.3,8.7,False,False,False,False,False,Day
A-3327,2,2022-01-01 06:37:33,Austin,Travis,TX,30.258233501655866,-97.72143196545453,Clear,58.1,82.8,9.8,12.0,False,False,True,False,True,Day
A-3328,3,2022-09-19 18:33:39,Charlotte,Mecklenburg,NC,35.18581929598493,-80.84750323939207,Clear,83.4,46.4,8.2,10.9,False,False,False,False,True,Day
A-3329,2,2022-02-28 17:06:32,Los Angeles,Los Angeles,CA,34.078777187225214,-118.20545014030361,Light Rain,54.7,62.2,10.0,8.7,False,False,False,False,False,Day
A-3330,3,2022-09-27 11:42:51,Orlando,Orange,FL,28.432909573918376,-81.38396700211133,Clear,69.8,45.1,6.6,10.3,True,False,False,False,True,Day
A-3331,3,2022-03-08 16:17:03,Dallas,Dallas,TX,32.75259008114304,-96.83670509927252,Clear,71.1,60.5,10.0,13.0,False,True,False,False,False,Day
A-3332,3,2022-12-13 15:10:42,Orlando,Orange,FL,28.55379772136734,-81.45948498902351,Fair,63.6,47.3,10.0,7.5,False,False,False,False,False,Day
A-3333,2,2022-03-12 17:10:14,Los Angeles,Los Angeles,CA,34.15712545597899,-118.19425876141388,Fair,59.2,48.8,10.0,10.9,False,False,False,False,True,Day
A-3334,2,2022-12-26 11:16:33,Los Angeles,Los Angeles,CA,33.98391635325007,-118.35498492369351,Clear,48.1,33.6,8.4,2.3,False,False,False,False,False,Day
A-3335,2,2022-11-16 16:11:41,Atlanta,Fulton,GA,33.753431373138426,-84.4634316238758,Overcast,74.4,10.0,9.0,4.1,False,True,False,False,False,Day
A-3336,2,2022-12-26 11:34:07,Orlando,Orange,FL,28.565695139650007,-81.35396958535385,Fair,81.5,52.4,10.0,13.0,False,False,False,False,False,Day
A-3337,2,2022-05-15 19:01:30,Atlanta,Fulton,GA,33.752167396382255,-84.38886333731445,Fair,79.9,66.8,5.8,6.0,False,False,False,False,False,Night
A-3338,2,2022-11-04 12:00:13,Austin,Travis,TX,30.205582820383462,-97.67014118261619,Clear,70.6,64.1,7.7,4.9,False,False,False,False,False,Day
A-3339,2,2022-11-18 11:35:35,Dallas,Dallas,TX,32.75251637000732,-96.82920788591105,Fair,35.4,30.1,7.9,5.9,False,False,False,False,False,Day
A-3340,2,2022-11-01 16:04:00,Dallas,Dallas,TX,32.65461757062547,-96.75852871804167,Overcast,76.5,14.9,10.0,4.2,False,False,False,False,False,Day
A-3341,3,2022-07-08 17:18:32,Seattle,King,WA,47.60639329674161,-122.34092218158621,Rain,63.4,58.4,10.0,6.3,False,True,False,False,True,Day
A-3342,2,2022-03-10 13:53:29,Dallas,Dallas,TX,32.70590536314668,-96.7695391784825,Fog,56.1,36.8,10.0,2.8,False,False,False,False,False,Day
A-3343,2,2022-10-03 07:09:33,Dallas,Dallas,TX,32.799483047048035,-96.78850290625412,Fair,74.9,51.0,5.3,4.7,False,False,False,False,True,Day
A-3344,2,2022-10-21 12:39:45,Los Angeles,Los Angeles,CA,34.019528881062584,-118.21849863764193,Thunderstorm,68.4,36.6,6.9,7.3,False,False,False,False,True,Day
A-3345,3,2022-06-16 20:14:47,Charlotte,Mecklenburg,NC,35.189724258824995,-80.8323513628666,Clear,80.1,28.9,8.3,13.3,False,False,False,False,False,Night
A-3346,2,2022-03-11 16:43:33,Orlando,Orange,FL,28.54662751288017,-81.36452501796416,Clear,70.1,83.4,10.0,6.8,False,False,False,False,False,Day
A-3347,2,2022-12-04 17:29:34,Miami,Miami-Dade,FL,25.774712828181183,-80.24622745774857,Overcast,61.0,69.2,10.0,0.1,False,False,False,False,True,Day
A-3348,2,2022-03-03 03:17:18,Miami,Miami-Dade,FL,25.80526421509428,-80.18801683217438,Clear,59.8,59.5,6.6,11.0,False,False,False,False,False,Night
A-3349,2,2022-05-07 12:03:05,Miami,Miami-Dade,FL,25.748631904160344,-80.16166746203824,Clear,74.2,77.8,9.8,10.2,False,True,False,False,False,Day
A-3350,3,2022-06-25 15:32:31,Miami,Miami-Dade,FL,25.756410926756093,-80.19438261992549,Rain,44.9,60.3,3.9,3.8,False,False,False,False,False,Day
A-3351,3,2022-02-10 17:10:21,Miami,Miami-Dade,FL,25.69238379596108,-80.19688587109177,Overcast,57.5,52.4,9.6,10.2,False,False,False,True,False,Day
A-3352,2,2022-03-28 04:49:22,Houston,Harris,TX,29.832819971162593,-95.4639472927347,Clear,32.1,93.2,8.9,6.5,False,False,True,False,False,Night
A-3353,3,2022-06-23 17:25:59,Atlanta,Fulton,GA,33.70227797714899,-84.31129541890331,Overcast,71.3,94.5,8.8,12.8,False,False,False,False,False,Day
A-3354,3,2022-04-26 13:28:04,Charlotte,Mecklenburg,NC,35.263341734933476,-80.9114819162145,Light Rain,74.7,39.8,8.2,16.6,False,False,False,False,False,Day
A-3355,4,2022-03-28 07:59:33,Los Angeles,Los Angeles,CA,34.08880936462319,-118.27460761341409,Rain,53.5,65.5,8.8,8.6,False,False,True,False,True,Day
A-3356,2,2022-10-11 08:08:59,Los Angeles,Los Angeles,CA,34.0721951327364,-118.28311720631201,Fair,48.6,62.9,9.6,10.1,False,False,False,False,False,Day
A-3357,2,2022-11-20 08:28:43,Orlando,Orange,FL,28.526430481303674,-81.3643624099149,Cloudy,79.3,77.3,10.0,13.4,False,False,True,False,True,Day
A-3358,2,2022-02-17 13:26:53,Houston,Harris,TX,29.742263211590554,-95.3527019243304,Overcast,54.3,38.8,6.4,10.8,False,False,False,False,False,Day
A-3359,2,2022-09-16 04:16:04,Austin,Travis,TX,30.263996184133,-97.71013295175212,Cloudy,74.6,85.5,8.5,8.8,False,False,False,False,False,Night
A-3360,2,2022-06-09 06:12:41,Dallas,Dallas,TX,32.6815055734074,-96.7618097439318,Cloudy,64.8,41.5,10.0,6.6,False,False,False,False,False,Day
A-3361,3,2022-02-13 17:49:01,Austin,Travis,TX,30.265895048184934,-97.65692680589446,Fair,57.1,57.3,8.9,2.5,False,False,False,False,False,Day
A-3362,3,2022-02-05 06:42:12,Miami,Miami-Dade,FL,25.83598754698315,-80.20707104264918,Fair,73.7,37.3,9.2,5.9,False,False,False,False,False,Day
A-3363,3,2022-03-26 07:03:46,Orlando,Orange,FL,28.527007425556388,-81.42076272111325,Thunderstorm,65.5,49.3,7.8,6.1,False,True,False,False,True,Day
A-3364,2,2022-08-12 11:54:24,Miami,Miami-Dade,FL,25.760062991661524,-80.20354101472287,Clear,87.4,39.3,10.0,7.1,False,True,False,False,False,Day
A-3365,2,2022-10-23 13:47:41,Atlanta,Fulton,GA,33.69779412301147,-84.44326170983263,Clear,54.0,40.9,4.7,0.0,False,False,False,True,False,Day
A-3366,2,2022-02-13 16:08:58,Dallas,Dallas,TX,32.78598436544211,-96.81426241332606,Overcast,45.1,75.4,7.0,5.6,False,True,False,False,True,Day
A-3367,2,2022-09-13 11:44:37,Miami,Miami-Dade,FL,25.722801541819017,-80.26935320200091,Clear,64.8,59.1,10.0,6.0,False,False,False,False,False,Day
A-3368,3,2022-05-17 16:42:50,Miami,Miami-Dade,FL,25.804192825086893,-80.23358605780147,Fair,72.1,99.9,6.5,1.4,False,False,False,False,False,Day
A-3369,2,2022-08-26 14:44:22,Los Angeles,Los Angeles,CA,34.109266413144844,-118.32807345306065,Clear,62.2,55.6,7.3,8.6,False,False,False,False,True,Day
A-3370,3,2022-03-15 06:36:33,Orlando,Orange,FL,28.606279831274183,-81.31877422363763,Cloudy,92.0,44.3,7.4,10.7,False,False,False,False,False,Day
A-3371,2,2022-05-06 06:44:50,Miami,Miami-Dade,FL,25.689522858125123,-80.18624534034691,Heavy Rain,83.2,49.5,7.9,7.0,False,False,False,False,False,Day
A-3372,2,2022-02-22 11:46:31,Dallas,Dallas,TX,32.812835524949264,-96.70298414465779,Cloudy,57.1,56.9,9.0,2.0,False,False,False,False,False,Day
A-3373,2,2022-10-22 10:39:55,Miami,Miami-Dade,FL,25.794049497244366,-80.13627188623343,Clear,66.0,66.2,10.0,6.6,False,False,False,False,True,Day
A-3374,2,2022-02-01 16:04:16,Dallas,Dallas,TX,32.75594646958561,-96.73653987259618,Fog,37.9,52.0,10.0,9.9,False,False,False,False,False,Day
A-3375,2,2022-10-17 14:40:47,Austin,Travis,TX,30.326833876387074,-97.75008401386143,Clear,80.8,34.2,8.5,9.8,False,False,False,False,False,Day
A-3376,2,2022-12-27 09:27:12,Austin,Travis,TX,30.287922272516607,-97.71859842118354,Fair,54.8,78.7,10.0,6.8,False,False,False,False,False,Day
A-3377,2,2022-03-13 07:41:00,Austin,Travis,TX,30.335855792093323,-97.78792050360366,Fair,68.0,84.4,8.2,8.6,False,True,False,False,False,Day
A-3378,4,2022-12-13 07:49:18,Los Angeles,Los Angeles,CA,33.98881899051487,-118.27031841781134,Thunderstorm,61.1,51.5,9.1,4.5,False,True,False,True,False,Day
A-3379,3,2022-01-09 14:42:02,Los Angeles,Los Angeles,CA,34.016497233834635,-118.24299948960152,Clear,42.7,89.7,9.2,10.0,False,True,False,False,False,Day
A-3380,4,2022-02-23 10:18:41,Orlando,Orange,FL,28.542986177316337,-81.46615800973055,Cloudy,77.5,49.9,10.0,5.4,False,False,False,False,True,Day
A-3381,3,2022-05-27 13:51:45,Houston,Harris,TX,29.819029526654866,-95.39512477412273,Fair,49.1,80.9,6.7,3.9,False,False,False,False,False,Day
A-3382,3,2022-03-11 07:42:02,Houston,Harris,TX,29.78313997278369,-95.33015246480768,Clear,57.2,41.0,7.0,10.8,True,False,False,False,True,Day
A-3383,2,2022-08-08 15:42:17,Los Angeles,Los Angeles,CA,34.00478310092463,-118.26820931427817,Rain,77.8,100.0,10.0,7.5,False,False,False,False,True,Day
A-3384,2,2022-12-18 17:45:45,Miami,Miami-Dade,FL,25.85051711559379,-80.22861243579031,Fair,50.4,24.8,10.0,7.3,False,False,True,False,False,Day
A-3385,2,2022-03-07 08:28:08,Los Angeles,Los Angeles,CA,34.03746464109432,-118.26292258788982,Overcast,87.4,38.0,8.3,9.1,False,False,False,False,False,Day
A-3386,3,2022-04-03 12:16:59,Seattle,King,WA,47.56038327468705,-122.29469795973651,Clear,50.2,100.0,6.5,6.7,False,False,False,False,False,Day
A-3387,2,2022-10-29 21:35:51,Miami,Miami-Dade,FL,25.722945130310233,-80.17375130895294,Overcast,47.5,25.8,6.6,3.3,False,False,False,False,False,Night
A-3388,2,2022-10-02 08:23:09,Charlotte,Mecklenburg,NC,35.16048797272776,-80.8543643537166,Overcast,65.7,55.1,10.0,6.1,False,False,False,False,False,Day
A-3389,4,2022-07-13 14:28:38,Los Angeles,Los Angeles,CA,33.939834844518785,-118.24281851591304,Fair,89.5,49.4,5.6,1.0,False,False,False,False,True,Day
A-3390,1,2022-08-13 05:38:54,Dallas,Dallas,TX,32.77087032889471,-96.75414856315903,Fair,64.9,60.6,9.1,11.7,False,False,True,False,True,Night
A-3391,4,2022-07-29 14:53:49,Miami,Miami-Dade,FL,25.683969825615225,-80.12643055897479,Fog,79.7,65.1,8.6,2.6,False,True,False,False,True,Day
A-3392,3,2022-04-05 05:10:00,Atlanta,Fulton,GA,33.76468338487991,-84.41173878539237,Light Rain,44.9,55.2,7.6,14.8,False,False,False,False,False,Night
A-3393,2,2022-03-20 20:35:45,Seattle,King,WA,47.65541413251216,-122.33622233526334,Fair,59.5,74.8,7.3,3.8,False,False,False,False,False,Night
A-3394,2,2022-05-25 16:44:59,Miami,Miami-Dade,FL,25.780531002342318,-80.12955811753434,Cloudy,60.5,88.2,10.0,9.5,False,True,False,True,False,Day
A-3395,3,2022-11-06 16:50:07,Atlanta,Fulton,GA,33.7511993845817,-84.36185629900727,Overcast,46.1,48.4,10.0,14.5,False,False,False,False,False,Day
A-3396,2,2022-06-14 16:05:58,Chicago,Cook,IL,41.80105721055254,-87.69994577612475,Clear,41.1,24.3,10.0,8.0,False,False,False,False,False,Day
A-3397,3,2022-10-10 14:57:05,Austin,Travis,TX,30.309502467423357,-97.78775873004417,Fair,61.4,46.5,10.0,5.7,False,True,False,False,False,Day
A-3398,3,2022-10-09 11:36:11,Seattle,King,WA,47.70352819602549,-122.37520515919252,Snow,88.7,66.0,9.0,7.1,False,False,False,False,False,Day
A-3399,2,2022-01-28 17:40:48,Miami,Miami-Dade,FL,25.832113453738735,-80.21258421651436,Heavy Rain,68.3,63.2,9.3,3.5,False,False,False,False,True,Day
A-3400,1,2022-12-30 20:53:47,Dallas,Dallas,TX,32.71017323536744,-96.77850827793459,Light Rain,54.8,77.6,10.0,0.0,False,False,False,False,False,Night
A-3401,2,2022-01-18 12:13:48,Los Angeles,Los Angeles,CA,34.04830163040166,-118.14943880366009,Clear,34.4,97.3,5.6,9.4,False,False,False,False,False,Day
A-3402,2,2022-08-29 19:20:11,Los Angeles,Los Angeles,CA,34.0380634992603,-118.24784864528259,Thunderstorm,59.4,64.2,9.9,0.0,False,False,False,False,False,Night
A-3403,2,2022-03-14 14:33:07,Chicago,Cook,IL,41.858198169713226,-87.59682415359781,Cloudy,58.4,51.9,7.8,1.5,False,False,False,False,True,Day
A-3404,3,2022-09-13 13:20:47,Miami,Miami-Dade,FL,25.763053901912464,-80.13510933049514,Clear,70.8,45.5,9.8,7.2,False,False,False,False,True,Day
A-3405,2,2022-12-03 11:27:15,Orlando,Orange,FL,28.64655411087173,-81.30485912685148,Cloudy,61.2,56.3,6.9,4.4,False,False,False,False,False,Day
A-3406,3,2022-02-23 07:51:14,Austin,Travis,TX,30.27256786587936,-97.6863588047003,Light Rain,74.5,77.0,10.0,9.0,True,False,False,False,False,Day
A-3407,2,2022-05-02 00:14:35,Seattle,King,WA,47.583982842933985,-122.3694472920463,Clear,76.5,47.9,10.0,13.4,False,False,False,False,False,Night
A-3408,2,2022-07-14 07:42:37,Chicago,Cook,IL,41.8929951683162,-87.7023345276551,Rain,64.0,71.9,7.6,6.0,False,False,False,False,False,Day
A-3409,2,2022-06-01 12:08:34,Miami,Miami-Dade,FL,25.696034646069066,-80.22323114082815,Rain,64.2,38.3,8.1,4.6,True,True,False,False,False,Day
A-3410,3,2022-01-06 09:01:02,Los Angeles,Los Angeles,CA,34.01639620490039,-118.23527577141674,Clear,65.5,59.6,7.9,14.1,False,False,False,False,False,Day
A-3411,2,2022-05-11 11:09:27,Houston,Harris,TX,29.809711603676316,-95.40695153130059,Rain,38.8,29.0,9.1,9.7,False,False,False,False,True,Day
A-3412,2,2022-10-05 21:45:22,Los Angeles,Los Angeles,CA,34.06161721631829,-118.32495551313457,Heavy Rain,75.8,48.6,10.0,10.7,False,False,False,False,True,Night
A-3413,3,2022-07-28 09:15:29,Los Angeles,Los Angeles,CA,34.15728650438293,-118.30446823890158,Clear,90.5,89.6,5.4,10.4,False,False,False,False,True,Day
A-3414,2,2022-12-17 11:29:16,Houston,Harris,TX,29.773784022291967,-95.21947099096266,Clear,65.9,65.2,9.7,6.0,False,False,False,False,False,Day
A-3415,2,2022-06-08 06:00:48,Austin,Travis,TX,30.204908771843805,-97.75406481632602,Fair,53.3,57.3,9.9,5.5,False,False,False,True,False,Day
A-3416,2,2022-06-23 04:23:47,Charlotte,Mecklenburg,NC,35.147847028253295,-80.75309334797987,Clear,64.9,65.4,7.9,3.2,False,False,False,True,False,Night
A-3417,3,2022-05-21 16:24:01,Miami,Miami-Dade,FL,25.81178227098302,-80.20353662258616,Overcast,58.5,70.3,5.7,9.9,True,False,False,False,False,Day
A-3418,1,2022-06-08 14:13:38,Dallas,Dallas,TX,32.724623666626,-96.75736885533503,Fair,65.4,66.5,8.6,8.5,False,False,False,False,False,Day
A-3419,2,2022-02-11 16:16:58,Miami,Miami-Dade,FL,25.705143825661978,-80.1989593780013,Heavy Rain,60.3,64.6,6.6,9.6,False,False,False,False,False,Day
A-3420,2,2022-07-07 06:09:05,Los Angeles,Los Angeles,CA,34.02645077378175,-118.24333436104288,Thunderstorm,32.7,40.1,10.0,0.0,False,False,False,False,False,Day
A-3421,4,2022-06-03 14:24:37,Austin,Travis,TX,30.317012903589035,-97.70418000644098,Clear,66.4,30.4,6.2,10.7,False,True,False,False,True,Day
A-3422,2,2022-06-16 07:29:33,Dallas,Dallas,TX,32.758313802971436,-96.81712204164216,Fair,98.4,74.5,8.9,5.2,True,False,False,False,True,Day
A-3423,2,2022-03-28 07:23:48,Austin,Travis,TX,30.2251194211056,-97.8028075404153,Fair,45.0,33.8,7.5,0.0,False,False,False,False,True,Day
A-3424,2,2022-05-11 01:26:54,Los Angeles,Los Angeles,CA,34.112830352664574,-118.28396010504147,Fair,81.5,67.3,10.0,1.8,False,False,False,False,False,Night
A-3425,2,2022-12-28 06:22:38,Seattle,King,WA,47.658297494692064,-122.37262997847601,Fair,71.0,80.2,10.0,5.0,False,False,False,False,False,Day
A-3426,3,2022-04-11 08:43:46,Dallas,Dallas,TX,32.86005330741787,-96.79281135005333,Clear,51.2,39.4,8.3,4.1,False,False,False,False,False,Day
A-3427,2,2022-04-04 06:42:01,Charlotte,Mecklenburg,NC,35.29466652735538,-80.93790029443873,Clear,44.9,46.9,6.9,7.1,False,False,False,False,False,Day
A-3428,3,2022-11-22 22:56:57,Dallas,Dallas,TX,32.82964580179476,-96.78173940984603,Clear,68.9,56.9,10.0,8.8,False,False,False,False,False,Night
A-3429,3,2022-04-02 08:15:32,Seattle,King,WA,47.56863791396162,-122.26878508681632,Rain,70.4,42.3,8.7,6.5,False,False,False,True,False,Day
A-3430,4,2022-12-16 06:11:38,Dallas,Dallas,TX,32.809651431324625,-96.82240226269062,Clear,42.4,41.9,9.6,5.1,False,False,False,False,False,Day
A-3431,2,2022-11-05 07:42:19,Dallas,Dallas,TX,32.83743176370318,-96.82973160230542,Clear,78.9,49.3,8.8,7.6,False,True,False,False,False,Day
A-3432,4,2022-05-04 14:42:48,Chicago,Cook,IL,41.97088991212873,-87.53143374391756,Cloudy,57.6,44.6,8.6,7.6,True,False,False,False,False,Day
A-3433,2,2022-06-15 05:47:04,Austin,Travis,TX,30.275756231253155,-97.66950105001189,Clear,72.4,69.7,8.0,12.1,False,False,False,False,False,Night
A-3434,3,2022-02-26 17:22:25,Houston,Harris,TX,29.73580202022626,-95.34842120265398,Clear,75.5,61.6,5.2,4.6,False,True,False,False,False,Day
A-3435,2,2022-12-27 20:46:11,Orlando,Orange,FL,28.494093416896458,-81.41657613511443,Cloudy,78.4,31.1,10.0,6.6,False,True,False,False,False,Night
A-3436,3,2022-03-28 07:21:16,Houston,Harris,TX,29.809371517617492,-95.34060686282656,Fair,50.2,94.6,9.4,13.6,False,False,False,False,False,Day
A-3437,2,2022-11-04 11:19:42,Miami,Miami-Dade,FL,25.728363462723657,-80.24222568756521,Clear,95.2,54.0,8.8,2.1,False,False,False,False,False,Day
A-3438,3,2022-10-25 02:33:48,Dallas,Dallas,TX,32.7820621674198,-96.86314774711403,Fair,51.2,58.6,10.0,5.5,False,False,False,False,True,Night
A-3439,4,2022-08-27 15:37:52,Atlanta,Fulton,GA,33.70498671802615,-84.36539106841899,Fair,78.4,49.5,7.9,3.3,False,False,False,False,False,Day
A-3440,3,2022-09-09 10:07:10,Atlanta,Fulton,GA,33.74105391706887,-84.41191366544494,Fair,57.5,59.8,9.7,2.0,False,False,True,False,False,Day
A-3441,3,2022-06-28 08:21:44,Miami,Miami-Dade,FL,25.783649288498182,-80.29296328214943,Cloudy,65.8,41.9,7.5,7.9,True,True,False,False,False,Day
A-3442,2,2022-05-23 07:20:55,Charlotte,Mecklenburg,NC,35.240562528665365,-80.81376183089516,Clear,63.1,32.9,8.3,12.3,False,False,False,False,False,Day
A-3443,2,2022-07-20 15:11:35,Miami,Miami-Dade,FL,25.79859744538759,-80.11879132650172,Fair,72.0,53.4,10.0,15.4,False,False,False,False,True,Day
A-3444,4,2022-12-14 10:31:26,Chicago,Cook,IL,41.80939537514542,-87.59681852063432,Overcast,80.7,88.7,9.5,6.8,False,False,False,False,True,Day
A-3445,2,2022-05-28 07:58:31,Chicago,Cook,IL,41.87227282970202,-87.65474027278987,Rain,55.8,71.3,8.3,9.0,False,False,False,False,True,Day
A-3446,2,2022-05-23 15:25:10,Dallas,Dallas,TX,32.75318997762959,-96.90401824151616,Light Rain,51.8,84.4,10.0,9.2,False,False,False,False,False,Day
A-3447,2,2022-06-02 14:38:04,Austin,Travis,TX,30.21808240105753,-97.73578238766451,Fair,34.1,48.5,7.4,6.2,False,False,False,False,False,Day
A-3448,1,2022-09-24 17:34:47,Orlando,Orange,FL,28.500824311411996,-81.41204479482485,Fair,67.7,43.7,7.2,12.1,False,False,False,False,False,Day
A-3449,2,2022-11-25 06:41:22,Dallas,Dallas,TX,32.731995907504206,-96.84206263500843,Fair,62.5,49.7,8.1,6.3,False,True,False,False,False,Day
A-3450,2,2022-11-21 16:33:47,Los Angeles,Los Angeles,CA,34.069696541999214,-118.34103799177299,Light Rain,66.6,70.3,8.5,11.3,False,False,False,False,False,Day
A-3451,2,2022-05-23 15:09:17,Houston,Harris,TX,29.78040694498566,-95.27594988783022,Light Rain,63.5,80.4,8.3,5.6,True,False,False,False,False,Day
A-3452,2,2022-02-22 06:07:58,Orlando,Orange,FL,28.582081210989358,-81.4340597515819,Clear,76.4,54.5,8.1,2.4,False,False,False,False,True,Day
A-3453,2,2022-08-26 15:51:23,Orlando,Orange,FL,28.5547031435368,-81.47027963061784,Clear,57.4,31.9,10.0,2.6,False,False,False,False,False,Day
A-3454,2,2022-05-05 11:01:34,Houston,Harris,TX,29.768340196565177,-95.28506791198839,Fair,70.2,79.5,10.0,0.5,False,True,False,False,False,Day
A-3455,2,2022-04-10 19:30:54,Atlanta,Fulton,GA,33.75294455688816,-84.3864468829117,Clear,64.5,82.2,8.7,12.1,True,False,False,False,False,Night
A-3456,2,2022-08-27 06:23:59,Los Angeles,Los Angeles,CA,34.08598289355433,-118.24990212627537,Heavy Rain,50.6,70.2,10.0,12.1,False,False,False,False,True,Day
A-3457,3,2022-06-04 15:20:33,Charlotte,Mecklenburg,NC,35.121757213615055,-80.82763010009253,Clear,54.7,88.6,7.5,4.1,False,False,False,False,True,Day
A-3458,2,2022-06-21 09:36:06,Orlando,Orange,FL,28.53534344748202,-81.35741557672353,Clear,78.8,21.7,8.8,2.7,True,False,False,False,True,Day
A-3459,3,2022-02-08 20:03:13,Orlando,Orange,FL,28.55416011185779,-81.36853859884977,Light Rain,77.4,41.5,9.9,3.9,False,False,True,False,True,Night
A-3460,4,2022-09-18 08:22:43,Dallas,Dallas,TX,32.86618153483199,-96.87233781494803,Clear,76.1,60.4,7.3,7.7,False,False,False,False,True,Day
A-3461,2,2022-01-21 20:24:00,Miami,Miami-Dade,FL,25.706121229219416,-80.27101333429033,Clear,62.5,38.8,10.0,3.3,True,False,False,False,False,Night
A-3462,2,2022-12-02 18:54:47,Los Angeles,Los Angeles,CA,33.99485701640198,-118.28014869089294,Fair,31.4,78.3,7.5,9.2,False,False,True,False,False,Day
A-3463,2,2022-09-07 08:13:40,Dallas,Dallas,TX,32.663151736043616,-96.82250516099235,Fair,40.0,36.5,10.0,5.8,False,False,False,False,False,Day
A-3464,2,2022-04-21 17:54:46,Dallas,Dallas,TX,32.70716096982834,-96.81500150081433,Clear,61.1,86.9,10.0,11.3,False,False,False,False,True,Day
A-3465,2,2022-07-01 23:06:35,Los Angeles,Los Angeles,CA,34.04463477153882,-118.2322718291943,Fair,42.2,43.0,10.0,9.7,True,False,False,False,True,Night
A-3466,2,2022-12-03 07:14:14,Orlando,Orange,FL,28.50209834495071,-81.39317838396921,Clear,82.2,88.0,10.0,2.5,True,False,False,False,False,Day
A-3467,2,2022-09-09 11:33:43,Houston,Harris,TX,29.72313092079196,-95.40383480253023,Fair,52.9,43.5,10.0,2.0,False,False,False,False,False,Day
A-3468,1,2022-05-10 13:37:13,Dallas,Dallas,TX,32.777846448605125,-96.7772644012098,Fair,60.9,12.7,10.0,7.8,False,False,False,False,False,Day
A-3469,4,2022-06-07 08:04:29,Seattle,King,WA,47.63531530242514,-122.2964086436835,Light Rain,91.0,62.8,6.1,6.3,True,False,False,False,False,Day
A-3470,2,2022-03-30 01:54:01,Los Angeles,Los Angeles,CA,34.05282525076718,-118.2841393532458,Fair,80.5,73.6,9.3,12.1,False,False,False,False,False,Night
A-3471,3,2022-06-09 07:59:23,Los Angeles,Los Angeles,CA,34.05353492045179,-118.31209705566026,Fair,70.2,39.2,8.1,8.6,False,False,False,False,False,Day
A-3472,2,2022-06-19 08:21:43,Austin,Travis,TX,30.287380460631454,-97.73409043858861,Fair,68.3,91.7,6.3,5.2,False,True,False,False,False,Day
A-3473,2,2022-05-02 11:18:50,Dallas,Dallas,TX,32.685064545745846,-96.81803262836073,Clear,53.7,87.4,10.0,13.7,False,False,True,False,True,Day
A-3474,2,2022-10-05 07:05:31,Orlando,Orange,FL,28.544749729361733,-81.33739577511555,Clear,76.4,56.5,8.4,5.3,False,False,False,False,False,Day
A-3475,4,2022-02-21 17:08:12,Seattle,King,WA,47.60245336901884,-122.38136067686979,Overcast,68.2,66.4,6.0,1.6,False,False,False,False,False,Day
A-3476,1,2022-04-30 16:10:13,Austin,Travis,TX,30.26684499388921,-97.80338956307197,Clear,63.0,60.3,7.7,6.2,False,True,False,False,False,Day
A-3477,2,2022-09-14 05:19:15,Chicago,Cook,IL,41.84889701347828,-87.66146669351704,Cloudy,74.6,73.1,10.0,3.8,False,False,False,False,True,Night
A-3478,3,2022-11-18 15:56:15,Charlotte,Mecklenburg,NC,35.21682636161835,-80.81711084267505,Clear,74.9,77.0,10.0,10.9,False,False,False,False,False,Day
A-3479,2,2022-10-13 15:52:27,Charlotte,Mecklenburg,NC,35.24723232092383,-80.86068122250319,Overcast,50.4,26.9,10.0,2.5,False,False,False,False,False,Day
A-3480,2,2022-02-24 20:25:37,Houston,Harris,TX,29.840852389275128,-95.37422987143967,Snow,78.8,93.5,10.0,10.4,False,False,False,False,False,Night
A-3481,4,2022-08-01 00:48:44,Los Angeles,Los Angeles,CA,33.96763145885898,-118.26846070944505,Fair,63.7,83.7,7.2,6.0,False,False,False,False,False,Night
A-3482,3,2022-10-13 07:32:34,Dallas,Dallas,TX,32.80528919451245,-96.74622498663716,Fair,66.2,39.1,7.0,0.7,False,False,False,True,False,Day
A-3483,2,2022-12-05 19:49:38,Miami,Miami-Dade,FL,25.82259317575011,-80.16764737829482,Fair,45.3,89.0,10.0,8.7,False,False,False,False,False,Night
A-3484,2,2022-06-10 19:48:27,Atlanta,Fulton,GA,33.68547202465309,-84.46413014595659,Light Rain,45.7,98.2,10.0,11.7,True,True,False,False,False,Night
A-3485,4,2022-07-05 16:43:15,Dallas,Dallas,TX,32.767729372500355,-96.75194100672442,Clear,43.2,25.7,7.0,7.4,False,False,False,False,False,Day
A-3486,4,2022-01-06 16:22:47,Dallas,Dallas,TX,32.79048877602994,-96.76747988208908,Cloudy,100.9,73.7,8.8,6.2,True,True,False,False,True,Day
A-3487,2,2022-10-02 05:49:14,Houston,Harris,TX,29.860847325559508,-95.3155611489009,Cloudy,99.0,78.4,9.5,14.4,False,False,False,False,False,Night
A-3488,3,2022-10-26 12:54:42,Los Angeles,Los Angeles,CA,34.16086638357878,-118.27013595005322,Fair,39.5,67.3,8.0,11.8,False,False,False,False,True,Day
A-3489,2,2022-09-24 07:32:54,Los Angeles,Los Angeles,CA,33.98866483601772,-118.29065029433697,Clear,42.3,83.4,8.6,10.1,False,False,False,False,False,Day
A-3490,2,2022-08-18 07:51:35,Houston,Harris,TX,29.745288381409168,-95.37393392354018,Clear,57.3,64.0,6.9,0.0,False,False,False,False,True,Day
A-3491,2,2022-09-15 17:09:52,Los Angeles,Los Angeles,CA,34.06217454993121,-118.23554772633992,Overcast,81.6,69.9,9.6,4.2,False,False,True,False,True,Day
A-3492,2,2022-04-29 06:40:09,Dallas,Dallas,TX,32.80452272513786,-96.73773252264621,Clear,74.4,22.0,9.3,6.1,False,True,False,False,False,Day
A-3493,2,2022-04-09 12:10:56,Seattle,King,WA,47.61623989569893,-122.30027377683915,Fair,97.5,46.9,10.0,8.9,True,False,False,False,False,Day
A-3494,2,2022-01-14 19:02:56,Seattle,King,WA,47.55879430157749,-122.32464563533057,Clear,60.4,85.3,8.6,10.6,False,False,False,False,True,Night
A-3495,2,2022-03-16 07:38:47,Dallas,Dallas,TX,32.7270844919182,-96.8033762677269,Clear,54.5,46.1,10.0,2.8,False,False,False,False,False,Day
A-3496,2,2022-01-11 21:09:14,Miami,Miami-Dade,FL,25.684637428798133,-80.19103714979613,Fair,65.8,58.9,9.7,9.3,False,True,False,False,False,Night
A-3497,2,2022-05-15 23:03:03,Seattle,King,WA,47.50517027337301,-122.35181589904072,Light Rain,62.4,37.4,10.0,2.3,False,False,False,False,False,Night
A-3498,4,2022-04-01 13:35:26,Seattle,King,WA,47.527997400330975,-122.29815314203162,Cloudy,64.6,46.7,8.5,9.8,False,False,True,False,True,Day
A-3499,3,2022-01-20 07:21:16,Los Angeles,Los Angeles,CA,34.11027609787596,-118.31630933792694,Overcast,66.6,66.8,10.0,2.6,False,False,False,False,True,Day
A-3500,2,2022-11-16 08:33:31,Orlando,Orange,FL,28.573813926958803,-81.37876526897996,Cloudy,96.8,57.2,8.6,12.0,False,False,False,False,True,Day
A-3501,3,2022-02-15 10:53:32,Miami,Miami-Dade,FL,25.789363908006273,-80.13959299965452,Cloudy,66.8,23.6,10.0,8.0,False,False,False,False,False,Day
A-3502,2,2022-08-17 08:52:35,Austin,Travis,TX,30.25606424598218,-97.7998851289819,Fair,49.1,44.9,10.0,5.5,False,False,False,False,False,Day
A-3503,2,2022-06-22 08:09:39,Chicago,Cook,IL,41.8760246702965,-87.53256664391238,Rain,60.6,87.9,10.0,8.2,False,False,False,False,False,Day
A-3504,4,2022-07-17 21:06:11,Los Angeles,Los Angeles,CA,34.03876512884836,-118.29756443381326,Fair,75.9,81.4,8.6,4.4,False,False,False,False,True,Night
A-3505,2,2022-12-01 06:24:27,Atlanta,Fulton,GA,33.66965323679275,-84.41323461076718,Fair,74.0,60.6,7.9,7.1,False,False,False,False,True,Day
A-3506,2,2022-07-15 16:46:48,Dallas,Dallas,TX,32.80908433592554,-96.74570328963748,Fair,73.2,66.7,10.0,3.0,False,True,False,True,True,Day
A-3507,2,2022-09-06 00:53:17,Chicago,Cook,IL,41.92073394781661,-87.55719833853848,Clear,39.5,47.1,8.1,8.2,False,False,True,False,False,Night
A-3508,2,2022-03-07 14:07:05,Houston,Harris,TX,29.702883478326417,-95.3519260204596,Clear,41.6,87.7,10.0,6.0,False,True,False,False,False,Day
A-3509,2,2022-09-29 18:57:04,Seattle,King,WA,47.54863762062012,-122.31554322816613,Clear,63.0,54.7,6.6,6.2,False,False,False,False,False,Day
A-3510,4,2022-06-02 08:21:58,Los Angeles,Los Angeles,CA,34.069788360084594,-118.15430646424983,Cloudy,71.7,35.4,9.9,6.8,False,False,False,False,False,Day
A-3511,2,2022-09-12 07:44:32,Miami,Miami-Dade,FL,25.778847438205446,-80.26020532339649,Clear,52.5,26.0,8.3,3.4,False,False,False,False,False,Day
A-3512,4,2022-05-30 15:53:45,Los Angeles,Los Angeles,CA,34.08883379526857,-118.32994172461635,Fair,87.4,25.2,5.7,15.3,True,False,False,False,True,Day
A-3513,3,2022-04-22 16:49:40,Chicago,Cook,IL,41.94877865172125,-87.72601779646992,Rain,73.1,44.1,7.5,6.2,False,False,False,False,True,Day
A-3514,2,2022-09-15 15:45:27,Austin,Travis,TX,30.214304469319025,-97.78566296567539,Fair,57.2,92.9,8.2,11.4,False,False,False,False,False,Day
A-3515,2,2022-04-09 08:32:12,Seattle,King,WA,47.60210026896809,-122.36790455352983,Clear,106.7,100.0,10.0,2.3,False,False,False,False,False,Day
A-3516,2,2022-05-18 07:39:38,Atlanta,Fulton,GA,33.69897402998259,-84.3689714243062,Overcast,58.0,81.4,3.0,0.0,False,False,True,False,False,Day
A-3517,2,2022-01-06 20:55:43,Los Angeles,Los Angeles,CA,34.00577543696587,-118.19331242836266,Clear,59.5,25.1,8.3,8.0,False,False,False,False,False,Night
A-3518,2,2022-08-20 18:47:09,Houston,Harris,TX,29.73891017810007,-95.3243694780553,Fair,58.8,37.7,8.3,11.3,False,False,False,False,False,Day
A-3519,4,2022-05-11 11:56:30,Los Angeles,Los Angeles,CA,34.12421779725787,-118.19973108463287,Fair,65.6,37.8,7.1,11.9,False,False,False,False,True,Day
A-3520,3,2022-12-21 17:51:44,Miami,Miami-Dade,FL,25.816940911648,-80.23970263549072,Clear,48.9,54.3,8.2,10.7,False,False,False,False,True,Day
A-3521,2,2022-05-23 11:06:32,Miami,Miami-Dade,FL,25.757958827679392,-80.17256014432482,Clear,76.1,43.2,8.7,6.2,False,False,False,False,True,Day
A-3522,2,2022-10-07 10:56:34,Houston,Harris,TX,29.65259491209258,-95.40648951325853,Clear,78.1,72.5,7.7,9.3,False,False,False,False,False,Day
A-3523,2,2022-03-27 06:28:51,Miami,Miami-Dade,FL,25.781338909636602,-80.16175526558544,Clear,75.0,54.3,9.7,4.5,False,False,False,False,False,Day
A-3524,2,2022-02-18 10:11:28,Los Angeles,Los Angeles,CA,34.07068360773294,-118.24156660020775,Clear,58.2,77.5,10.0,4.6,True,False,False,False,False,Day
A-3525,4,2022-08-21 13:36:59,Los Angeles,Los Angeles,CA,34.005520319702654,-118.19945307594031,Thunderstorm,58.3,71.9,8.9,7.9,False,False,False,False,False,Day
A-3526,3,2022-11-25 02:15:29,Los Angeles,Los Angeles,CA,34.093734819725405,-118.12488720983701,Fair,74.2,86.2,7.6,7.9,False,False,False,False,False,Night
A-3527,2,2022-09-11 11:41:09,Chicago,Cook,IL,41.83045880169415,-87.63144176253249,Light Rain,68.2,45.4,8.8,4.9,False,False,False,False,True,Day
A-3528,2,2022-05-06 16:19:28,Austin,Travis,TX,30.30858694943909,-97.798267106089,Fair,53.0,79.1,8.3,7.7,False,False,False,False,False,Day
A-3529,2,2022-10-04 15:12:56,Chicago,Cook,IL,41.89015327006176,-87.71136027635958,Cloudy,34.6,44.9,10.0,11.6,False,False,False,False,False,Day
A-3530,2,2022-04-17 15:36:47,Houston,Harris,TX,29.6874092539633,-95.41464038885294,Clear,59.1,58.9,8.1,3.5,False,True,False,False,True,Day
A-3531,2,2022-09-06 18:16:17,Miami,Miami-Dade,FL,25.743626173423067,-80.13845815221791,Clear,72.8,43.3,10.0,9.7,False,False,False,False,False,Day
A-3532,2,2022-10-03 01:56:22,Austin,Travis,TX,30.274432569577023,-97.71887505709137,Fair,72.4,67.1,9.6,1.5,True,False,False,False,True,Night
A-3533,2,2022-05-10 13:49:08,Miami,Miami-Dade,FL,25.776707898822355,-80.18028479151218,Light Rain,42.3,86.5,9.2,0.3,False,False,False,False,False,Day
A-3534,1,2022-08-14 16:50:41,Miami,Miami-Dade,FL,25.81335885706845,-80.17272756495181,Clear,77.6,83.4,6.7,8.2,False,False,True,False,False,Day
A-3535,2,2022-06-11 13:01:59,Miami,Miami-Dade,FL,25.81958869650906,-80.15583153814649,Fair,92.8,67.2,7.8,6.7,False,False,False,False,False,Day
A-3536,2,2022-11-23 08:56:55,Los Angeles,Los Angeles,CA,34.040268760139085,-118.32155227659385,Clear,59.7,57.2,8.6,7.5,False,False,False,False,False,Day
A-3537,2,2022-05-26 06:27:42,Miami,Miami-Dade,FL,25.789666093741186,-80.14248709309038,Fair,61.9,59.6,6.6,7.4,False,False,False,False,True,Day
A-3538,2,2022-12-25 18:59:29,Houston,Harris,TX,29.84079679667985,-95.35033030366199,Cloudy,57.2,90.6,7.0,10.8,False,False,True,False,False,Day
A-3539,2,2022-11-26 12:47:50,Orlando,Orange,FL,28.487366785169556,-81.45123667024832,Cloudy,59.7,43.2,8.0,9.1,True,False,True,False,False,Day
A-3540,2,2022-03-10 18:13:25,Los Angeles,Los Angeles,CA,34.021801989689955,-118.22692806634707,Clear,83.2,69.3,9.7,8.9,False,False,False,False,True,Day
A-3541,3,2022-12-27 14:41:50,Miami,Miami-Dade,FL,25.678943251731067,-80.2569209099402,Clear,53.2,82.5,10.0,12.5,False,False,True,False,False,Day
A-3542,2,2022-09-22 15:42:08,Austin,Travis,TX,30.235628388480627,-97.71759101281624,Fair,68.6,59.8,9.5,10.6,False,False,False,False,True,Day
A-3543,2,2022-01-07 17:19:41,Los Angeles,Los Angeles,CA,34.06248907188862,-118.23770371392284,Thunderstorm,60.9,78.5,9.3,7.7,False,False,False,False,False,Day
A-3544,4,2022-02-19 15:30:34,Miami,Miami-Dade,FL,25.655892688000694,-80.2422593460836,Fair,67.9,100.0,9.1,11.2,False,False,False,False,False,Day
A-3545,2,2022-12-21 10:39:28,Seattle,King,WA,47.62805224975644,-122.31142475705416,Fair,60.7,58.2,8.3,5.9,False,False,False,False,False,Day
A-3546,3,2022-09-19 12:51:00,Los Angeles,Los Angeles,CA,34.02858278167734,-118.20324844049232,Fair,77.3,54.9,8.8,6.0,False,False,False,False,False,Day
A-3547,2,2022-01-19 17:23:37,Los Angeles,Los Angeles,CA,34.049066311874554,-118.27237487917206,Clear,80.6,64.4,10.0,12.3,False,False,False,False,False,Day
A-3548,1,2022-05-03 09:59:06,Charlotte,Mecklenburg,NC,35.16865640097294,-80.8039866897956,Overcast,70.6,69.8,10.0,6.1,True,False,False,False,False,Day
A-3549,2,2022-07-12 09:35:19,Miami,Miami-Dade,FL,25.75658696064653,-80.2057262996755,Clear,61.8,86.7,4.1,8.6,False,False,False,False,False,Day
A-3550,2,2022-04-09 06:15:04,Charlotte,Mecklenburg,NC,35.31105998324686,-80.79938482203349,Cloudy,76.8,85.2,10.0,8.4,False,False,False,False,True,Day
A-3551,2,2022-05-23 18:29:29,Austin,Travis,TX,30.247209791739017,-97.74789722531058,Fair,53.8,66.6,8.4,7.6,False,False,False,True,False,Day
A-3552,2,2022-02-11 05:36:32,Los Angeles,Los Angeles,CA,33.94155315102678,-118.18504239411588,Cloudy,71.4,20.7,10.0,14.2,False,False,False,False,False,Night
A-3553,3,2022-07-15 15:53:21,Dallas,Dallas,TX,32.83738861393154,-96.84268031035904,Clear,57.3,31.0,9.7,6.5,False,False,False,False,False,Day
A-3554,2,2022-03-21 10:57:20,Charlotte,Mecklenburg,NC,35.25422239233607,-80.88733243100663,Light Rain,68.2,79.4,8.7,14.1,False,False,False,False,False,Day
A-3555,2,2022-10-06 10:53:26,Los Angeles,Los Angeles,CA,34.05690213954972,-118.283099895513,Clear,50.6,47.4,10.0,2.7,False,False,False,False,False,Day
A-3556,2,2022-04-21 15:34:37,Dallas,Dallas,TX,32.8051026078156,-96.79066704842215,Cloudy,82.8,80.9,9.6,6.8,False,False,False,False,False,Day
A-3557,3,2022-09-23 05:59:05,Miami,Miami-Dade,FL,25.765825808637516,-80.19941405572213,Overcast,46.1,76.5,8.9,6.0,False,False,True,False,False,Night
A-3558,3,2022-09-12 14:15:26,Charlotte,Mecklenburg,NC,35.30926331199548,-80.82877199651865,Fair,63.1,56.3,8.8,10.1,True,False,False,False,True,Day
A-3559,3,2022-09-28 16:37:29,Los Angeles,Los Angeles,CA,34.08979997642912,-118.30190634342247,Clear,42.8,43.5,7.0,1.6,False,False,False,False,False,Day
A-3560,2,2022-09-14 17:18:30,Houston,Harris,TX,29.737578763374426,-95.40567451834389,Fog,82.4,56.6,9.0,8.5,False,False,False,False,False,Day
A-3561,2,2022-01-12 07:46:18,Miami,Miami-Dade,FL,25.83629774708279,-80.12826787435056,Clear,88.3,64.1,5.0,10.7,False,True,False,False,False,Day
A-3562,2,2022-07-15 18:07:44,Austin,Travis,TX,30.358199243223954,-97.72452057249656,Heavy Rain,47.1,32.3,9.6,5.7,False,False,False,False,False,Day
A-3563,2,2022-02-03 15:14:11,Los Angeles,Los Angeles,CA,34.097718197583895,-118.2125205147904,Clear,69.9,78.6,10.0,4.5,False,True,False,False,False,Day
A-3564,3,2022-09-02 18:13:06,Houston,Harris,TX,29.780746479446442,-95.3825650517013,Fair,60.6,74.0,6.1,4.5,False,False,False,False,False,Day
A-3565,4,2022-06-29 12:36:19,Houston,Harris,TX,29.717695155841362,-95.35505810937481,Clear,72.7,63.7,8.4,9.0,False,False,True,False,True,Day
A-3566,2,2022-07-17 13:18:17,Orlando,Orange,FL,28.57258295053508,-81.40294389519138,Clear,88.6,63.8,10.0,0.7,False,False,False,False,False,Day
A-3567,2,2022-03-01 18:24:23,Dallas,Dallas,TX,32.79610130990045,-96.88951348475486,Clear,70.8,88.4,10.0,1.8,False,False,False,False,True,Day
A-3568,2,2022-06-18 18:37:31,Dallas,Dallas,TX,32.775359860646006,-96.74522812601586,Clear,53.5,45.4,8.8,7.3,False,False,False,False,False,Day
A-3569,2,2022-03-18 11:36:06,Austin,Travis,TX,30.302163406806468,-97.73399106306279,Snow,54.6,52.9,9.1,9.3,False,False,False,False,True,Day
A-3570,2,2022-04-11 08:42:54,Seattle,King,WA,47.610552877710695,-122.36870199657788,Overcast,59.7,61.2,8.9,8.1,False,False,False,False,True,Day
A-3571,2,2022-07-09 10:05:05,Miami,Miami-Dade,FL,25.789139152079375,-80.19173689743246,Clear,54.1,48.4,9.3,9.4,False,False,False,False,False,Day
A-3572,4,2022-11-09 09:47:12,Charlotte,Mecklenburg,NC,35.27889143919859,-80.86640776005602,Clear,76.4,57.4,10.0,2.8,True,False,False,False,True,Day
A-3573,2,2022-06-29 08:50:18,Seattle,King,WA,47.539645275057744,-122.25717650775609,Cloudy,77.7,28.5,9.0,0.0,False,False,False,False,False,Day
A-3574,4,2022-10-10 08:37:01,Chicago,Cook,IL,41.82686623019736,-87.59622205146226,Fair,83.9,52.4,6.3,10.5,True,False,False,False,False,Day
A-3575,2,2022-01-07 17:05:19,Seattle,King,WA,47.5605889082702,-122.38949192210836,Light Rain,58.6,57.6,9.5,1.9,False,False,False,False,False,Day
A-3576,2,2022-07-23 05:53:14,Houston,Harris,TX,29.857400470462046,-95.43396802613348,Fair,82.3,45.0,8.2,9.1,False,False,False,False,False,Night
A-3577,2,2022-09-19 15:27:34,Los Angeles,Los Angeles,CA,34.08387373663878,-118.23117299602552,Cloudy,90.2,85.9,6.8,0.0,False,False,False,False,False,Day
A-3578,2,2022-02-10 07:07:56,Charlotte,Mecklenburg,NC,35.263430960702664,-80.83638182467728,Fair,45.1,68.7,6.8,9.7,False,False,False,False,False,Day
A-3579,2,2022-02-09 09:48:50,Orlando,Orange,FL,28.594771902500938,-81.35330147446173,Cloudy,57.7,57.8,8.8,7.0,False,False,False,False,True,Day
A-3580,1,2022-08-23 05:23:20,Charlotte,Mecklenburg,NC,35.17476727903374,-80.85026633944985,Clear,63.4,48.0,10.0,11.2,False,False,False,False,False,Night
A-3581,2,2022-05-01 08:04:57,Charlotte,Mecklenburg,NC,35.12518597974903,-80.87546699949434,Fair,77.3,29.2,10.0,10.2,False,False,False,False,False,Day
A-3582,4,2022-06-23 16:28:15,Seattle,King,WA,47.603056891857364,-122.30661761654305,Clear,85.1,46.4,10.0,5.6,False,False,False,False,False,Day
A-3583,2,2022-05-25 18:13:57,Houston,Harris,TX,29.805278598009487,-95.34009510313476,Fair,39.0,61.3,7.5,4.8,False,False,True,False,False,Day
A-3584,3,2022-07-30 07:01:24,Seattle,King,WA,47.59632035196835,-122.26922627572529,Fair,55.0,58.6,8.3,8.3,False,True,False,False,False,Day
A-3585,2,2022-01-20 11:49:49,Houston,Harris,TX,29.691903084773653,-95.33307727792892,Overcast,82.2,45.0,10.0,5.0,False,False,True,False,False,Day
A-3586,2,2022-12-18 12:27:11,Miami,Miami-Dade,FL,25.71643860845291,-80.23364163233562,Clear,52.2,93.4,10.0,0.0,True,False,False,False,False,Day
A-3587,2,2022-01-25 17:38:00,Houston,Harris,TX,29.701437099985228,-95.35697741330817,Fair,77.0,81.9,8.0,5.9,False,False,True,False,False,Day
A-3588,3,2022-12-15 16:20:00,Austin,Travis,TX,30.236581778163604,-97.7573901962488,Clear,73.6,51.2,7.6,3.6,False,False,True,False,False,Day
A-3589,2,2022-11-01 12:31:57,Los Angeles,Los Angeles,CA,33.9942309774692,-118.29095034145858,Cloudy,76.7,71.7,9.9,4.9,True,False,False,False,True,Day
A-3590,2,2022-05-19 15:12:45,Los Angeles,Los Angeles,CA,34.05953895063645,-118.33314414227705,Light Rain,76.9,85.9,10.0,8.2,False,True,False,False,False,Day
A-3591,2,2022-05-17 17:11:06,Chicago,Cook,IL,41.85072092966935,-87.51741285462418,Overcast,58.6,67.0,8.5,12.0,False,False,False,False,True,Day
A-3592,2,2022-03-26 01:50:54,Los Angeles,Los Angeles,CA,34.083871611345934,-118.27164528003775,Heavy Rain,61.0,56.7,9.9,14.4,False,True,False,False,True,Night
A-3593,3,2022-04-03 10:25:30,Charlotte,Mecklenburg,NC,35.17827610272667,-80.8494094727958,Fog,59.8,23.7,9.0,9.0,False,True,False,False,False,Day
A-3594,2,2022-11-10 18:25:02,Dallas,Dallas,TX,32.789467344387255,-96.78600954246605,Overcast,68.4,58.7,7.7,4.6,False,True,False,False,False,Day
A-3595,2,2022-01-16 16:54:27,Charlotte,Mecklenburg,NC,35.2252200423569,-80.83751575350992,Clear,33.0,44.9,10.0,10.9,False,False,False,False,False,Day
A-3596,3,2022-03-26 13:29:01,Dallas,Dallas,TX,32.79650144721206,-96.92307858859154,Clear,72.2,48.1,8.5,1.0,False,False,False,False,False,Day
A-3597,2,2022-10-10 13:13:36,Miami,Miami-Dade,FL,25.788535679314943,-80.20008691423948,Fair,90.8,53.6,6.0,4.2,False,False,False,False,False,Day
A-3598,2,2022-01-26 09:38:10,Charlotte,Mecklenburg,NC,35.259282231299764,-80.75454223472198,Thunderstorm,68.0,55.6,7.7,6.1,False,False,False,False,False,Day
A-3599,1,2022-03-24 13:14:01,Houston,Harris,TX,29.801937858545067,-95.3803917803171,Fair,63.2,52.5,4.5,0.0,False,False,False,False,False,Day
A-3600,3,2022-12-07 15:42:31,Dallas,Dallas,TX,32.80381455120929,-96.71524421061604,Clear,66.1,33.3,10.0,8.0,False,False,False,False,True,Day
A-3601,4,2022-10-15 10:12:42,Los Angeles,Los Angeles,CA,34.0670933002907,-118.2421291893584,Heavy Rain,73.0,25.0,10.0,3.7,False,False,False,False,False,Day
A-3602,2,2022-01-22 16:32:50,Dallas,Dallas,TX,32.74336381580456,-96.81455702158533,Fair,82.2,76.5,6.4,8.0,False,False,False,False,True,Day
A-3603,3,2022-07-23 17:50:12,Los Angeles,Los Angeles,CA,34.09473685242796,-118.23647908556636,Cloudy,64.0,94.0,7.8,5.9,False,False,False,True,False,Day
A-3604,2,2022-09-01 06:22:35,Miami,Miami-Dade,FL,25.72685578986001,-80.18992149248355,Overcast,62.5,62.1,9.5,3.6,False,True,False,False,False,Day
A-3605,2,2022-04-22 11:09:16,Miami,Miami-Dade,FL,25.747104333903064,-80.19103332397745,Light Rain,44.4,38.1,10.0,3.0,False,False,False,False,True,Day
A-3606,1,2022-10-27 10:56:45,Los Angeles,Los Angeles,CA,34.00911733935479,-118.27280344307044,Overcast,65.7,79.8,10.0,6.8,False,False,False,False,False,Day
A-3607,2,2022-05-27 15:09:34,Austin,Travis,TX,30.22307593174764,-97.81129366926137,Light Rain,47.0,100.0,9.4,9.9,False,False,True,False,True,Day
A-3608,2,2022-01-04 07:18:38,Miami,Miami-Dade,FL,25.745849926546917,-80.16373742799449,Cloudy,56.8,84.3,7.8,9.8,False,False,False,False,False,Day
A-3609,3,2022-11-18 15:59:02,Atlanta,Fulton,GA,33.737348550323595,-84.38325777203048,Fair,78.2,86.9,10.0,8.2,True,False,False,False,False,Day
A-3610,2,2022-01-04 18:33:54,Chicago,Cook,IL,41.83742221739262,-87.54657822222458,Cloudy,80.3,36.6,9.9,9.3,False,False,False,False,False,Day
A-3611,4,2022-09-13 10:21:37,Dallas,Dallas,TX,32.777798163277495,-96.79866765414548,Light Rain,71.9,48.7,9.1,7.3,False,False,False,False,False,Day
A-3612,2,2022-07-12 18:38:53,Los Angeles,Los Angeles,CA,34.06003803492175,-118.31939250113008,Fair,83.2,84.1,8.8,4.4,False,True,False,False,True,Day
A-3613,2,2022-10-10 23:31:42,Houston,Harris,TX,29.733156055791316,-95.35367940722952,Clear,40.2,35.8,8.1,12.6,False,True,False,False,True,Night
A-3614,2,2022-04-12 06:40:07,Austin,Travis,TX,30.381681956940753,-97.73930394883858,Clear,89.4,48.9,10.0,4.4,False,False,False,False,False,Day
A-3615,2,2022-08-22 07:31:10,Houston,Harris,TX,29.777034913835152,-95.39134300803781,Fair,52.3,63.8,5.6,13.3,False,False,False,False,False,Day
A-3616,3,2022-10-26 19:00:14,Los Angeles,Los Angeles,CA,34.05811324496658,-118.21277877937615,Clear,69.5,70.8,9.6,9.5,True,False,False,False,False,Night
A-3617,1,2022-11-30 20:49:22,Charlotte,Mecklenburg,NC,35.19330220278451,-80.8182188941224,Overcast,55.0,54.5,9.0,6.0,False,False,False,False,True,Night
A-3618,4,2022-02-04 06:46:02,Seattle,King,WA,47.61309209314407,-122.3919456481374,Clear,69.7,60.2,5.1,1.9,False,False,False,False,True,Day
A-3619,4,2022-03-26 01:38:16,Austin,Travis,TX,30.279240131853285,-97.76649226167159,Clear,65.3,63.3,8.2,8.3,False,False,False,False,False,Night
A-3620,2,2022-06-25 06:26:55,Los Angeles,Los Angeles,CA,34.05202628459983,-118.18897875671789,Clear,82.1,55.5,7.0,6.8,False,False,False,False,False,Day
A-3621,2,2022-12-12 23:02:51,Orlando,Orange,FL,28.609232550321973,-81.4281866963762,Fair,102.0,50.0,6.9,11.9,False,False,False,False,False,Night
A-3622,2,2022-10-10 07:38:45,Miami,Miami-Dade,FL,25.67662642806444,-80.20041803581647,Clear,78.2,57.6,7.4,2.8,True,False,False,False,False,Day
A-3623,2,2022-07-13 12:26:59,Miami,Miami-Dade,FL,25.74268103474716,-80.18044108851392,Fair,63.2,49.2,10.0,11.2,False,False,False,False,True,Day
A-3624,2,2022-12-30 17:06:44,Seattle,King,WA,47.64189176965296,-122.38979454172599,Rain,88.0,77.9,8.9,12.9,False,True,False,False,True,Day
A-3625,2,2022-07-30 02:41:08,Miami,Miami-Dade,FL,25.716866867609845,-80.19672080442975,Light Rain,39.5,66.1,10.0,4.1,False,False,False,False,True,Night
A-3626,2,2022-01-16 14:05:55,Miami,Miami-Dade,FL,25.684366366612508,-80.19836226201721,Light Rain,56.3,58.5,6.6,10.0,False,False,False,False,False,Day
A-3627,3,2022-10-08 08:29:54,Los Angeles,Los Angeles,CA,34.02625550650907,-118.25987399976279,Fair,61.5,55.2,7.8,12.6,False,True,False,False,False,Day
A-3628,2,2022-04-01 17:19:53,Seattle,King,WA,47.65839680852114,-122.40862782930975,Light Rain,60.8,80.9,8.1,12.4,False,False,False,True,False,Day
A-3629,2,2022-02-27 08:26:19,Austin,Travis,TX,30.223552003624953,-97.7431155890379,Overcast,53.9,52.6,9.3,11.2,False,False,False,False,False,Day
A-3630,2,2022-05-27 15:06:39,Dallas,Dallas,TX,32.75887866508861,-96.82792837039531,Heavy Rain,75.4,74.5,10.0,13.9,False,False,False,False,True,Day
A-3631,4,2022-05-02 15:29:07,Austin,Travis,TX,30.28827410333595,-97.6898111151924,Clear,65.0,83.7,9.5,7.3,False,False,False,False,True,Day
A-3632,2,2022-01-01 07:13:09,Los Angeles,Los Angeles,CA,34.02323485468875,-118.22291632849856,Clear,63.0,69.8,7.4,6.8,False,False,False,False,False,Day
A-3633,2,2022-12-21 03:17:17,Houston,Harris,TX,29.73840244222143,-95.4086518242602,Clear,86.1,27.7,10.0,13.3,False,False,False,False,False,Night
A-3634,3,2022-07-12 10:51:04,Houston,Harris,TX,29.727797488076906,-95.38957369088375,Rain,58.3,51.5,7.8,0.0,False,False,False,False,True,Day
A-3635,3,2022-06-19 08:19:22,Los Angeles,Los Angeles,CA,34.02381103108733,-118.23744367856706,Cloudy,80.4,42.9,9.5,5.9,False,False,False,False,False,Day
A-3636,3,2022-09-28 17:41:16,Charlotte,Mecklenburg,NC,35.168953223840475,-80.86295373407317,Fair,60.9,36.1,6.3,3.7,False,True,False,False,True,Day
A-3637,2,2022-07-30 17:12:48,Atlanta,Fulton,GA,33.73613581806631,-84.46375827333026,Fair,61.2,81.8,8.5,7.2,False,False,False,False,False,Day
A-3638,3,2022-03-13 11:12:16,Los Angeles,Los Angeles,CA,34.105411690719194,-118.22908192392109,Overcast,53.6,67.6,10.0,8.7,False,False,False,False,False,Day
A-3639,2,2022-01-27 14:14:25,Miami,Miami-Dade,FL,25.84084046356682,-80.16549157091472,Rain,43.2,10.0,9.2,9.3,False,False,False,False,False,Day
A-3640,4,2022-10-03 14:41:44,Miami,Miami-Dade,FL,25.82419076439299,-80.15475501016618,Cloudy,55.1,59.8,7.4,7.3,False,True,False,False,False,Day
A-3641,2,2022-11-07 17:09:10,Miami,Miami-Dade,FL,25.7685847813937,-80.14486278744894,Overcast,38.4,46.7,10.0,7.7,False,False,False,False,False,Day
A-3642,4,2022-01-02 10:32:05,Atlanta,Fulton,GA,33.83194250235087,-84.4294180787738,Clear,68.8,78.5,7.4,10.9,True,False,False,False,True,Day
A-3643,4,2022-06-07 08:36:06,Houston,Harris,TX,29.87554297165837,-95.3305621834189,Fair,60.3,46.8,5.5,4.7,False,False,False,False,True,Day
A-3644,2,2022-06-20 08:43:11,Houston,Harris,TX,29.76946388994718,-95.42688914918506,Light Rain,81.3,66.3,10.0,5.6,False,True,False,False,True,Day
A-3645,4,2022-12-29 13:01:59,Austin,Travis,TX,30.217671782534378,-97.72524206130294,Overcast,54.1,66.1,7.0,3.3,False,False,False,False,True,Day
A-3646,2,2022-08-02 11:22:24,Los Angeles,Los Angeles,CA,34.11779682883508,-118.27913496821142,Cloudy,61.1,43.6,10.0,6.9,False,True,False,False,False,Day
A-3647,2,2022-02-13 11:43:06,Charlotte,Mecklenburg,NC,35.16692573336896,-80.82218451377467,Clear,83.3,39.9,8.5,0.5,False,False,False,False,True,Day
A-3648,2,2022-02-28 05:53:02,Houston,Harris,TX,29.71607456300646,-95.44519269665986,Clear,78.4,100.0,10.0,12.2,False,False,False,False,False,Night
A-3649,4,2022-06-03 16:09:58,Dallas,Dallas,TX,32.67257329337811,-96.76986351643882,Clear,67.0,67.8,7.4,10.2,False,False,False,False,False,Day
A-3650,2,2022-08-31 07:42:04,Chicago,Cook,IL,41.914470667625906,-87.6691339777721,Fair,49.5,61.0,10.0,3.1,False,False,False,False,False,Day
A-3651,2,2022-12-26 07:33:07,Austin,Travis,TX,30.151427783722028,-97.71895783843576,Fair,73.8,84.2,7.9,11.9,False,False,False,False,False,Day
A-3652,2,2022-02-11 10:54:05,Houston,Harris,TX,29.810042554092114,-95.35116292649325,Heavy Rain,60.7,95.1,8.5,5.9,False,False,False,True,True,Day
A-3653,4,2022-12-10 07:32:39,Austin,Travis,TX,30.357672116073214,-97.72382935389432,Cloudy,57.2,90.0,4.7,4.2,False,True,False,False,False,Day
A-3654,3,2022-09-11 14:49:23,Los Angeles,Los Angeles,CA,34.1385888018723,-118.24131993277283,Clear,85.0,32.5,5.8,8.5,False,False,False,False,False,Day
A-3655,2,2022-12-14 09:36:15,Los Angeles,Los Angeles,CA,33.9889089496679,-118.30205805059138,Clear,87.0,60.7,10.0,0.4,False,True,False,False,False,Day
A-3656,2,2022-03-29 11:43:30,Miami,Miami-Dade,FL,25.668515182183462,-80.11728349761857,Light Rain,51.7,54.5,7.7,5.6,False,False,False,False,True,Day
A-3657,2,2022-08-02 13:29:36,Miami,Miami-Dade,FL,25.729575739534557,-80.19829720874993,Fair,90.7,97.9,5.1,8.5,False,True,False,False,False,Day
A-3658,2,2022-05-02 07:24:45,Charlotte,Mecklenburg,NC,35.27105960932133,-80.84972234507234,Cloudy,63.7,74.2,7.8,14.1,False,False,False,False,False,Day
A-3659,2,2022-10-09 06:37:04,Dallas,Dallas,TX,32.836889432833246,-96.72775805121513,Fair,76.7,34.1,10.0,1.9,True,False,False,False,False,Day
A-3660,2,2022-10-07 18:08:34,Atlanta,Fulton,GA,33.78222497422743,-84.43244706498623,Clear,92.5,23.2,6.6,2.2,True,False,False,False,False,Day
A-3661,3,2022-08-10 11:53:46,Charlotte,Mecklenburg,NC,35.25350026440985,-80.84547415823093,Clear,62.6,92.4,10.0,6.0,True,False,False,False,False,Day
A-3662,2,2022-09-14 10:45:38,Charlotte,Mecklenburg,NC,35.34515024685002,-80.83461204676064,Fair,68.9,59.8,7.9,5.7,False,False,False,False,False,Day
A-3663,2,2022-02-03 03:51:47,Los Angeles,Los Angeles,CA,34.028297791455806,-118.25528747199188,Fair,75.9,59.2,8.2,10.1,False,False,False,False,False,Night
A-3664,2,2022-07-05 12:47:31,Los Angeles,Los Angeles,CA,34.013301238388145,-118.23003730583065,Cloudy,88.7,53.1,7.5,13.1,False,False,False,False,True,Day
A-3665,2,2022-11-06 13:05:09,Charlotte,Mecklenburg,NC,35.16764345992206,-80.87216532731058,Cloudy,65.3,43.4,5.2,11.1,False,False,True,True,False,Day
A-3666,2,2022-04-11 13:32:29,Houston,Harris,TX,29.782048295875743,-95.37320966513678,Fog,77.1,60.8,8.4,5.2,False,False,False,False,False,Day
A-3667,2,2022-11-29 16:16:26,Seattle,King,WA,47.597222445545334,-122.32553660041359,Light Rain,53.4,76.1,8.8,12.8,True,False,False,False,False,Day
A-3668,3,2022-12-29 07:59:28,Los Angeles,Los Angeles,CA,34.093448953222506,-118.17534915588782,Fair,42.8,59.4,9.7,6.7,False,False,False,False,True,Day
A-3669,2,2022-01-10 07:33:36,Los Angeles,Los Angeles,CA,34.02967252897059,-118.16089004471743,Fair,54.8,80.9,7.4,9.1,False,False,False,False,False,Day
A-3670,2,2022-02-09 17:25:00,Houston,Harris,TX,29.791839104981516,-95.3613250208122,Cloudy,54.8,73.8,5.7,8.7,False,False,True,False,False,Day
A-3671,3,2022-03-24 19:57:03,Miami,Miami-Dade,FL,25.742507189525895,-80.13183812216954,Clear,79.6,78.1,10.0,8.8,False,False,False,False,False,Night
A-3672,3,2022-04-21 06:13:45,Los Angeles,Los Angeles,CA,34.04406475795571,-118.27995410863863,Thunderstorm,63.9,63.7,9.3,10.5,False,False,True,False,False,Day
A-3673,3,2022-09-26 12:00:52,Orlando,Orange,FL,28.534900488784757,-81.2666341013124,Fair,55.8,56.7,8.8,10.2,False,False,False,True,False,Day
A-3674,4,2022-11-07 07:15:21,Los Angeles,Los Angeles,CA,33.96718492088997,-118.2559359118082,Rain,51.7,37.0,10.0,9.9,False,False,False,False,False,Day
A-3675,3,2022-02-20 05:15:27,Dallas,Dallas,TX,32.769700759028176,-96.79864161036237,Fog,58.7,79.7,7.0,4.9,False,False,False,False,True,Night
A-3676,2,2022-10-25 08:54:21,Miami,Miami-Dade,FL,25.78980714114454,-80.16519781512014,Fair,78.8,65.1,6.7,3.5,False,True,False,False,False,Day
A-3677,3,2022-02-01 06:05:24,Los Angeles,Los Angeles,CA,34.002794421155734,-118.20107339395575,Clear,51.6,54.9,10.0,10.0,False,False,True,False,True,Day
A-3678,2,2022-08-04 16:01:06,Houston,Harris,TX,29.855906134663265,-95.37837212447347,Fair,63.1,37.3,10.0,8.3,True,False,False,False,False,Day
A-3679,2,2022-06-27 13:19:43,Austin,Travis,TX,30.26744428704651,-97.8435099905383,Fair,59.3,85.4,6.1,10.5,False,False,False,False,False,Day
A-3680,2,2022-03-11 06:06:31,Houston,Harris,TX,29.729059891121402,-95.33700685877488,Overcast,70.3,59.7,8.9,5.2,False,False,False,False,False,Day
A-3681,2,2022-12-27 00:08:26,Austin,Travis,TX,30.234337298822165,-97.7886047019549,Clear,92.6,97.7,9.6,10.0,False,False,False,False,True,Night
A-3682,2,2022-09-17 17:03:59,Los Angeles,Los Angeles,CA,34.12072557796422,-118.20498969550692,Fair,55.2,18.6,9.8,5.8,False,False,False,False,False,Day
A-3683,2,2022-11-15 07:47:21,Austin,Travis,TX,30.225959660427907,-97.70548443156807,Rain,69.8,66.3,8.3,5.5,False,False,False,False,False,Day
A-3684,2,2022-11-03 14:01:16,Miami,Miami-Dade,FL,25.77660485839957,-80.18217102489304,Thunderstorm,64.8,32.9,7.1,11.7,False,False,False,False,False,Day
A-3685,3,2022-09-11 08:24:22,Orlando,Orange,FL,28.582451808586278,-81.33398465343687,Clear,58.0,45.4,4.8,11.4,False,False,False,False,True,Day
A-3686,4,2022-03-05 14:58:33,Charlotte,Mecklenburg,NC,35.25481078690398,-80.86761557341917,Light Rain,65.8,54.5,10.0,7.9,False,False,False,False,False,Day
A-3687,2,2022-10-01 08:50:23,Atlanta,Fulton,GA,33.720866135121604,-84.3192618432192,Clear,92.3,72.5,10.0,5.6,False,False,False,False,True,Day
A-3688,3,2022-05-11 05:24:02,Houston,Harris,TX,29.802361087055548,-95.36165331677903,Light Rain,64.0,65.4,7.6,6.7,True,False,False,False,False,Night
A-3689,2,2022-07-15 07:27:11,Los Angeles,Los Angeles,CA,34.05998882279337,-118.25296616781756,Clear,64.0,49.0,8.9,7.6,False,False,False,False,False,Day
A-3690,3,2022-04-28 07:04:10,Los Angeles,Los Angeles,CA,33.96620290406988,-118.18663642794182,Heavy Rain,59.3,46.6,7.7,5.4,False,False,False,False,False,Day
A-3691,2,2022-09-12 10:54:40,Austin,Travis,TX,30.328363280292365,-97.77635927166112,Cloudy,71.2,25.7,8.3,8.3,False,False,True,False,False,Day
A-3692,2,2022-11-21 15:37:18,Charlotte,Mecklenburg,NC,35.19642070888548,-80.94833824291017,Fair,50.0,47.8,8.6,5.0,False,True,False,False,False,Day
A-3693,2,2022-12-26 08:55:31,Austin,Travis,TX,30.258419812263142,-97.80548319685145,Clear,66.8,45.1,6.4,13.2,False,False,False,False,False,Day
A-3694,2,2022-07-24 01:27:35,Miami,Miami-Dade,FL,25.777173268827934,-80.12004606730227,Clear,71.7,83.8,8.7,0.0,False,False,False,False,False,Night
A-3695,1,2022-07-15 13:31:17,Miami,Miami-Dade,FL,25.73510540323313,-80.17930198828093,Cloudy,52.3,52.0,9.1,4.5,False,False,False,False,False,Day
A-3696,2,2022-12-14 14:50:07,Los Angeles,Los Angeles,CA,34.09004538609966,-118.23519290059507,Light Rain,89.0,52.2,5.6,10.1,False,False,False,False,False,Day
A-3697,2,2022-01-10 20:45:54,Chicago,Cook,IL,41.82290797869915,-87.58426288231762,Overcast,88.4,64.2,7.4,13.3,True,False,False,False,True,Night
A-3698,2,2022-03-07 14:13:01,Dallas,Dallas,TX,32.74798097454406,-96.78222206372381,Light Rain,98.7,87.3,6.1,4.6,False,False,False,False,False,Day
A-3699,2,2022-12-30 12:43:04,Atlanta,Fulton,GA,33.81028616009528,-84.401759393933,Overcast,73.6,86.9,6.8,6.1,False,False,False,False,False,Day
A-3700,4,2022-08-06 14:18:06,Miami,Miami-Dade,FL,25.762963850657425,-80.21373098942561,Fog,71.2,100.0,8.4,8.8,False,False,False,False,False,Day
A-3701,2,2022-05-26 19:26:42,Dallas,Dallas,TX,32.723859290959226,-96.85577128628674,Overcast,63.8,32.0,8.6,9.0,False,False,True,False,True,Night
A-3702,2,2022-03-04 17:19:05,Orlando,Orange,FL,28.54223641085181,-81.43254746770587,Clear,66.0,63.3,8.6,7.5,False,False,False,False,True,Day
A-3703,2,2022-10-06 08:18:23,Miami,Miami-Dade,FL,25.781782688367024,-80.18306446336207,Overcast,78.9,57.9,10.0,10.1,True,False,False,False,False,Day
A-3704,3,2022-03-14 07:55:55,Seattle,King,WA,47.52689903720859,-122.33988506657337,Clear,65.3,23.5,9.5,8.2,False,True,False,False,False,Day
A-3705,2,2022-06-10 08:11:40,Atlanta,Fulton,GA,33.83171421272326,-84.36359650389079,Thunderstorm,62.7,36.7,9.7,8.3,False,False,False,False,False,Day
A-3706,3,2022-07-26 12:55:47,Seattle,King,WA,47.69567017821533,-122.33638853104357,Fair,73.4,78.2,9.1,13.3,False,False,False,False,True,Day
A-3707,2,2022-09-09 16:15:35,Orlando,Orange,FL,28.544300037155747,-81.4323992660956,Clear,55.6,70.5,6.0,6.3,False,False,False,False,True,Day
A-3708,2,2022-05-28 12:38:32,Miami,Miami-Dade,FL,25.751695917019564,-80.17951957196924,Clear,88.7,70.4,8.6,6.0,False,False,False,False,False,Day
A-3709,2,2022-06-12 05:19:32,Miami,Miami-Dade,FL,25.762847204400675,-80.18251969185712,Cloudy,65.1,68.9,8.9,5.8,False,True,True,False,False,Night
A-3710,2,2022-06-19 16:39:57,Chicago,Cook,IL,41.92275254925687,-87.62893683711727,Clear,76.5,26.3,10.0,4.6,False,True,False,False,False,Day
A-3711,2,2022-12-11 17:09:00,Los Angeles,Los Angeles,CA,34.074830467482236,-118.23583836171555,Heavy Rain,53.0,38.0,6.7,6.5,False,False,False,False,False,Day
A-3712,2,2022-04-02 08:31:52,Orlando,Orange,FL,28.550261410028625,-81.28091538517228,Clear,64.3,49.3,7.8,4.5,False,False,False,True,False,Day
A-3713,2,2022-05-13 15:09:59,Orlando,Orange,FL,28.60741650401522,-81.43879238851093,Clear,59.1,76.6,6.7,8.8,False,True,False,False,False,Day
A-3714,3,2022-09-29 10:47:08,Dallas,Dallas,TX,32.83324693962809,-96.84485975610278,Clear,59.7,62.6,7.6,8.9,False,False,False,False,False,Day
A-3715,2,2022-10-16 18:10:20,Chicago,Cook,IL,41.830104315748024,-87.71489406722581,Clear,47.9,78.1,8.3,8.0,False,False,False,False,True,Day
A-3716,2,2022-05-14 17:05:55,Miami,Miami-Dade,FL,25.806069791596144,-80.18717194729929,Fair,80.8,99.1,6.5,8.6,False,False,False,False,False,Day
A-3717,2,2022-07-07 13:45:15,Miami,Miami-Dade,FL,25.819281030340708,-80.28859902016075,Fair,72.3,28.2,10.0,10.2,False,False,False,False,False,Day
A-3718,2,2022-10-09 15:10:56,Los Angeles,Los Angeles,CA,34.06611298493145,-118.23249146169161,Clear,43.7,57.6,6.9,2.9,True,False,False,False,False,Day
A-3719,2,2022-05-22 18:27:02,Houston,Harris,TX,29.790351670864187,-95.37260911536883,Clear,61.8,57.7,10.0,8.1,False,False,False,False,True,Day
A-3720,3,2022-03-19 12:52:13,Miami,Miami-Dade,FL,25.746328095945493,-80.22049302690424,Clear,61.7,43.4,8.0,13.4,True,False,False,False,True,Day
A-3721,3,2022-11-19 08:28:52,Miami,Miami-Dade,FL,25.7014789883737,-80.16820542506649,Overcast,71.0,68.8,8.0,4.9,False,False,False,False,False,Day
A-3722,2,2022-04-05 16:33:49,Seattle,King,WA,47.700563928110284,-122.31727027281629,Fair,62.8,100.0,10.0,17.0,False,True,False,False,False,Day
A-3723,4,2022-02-24 07:08:02,Atlanta,Fulton,GA,33.682026901054115,-84.30774513856396,Clear,81.3,41.0,10.0,5.8,False,False,False,False,True,Day
A-3724,2,2022-04-07 09:03:15,Los Angeles,Los Angeles,CA,34.13626293798916,-118.21304751145172,Clear,79.5,72.0,9.8,8.0,False,False,False,True,False,Day
A-3725,2,2022-04-25 17:32:08,Houston,Harris,TX,29.757137547199942,-95.37295673647452,Fair,98.1,39.1,5.5,8.2,True,False,False,False,False,Day
A-3726,2,2022-11-08 16:39:37,Atlanta,Fulton,GA,33.81137198143504,-84.50206542930448,Clear,31.6,23.9,10.0,1.3,False,False,False,False,False,Day
A-3727,2,2022-09-22 10:15:07,Los Angeles,Los Angeles,CA,34.053345799421905,-118.19721814084892,Cloudy,85.5,47.7,10.0,3.8,False,False,False,False,False,Day
A-3728,2,2022-05-30 07:35:02,Los Angeles,Los Angeles,CA,34.09907053897701,-118.19681619823803,Snow,76.9,65.5,8.4,9.6,True,False,False,False,False,Day
A-3729,2,2022-05-09 09:37:32,Los Angeles,Los Angeles,CA,34.074642722695415,-118.17751813614815,Clear,62.4,68.0,7.0,6.1,False,False,False,False,False,Day
A-3730,2,2022-01-31 08:22:42,Dallas,Dallas,TX,32.74323116958919,-96.91138737290613,Clear,61.2,95.5,6.5,3.5,False,False,False,False,False,Day
A-3731,3,2022-02-18 07:29:44,Los Angeles,Los Angeles,CA,34.05890597940568,-118.23344581238163,Clear,63.7,65.6,8.3,11.9,False,False,False,False,False,Day
A-3732,2,2022-10-26 16:16:49,Chicago,Cook,IL,41.87095347958051,-87.59687294668963,Fair,68.7,60.3,6.7,8.2,False,False,False,False,False,Day
A-3733,3,2022-10-23 07:57:31,Houston,Harris,TX,29.79254902286675,-95.30972186899233,Clear,56.9,76.7,8.5,6.4,False,False,False,False,False,Day
A-3734,2,2022-04-04 11:06:38,Charlotte,Mecklenburg,NC,35.23417706104201,-80.81300510771885,Fair,40.9,65.0,7.8,16.1,True,False,False,False,True,Day
A-3735,2,2022-08-29 09:43:11,Miami,Miami-Dade,FL,25.77600784419498,-80.18877171215554,Rain,57.2,59.5,6.3,3.0,False,False,False,False,False,Day
A-3736,3,2022-12-11 22:40:33,Charlotte,Mecklenburg,NC,35.17580642392005,-80.89401771437801,Clear,61.0,56.4,7.6,2.9,False,False,True,False,False,Night
A-3737,2,2022-08-13 10:04:04,Dallas,Dallas,TX,32.71279340600272,-96.8028539405205,Fair,73.6,72.7,9.1,5.4,False,False,False,False,True,Day
A-3738,2,2022-11-26 05:12:34,Austin,Travis,TX,30.270731391434914,-97.72365881392413,Overcast,47.2,70.6,7.1,8.1,False,False,False,False,False,Night
A-3739,2,2022-08-25 05:13:43,Austin,Travis,TX,30.276277605552192,-97.70395799850941,Clear,74.6,54.7,8.2,8.8,False,False,False,False,False,Night
A-3740,2,2022-08-05 14:33:06,Dallas,Dallas,TX,32.724121635642575,-96.8763119497508,Clear,46.9,88.8,10.0,4.1,False,False,False,False,False,Day
A-3741,2,2022-09-05 14:09:14,Atlanta,Fulton,GA,33.77757782855194,-84.3732275033692,Cloudy,71.0,76.8,7.4,1.4,False,False,False,False,False,Day
A-3742,2,2022-03-20 10:10:33,Austin,Travis,TX,30.2979522300988,-97.81673930350728,Clear,73.3,79.2,7.1,9.3,False,False,False,False,False,Day
A-3743,3,2022-10-30 11:20:30,Austin,Travis,TX,30.27500667670968,-97.7298060547256,Overcast,63.0,41.7,9.2,5.2,False,True,False,False,False,Day
A-3744,2,2022-05-27 04:56:03,Los Angeles,Los Angeles,CA,34.05298692898661,-118.30106990579142,Clear,65.7,49.7,10.0,7.0,True,False,False,False,True,Night
A-3745,2,2022-04-24 13:58:59,Los Angeles,Los Angeles,CA,33.98882515420453,-118.31585039139144,Fair,75.5,90.3,9.8,7.3,False,False,False,False,False,Day
A-3746,2,2022-04-06 12:47:19,Miami,Miami-Dade,FL,25.69748682950239,-80.10127620671149,Cloudy,56.3,80.8,7.6,10.8,False,False,False,False,False,Day
A-3747,2,2022-10-17 06:39:22,Dallas,Dallas,TX,32.796435447380155,-96.86610759698608,Clear,69.6,31.7,7.6,4.9,True,False,False,False,False,Day
A-3748,2,2022-10-03 06:32:18,Houston,Harris,TX,29.718998935009683,-95.40163412418616,Clear,59.7,66.7,8.0,13.4,False,False,False,False,True,Day
A-3749,2,2022-10-28 06:04:15,Houston,Harris,TX,29.722511844978857,-95.37081857289515,Clear,88.3,79.2,8.3,6.4,False,False,False,False,True,Day
A-3750,2,2022-02-15 06:44:47,Seattle,King,WA,47.62013935691122,-122.43622003529511,Light Rain,73.1,39.5,10.0,1.6,False,False,True,False,False,Day
A-3751,3,2022-10-09 14:21:42,Atlanta,Fulton,GA,33.850882624878615,-84.34873002592848,Cloudy,49.3,80.2,9.2,3.0,False,False,False,False,True,Day
A-3752,2,2022-12-24 07:37:25,Atlanta,Fulton,GA,33.72912794526912,-84.42303614197375,Clear,92.3,61.0,10.0,2.8,False,False,False,False,False,Day
A-3753,4,2022-01-09 07:04:48,Miami,Miami-Dade,FL,25.864233933666366,-80.24280847081528,Cloudy,80.0,90.1,10.0,4.1,False,False,False,False,False,Day
A-3754,2,2022-04-21 07:26:04,Orlando,Orange,FL,28.534487185184204,-81.33298049768922,Cloudy,46.9,57.4,3.9,8.0,False,True,True,False,False,Day
A-3755,2,2022-08-13 20:30:05,Miami,Miami-Dade,FL,25.789892660253052,-80.25859358222728,Thunderstorm,42.1,31.1,8.0,11.0,False,False,False,False,False,Night
A-3756,2,2022-10-29 17:12:41,Los Angeles,Los Angeles,CA,34.10018580889155,-118.22131820097061,Fair,46.6,70.6,8.9,0.0,False,True,False,False,False,Day
A-3757,3,2022-06-17 07:10:25,Los Angeles,Los Angeles,CA,34.103825873660035,-118.24252231612444,Light Rain,50.3,37.5,9.3,10.6,False,False,False,False,True,Day
A-3758,2,2022-04-02 08:01:39,Miami,Miami-Dade,FL,25.778653235422603,-80.18893551596717,Fair,67.3,48.5,9.1,12.7,False,False,False,False,False,Day
A-3759,3,2022-02-10 07:56:41,Houston,Harris,TX,29.748915714089964,-95.37261960282832,Light Rain,66.2,23.7,5.5,15.2,False,False,False,False,True,Day
A-3760,3,2022-02-12 12:13:23,Seattle,King,WA,47.64760334922918,-122.3256695481919,Clear,76.0,43.8,5.5,8.7,False,False,False,False,False,Day
A-3761,3,2022-04-17 02:03:51,Los Angeles,Los Angeles,CA,34.073400371420014,-118.35755515100813,Clear,60.3,86.9,8.9,0.0,True,False,False,False,False,Night
A-3762,1,2022-04-24 15:59:08,Orlando,Orange,FL,28.516506710699296,-81.42291188186687,Light Rain,61.1,62.9,8.2,1.6,True,False,False,False,False,Day
A-3763,3,2022-11-01 13:17:35,Charlotte,Mecklenburg,NC,35.297554391677494,-80.88876288875922,Overcast,66.7,55.4,10.0,10.6,False,True,False,False,False,Day
A-3764,3,2022-12-13 18:08:32,Miami,Miami-Dade,FL,25.784569931891813,-80.1364242909586,Clear,81.9,42.5,9.0,7.4,False,False,False,False,False,Day
A-3765,2,2022-04-13 07:09:11,Charlotte,Mecklenburg,NC,35.18964050692806,-80.83516889831441,Fair,36.6,64.1,10.0,4.5,False,False,False,False,True,Day
A-3766,3,2022-04-23 17:13:09,Miami,Miami-Dade,FL,25.7183920816737,-80.1912326261512,Fair,61.2,55.6,10.0,1.0,False,False,False,False,False,Day
A-3767,4,2022-06-16 17:23:00,Dallas,Dallas,TX,32.87464583120411,-96.7042182157944,Clear,84.8,100.0,8.9,2.7,False,False,True,False,False,Day
A-3768,2,2022-03-16 06:34:17,Houston,Harris,TX,29.73576924831971,-95.47102347480835,Clear,66.0,60.4,10.0,9.1,False,False,False,False,True,Day
A-3769,2,2022-09-22 10:14:04,Los Angeles,Los Angeles,CA,34.08984725262651,-118.1729757779371,Clear,60.6,69.1,8.1,8.9,False,False,False,False,False,Day
A-3770,2,2022-03-18 07:53:51,Los Angeles,Los Angeles,CA,34.07104269424579,-118.24311027901354,Fair,52.8,47.3,8.9,10.9,False,False,False,False,False,Day
A-3771,1,2022-08-28 07:06:26,Charlotte,Mecklenburg,NC,35.26304747885047,-80.88085854205782,Clear,78.5,59.7,9.1,12.3,False,False,False,False,False,Day
A-3772,2,2022-03-04 08:47:12,Atlanta,Fulton,GA,33.84459067949467,-84.41471362341721,Clear,57.8,69.3,7.3,3.5,False,False,False,False,True,Day
A-3773,2,2022-08-04 13:12:25,Miami,Miami-Dade,FL,25.811565804059196,-80.21670804413878,Heavy Rain,57.7,41.6,6.7,10.7,False,False,False,False,True,Day
A-3774,2,2022-08-26 10:04:38,Orlando,Orange,FL,28.580088536192207,-81.30419611789483,Clear,85.5,71.9,6.4,4.0,False,False,False,False,False,Day
A-3775,2,2022-10-06 19:03:27,Dallas,Dallas,TX,32.76685636274185,-96.78504043650241,Cloudy,49.3,62.6,6.9,6.5,False,False,False,False,False,Night
A-3776,3,2022-06-02 06:15:36,Atlanta,Fulton,GA,33.71577133930917,-84.35367697704851,Light Rain,89.5,14.5,8.7,4.1,False,True,False,False,False,Day
A-3777,2,2022-07-18 21:35:37,Austin,Travis,TX,30.388173284112025,-97.78020814236356,Clear,67.5,76.5,9.6,10.1,False,True,False,False,False,Night
A-3778,3,2022-11-03 07:54:34,Charlotte,Mecklenburg,NC,35.22500819051429,-80.83754140946479,Clear,65.4,69.8,6.5,4.7,False,False,False,False,False,Day
A-3779,2,2022-12-09 16:07:16,Dallas,Dallas,TX,32.77136554741683,-96.75153530499107,Fair,69.3,64.8,9.1,9.6,False,False,False,False,False,Day
A-3780,3,2022-12-09 08:49:57,Atlanta,Fulton,GA,33.76343964275934,-84.33169175224617,Fair,65.3,47.3,8.5,8.9,False,True,False,False,False,Day
A-3781,3,2022-08-02 06:11:56,Houston,Harris,TX,29.769972755556243,-95.43678767953763,Fair,57.1,100.0,10.0,11.6,False,False,False,False,True,Day
A-3782,2,2022-02-04 17:11:10,Miami,Miami-Dade,FL,25.84133881071857,-80.15137139933476,Fair,70.2,48.2,8.0,9.3,True,True,False,False,True,Day
A-3783,2,2022-08-14 08:24:39,Los Angeles,Los Angeles,CA,34.079180341751545,-118.25099312770327,Heavy Rain,57.7,10.0,10.0,14.5,False,False,False,False,False,Day
A-3784,2,2022-02-04 15:48:24,Austin,Travis,TX,30.201703784001694,-97.72483131153794,Clear,71.4,70.3,10.0,4.4,False,True,False,False,True,Day
A-3785,3,2022-02-10 14:16:02,Austin,Travis,TX,30.234218097274002,-97.76950024886752,Overcast,99.7,57.3,8.3,10.2,True,False,False,False,True,Day
A-3786,3,2022-04-21 12:13:26,Los Angeles,Los Angeles,CA,34.05273547047197,-118.16740936272451,Clear,74.9,31.1,7.9,8.6,False,False,False,False,True,Day
A-3787,2,2022-03-18 12:17:12,Dallas,Dallas,TX,32.82798205483231,-96.78399104621884,Fair,62.2,54.9,10.0,4.0,True,False,False,False,False,Day
A-3788,2,2022-08-12 16:05:09,Houston,Harris,TX,29.684378507392793,-95.39920019857387,Clear,68.8,58.7,8.3,10.8,False,False,False,False,False,Day
A-3789,2,2022-01-21 05:28:05,Los Angeles,Los Angeles,CA,34.076894134785476,-118.26814622049899,Fair,60.2,44.9,9.1,10.4,False,False,False,False,False,Night
A-3790,2,2022-12-08 15:47:24,Chicago,Cook,IL,41.91466563911978,-87.5868295091565,Overcast,62.2,62.2,8.0,4.4,False,False,False,True,True,Day
A-3791,4,2022-09-18 18:43:29,Miami,Miami-Dade,FL,25.805818321212126,-80.15572367844355,Clear,63.3,67.1,7.9,0.3,False,False,True,False,False,Day
A-3792,2,2022-11-29 05:19:57,Los Angeles,Los Angeles,CA,34.048195587828154,-118.23967147662499,Clear,72.1,59.1,6.6,6.6,False,True,False,False,False,Night
A-3793,4,2022-10-18 06:28:31,Dallas,Dallas,TX,32.82916199359792,-96.81634085114965,Fair,78.6,41.5,10.0,4.3,False,False,False,False,False,Day
A-3794,3,2022-02-10 16:36:52,Orlando,Orange,FL,28.497549377857748,-81.33144367380504,Clear,96.6,69.4,8.2,7.7,False,False,False,False,True,Day
A-3795,4,2022-03-17 11:18:43,Los Angeles,Los Angeles,CA,34.09947461643557,-118.27000836242956,Overcast,74.7,27.6,9.3,7.0,False,False,False,False,False,Day
A-3796,2,2022-08-18 10:57:09,Dallas,Dallas,TX,32.77361770365989,-96.82582324496194,Overcast,48.5,68.1,10.0,14.1,False,False,False,False,True,Day
A-3797,2,2022-07-24 06:17:18,Charlotte,Mecklenburg,NC,35.22924427996122,-80.71679585235395,Light Rain,45.8,66.2,10.0,4.0,False,False,False,False,False,Day
A-3798,1,2022-12-20 12:26:47,Los Angeles,Los Angeles,CA,34.05378861129682,-118.22476490200462,Fair,64.0,55.7,7.9,9.4,False,False,False,False,False,Day
A-3799,3,2022-01-20 06:44:52,Los Angeles,Los Angeles,CA,34.08470608073151,-118.24781098191306,Fair,80.0,49.8,4.4,1.6,False,False,False,False,False,Day
A-3800,2,2022-05-15 12:01:43,Charlotte,Mecklenburg,NC,35.171859687057655,-80.86531661694994,Clear,61.9,35.4,9.2,3.1,True,False,False,False,False,Day
A-3801,2,2022-08-05 16:59:59,Miami,Miami-Dade,FL,25.805964525771195,-80.20231340918443,Cloudy,62.1,49.4,10.0,5.2,True,False,False,False,False,Day
A-3802,3,2022-01-04 08:37:17,Atlanta,Fulton,GA,33.79254310444648,-84.32560680010992,Fair,78.5,43.7,7.9,3.6,False,False,False,False,False,Day
A-3803,2,2022-09-09 12:37:37,Austin,Travis,TX,30.252125837690624,-97.70167105813734,Fog,64.6,39.8,10.0,8.7,False,False,False,False,True,Day
A-3804,2,2022-07-27 23:17:09,Chicago,Cook,IL,41.878223383128606,-87.66224651456757,Fog,80.5,35.9,9.0,6.9,False,False,False,False,False,Night
A-3805,2,2022-04-29 15:34:39,Miami,Miami-Dade,FL,25.718727714058232,-80.20830220722836,Rain,42.4,86.3,8.3,10.3,False,False,False,False,False,Day
A-3806,2,2022-10-26 17:22:24,Chicago,Cook,IL,41.820081237469424,-87.69557185510311,Fair,72.2,75.3,10.0,2.9,False,True,False,False,False,Day
A-3807,2,2022-07-04 10:17:14,Houston,Harris,TX,29.77027074209165,-95.35664060833828,Fair,38.4,100.0,8.4,7.7,False,True,False,False,True,Day
A-3808,2,2022-06-06 16:19:16,Miami,Miami-Dade,FL,25.77189362637473,-80.3901855722297,Light Rain,69.0,64.7,10.0,4.0,False,False,False,False,False,Day
A-3809,3,2022-05-17 04:12:24,Los Angeles,Los Angeles,CA,34.0353468608563,-118.32075361850629,Cloudy,78.5,74.4,9.1,12.1,False,False,False,False,False,Night
A-3810,3,2022-02-07 06:24:41,Los Angeles,Los Angeles,CA,33.98971104771284,-118.23908498528195,Cloudy,40.6,58.6,7.3,2.9,False,False,False,False,False,Day
A-3811,2,2022-04-16 07:27:20,Orlando,Orange,FL,28.561152869835357,-81.5104287748724,Clear,30.6,90.2,5.2,0.0,False,False,False,False,True,Day
A-3812,3,2022-07-13 10:58:02,Houston,Harris,TX,29.742334792614923,-95.25559065243539,Light Rain,77.8,59.0,10.0,4.7,False,False,False,False,False,Day
A-3813,2,2022-05-29 17:05:42,Miami,Miami-Dade,FL,25.72423292747742,-80.23613324057578,Fair,71.7,79.5,10.0,2.5,True,False,False,False,False,Day
A-3814,2,2022-10-27 09:02:57,Dallas,Dallas,TX,32.84049659929303,-96.7728103669684,Fair,48.5,63.7,10.0,7.6,False,False,False,False,False,Day
A-3815,3,2022-03-30 15:44:04,Miami,Miami-Dade,FL,25.712942262548193,-80.1284108036041,Light Rain,68.7,96.8,10.0,9.3,True,False,False,False,False,Day
A-3816,2,2022-12-29 16:31:46,Dallas,Dallas,TX,32.80479588047375,-96.78357196939378,Fair,56.9,50.4,10.0,9.9,False,False,False,False,True,Day
A-3817,2,2022-02-26 14:51:51,Houston,Harris,TX,29.685423082551324,-95.37005583775911,Cloudy,62.3,83.0,4.7,0.0,False,True,False,False,False,Day
A-3818,2,2022-11-21 09:48:39,Austin,Travis,TX,30.195389209821403,-97.77148863490166,Fair,61.0,57.8,5.5,9.9,False,False,False,False,False,Day
A-3819,2,2022-08-11 14:12:25,Austin,Travis,TX,30.291333920404796,-97.80900361348061,Fair,45.0,43.3,8.4,7.9,False,False,False,False,False,Day
A-3820,2,2022-11-09 08:24:09,Charlotte,Mecklenburg,NC,35.21029316303753,-80.86688070738134,Clear,78.5,59.0,10.0,9.8,False,True,False,False,True,Day
A-3821,3,2022-01-21 05:37:19,Houston,Harris,TX,29.70195761039959,-95.36464843505337,Fair,49.1,15.0,9.6,10.5,False,False,False,False,False,Night
A-3822,2,2022-07-31 23:38:37,Houston,Harris,TX,29.807896770904527,-95.37109722076899,Fair,66.4,78.7,9.6,4.5,False,True,False,False,True,Night
A-3823,3,2022-10-24 06:30:39,Austin,Travis,TX,30.28576574585769,-97.79084627533112,Fair,74.8,73.3,8.1,3.4,True,False,False,False,True,Day
A-3824,2,2022-09-14 05:57:56,Miami,Miami-Dade,FL,25.655305590266153,-80.13862788554064,Light Rain,52.5,98.0,7.3,8.3,False,False,False,False,False,Night
A-3825,2,2022-09-25 18:05:06,Miami,Miami-Dade,FL,25.809670077283744,-80.26332800142775,Clear,60.9,40.8,8.8,10.9,False,False,False,False,True,Day
A-3826,2,2022-07-01 08:39:46,Los Angeles,Los Angeles,CA,33.99900577182493,-118.21395450209928,Light Rain,57.4,45.1,8.5,2.0,False,False,False,False,False,Day
A-3827,2,2022-05-24 15:20:00,Houston,Harris,TX,29.675005323253068,-95.32726475582005,Fair,90.9,34.7,8.1,7.3,False,False,False,True,False,Day
A-3828,3,2022-09-10 08:49:14,Charlotte,Mecklenburg,NC,35.18607195285486,-80.83119901775858,Cloudy,78.7,67.3,10.0,4.9,False,False,False,False,True,Day
A-3829,2,2022-08-06 10:02:29,Seattle,King,WA,47.60410988761242,-122.24890559822485,Clear,76.4,51.7,9.0,4.9,False,False,False,False,False,Day
A-3830,2,2022-06-28 08:35:02,Miami,Miami-Dade,FL,25.765568816380974,-80.17152130006046,Clear,98.2,43.5,9.9,5.4,False,False,False,False,False,Day
A-3831,2,2022-08-02 09:07:25,Houston,Harris,TX,29.678656738172254,-95.30086167767298,Overcast,70.3,68.0,8.8,9.6,False,False,False,False,False,Day
A-3832,2,2022-01-14 10:27:47,Austin,Travis,TX,30.19654491791337,-97.87644198828733,Clear,60.0,82.0,10.0,9.3,False,True,False,False,False,Day
A-3833,2,2022-10-07 16:38:36,Austin,Travis,TX,30.22915471099901,-97.69620303137589,Fog,43.4,62.1,6.8,3.4,False,False,True,True,False,Day
A-3834,2,2022-02-04 12:38:20,Houston,Harris,TX,29.725549121788188,-95.34051612266197,Clear,54.5,50.4,6.2,1.5,False,False,False,False,False,Day
A-3835,2,2022-01-04 19:37:55,Houston,Harris,TX,29.79848994169763,-95.343057245868,Rain,67.4,83.4,8.3,11.3,False,True,True,False,False,Night
A-3836,2,2022-04-08 04:10:44,Miami,Miami-Dade,FL,25.74103392072757,-80.16094081931982,Fair,79.0,54.9,10.0,10.2,True,False,False,False,False,Night
A-3837,4,2022-12-15 12:32:02,Atlanta,Fulton,GA,33.786131499695706,-84.41205583137148,Fair,55.2,54.6,8.3,12.0,False,False,False,False,False,Day
A-3838,2,2022-01-20 14:14:40,Los Angeles,Los Angeles,CA,34.10699124179921,-118.20575612284098,Clear,88.8,70.3,10.0,9.2,False,False,False,False,False,Day
A-3839,4,2022-01-12 18:22:59,Atlanta,Fulton,GA,33.776783525142875,-84.29893084282855,Fair,41.9,46.3,7.0,12.3,False,False,False,False,True,Day
A-3840,2,2022-01-29 04:55:07,Orlando,Orange,FL,28.38459450031922,-81.47309123043065,Clear,59.4,80.5,8.6,0.0,True,False,False,False,False,Night
A-3841,2,2022-03-28 14:19:51,Charlotte,Mecklenburg,NC,35.2118991552367,-80.78360285354265,Fair,71.1,41.6,5.3,6.5,False,False,False,False,False,Day
A-3842,2,2022-12-13 17:32:27,Los Angeles,Los Angeles,CA,34.043884710854584,-118.25014080116503,Fair,67.0,47.8,10.0,4.2,False,False,False,False,False,Day
A-3843,2,2022-07-19 07:37:29,Charlotte,Mecklenburg,NC,35.22437881120571,-80.87607847694404,Cloudy,72.2,36.9,8.8,14.9,False,False,False,False,False,Day
A-3844,2,2022-09-13 18:42:16,Houston,Harris,TX,29.656291046113584,-95.43032793231528,Light Rain,66.9,77.3,4.3,2.2,False,False,False,False,False,Day
A-3845,2,2022-02-05 01:27:53,Los Angeles,Los Angeles,CA,34.01399572328681,-118.22470844279563,Fair,74.7,87.1,8.4,1.6,False,False,False,False,True,Night
A-3846,2,2022-07-25 16:45:27,Dallas,Dallas,TX,32.70858778947375,-96.71787240581415,Clear,61.3,56.9,3.9,4.5,False,False,False,False,False,Day
A-3847,3,2022-05-25 19:39:59,Chicago,Cook,IL,41.831771869900926,-87.64924640659697,Clear,60.5,68.9,10.0,4.9,False,False,False,False,False,Night
A-3848,4,2022-10-01 15:43:43,Charlotte,Mecklenburg,NC,35.214165552397255,-80.8097658020801,Light Rain,52.6,67.3,7.2,5.5,False,False,False,False,True,Day
A-3849,3,2022-11-19 11:04:04,Orlando,Orange,FL,28.501222369801926,-81.37972461749345,Clear,97.6,65.9,9.1,10.6,False,False,False,False,False,Day
A-3850,2,2022-04-15 04:05:06,Los Angeles,Los Angeles,CA,34.00954937183321,-118.32587375011819,Cloudy,63.8,36.8,7.5,12.9,True,False,False,False,False,Night
A-3851,2,2022-03-26 18:52:16,Houston,Harris,TX,29.750501527908938,-95.37876695597167,Clear,71.5,46.9,8.6,10.9,False,True,False,False,True,Day
A-3852,2,2022-03-19 12:08:30,Los Angeles,Los Angeles,CA,34.0275896104516,-118.27693442865203,Clear,61.8,75.2,10.0,16.9,False,False,False,False,True,Day
A-3853,2,2022-04-13 03:44:08,Dallas,Dallas,TX,32.786684495432674,-96.84767381566837,Fair,88.9,84.3,8.2,12.1,False,False,False,False,True,Night
A-3854,2,2022-10-04 15:44:12,Atlanta,Fulton,GA,33.72800719044428,-84.40951657211502,Fair,64.8,79.0,10.0,4.5,False,False,False,False,True,Day
A-3855,2,2022-06-16 12:09:15,Dallas,Dallas,TX,32.69831954939741,-96.81291755688524,Fair,69.9,60.3,3.4,6.6,False,False,False,False,False,Day
A-3856,2,2022-05-12 06:55:18,Los Angeles,Los Angeles,CA,34.00064588405946,-118.19337176810018,Cloudy,51.9,76.0,6.5,10.2,False,False,True,False,False,Day
A-3857,3,2022-10-20 07:05:03,Houston,Harris,TX,29.743997466363854,-95.3686210843956,Clear,91.4,29.3,9.1,2.4,False,False,False,False,False,Day
A-3858,3,2022-11-21 05:30:45,Charlotte,Mecklenburg,NC,35.20470122661152,-80.91334215602956,Clear,68.3,19.6,7.6,5.8,False,True,False,False,False,Night
A-3859,1,2022-10-17 14:44:20,Houston,Harris,TX,29.689725886510278,-95.3094710692029,Cloudy,92.0,32.5,10.0,9.6,False,False,False,False,True,Day
A-3860,2,2022-08-03 15:08:34,Seattle,King,WA,47.64002902100694,-122.31284452867457,Fair,56.0,100.0,10.0,14.6,False,False,False,False,False,Day
A-3861,3,2022-04-08 12:51:20,Austin,Travis,TX,30.28281117274318,-97.72905424121727,Clear,58.4,100.0,10.0,7.1,False,False,False,True,False,Day
A-3862,2,2022-04-30 17:23:30,Dallas,Dallas,TX,32.74666037343784,-96.75332372628235,Cloudy,57.1,28.1,9.2,7.8,False,True,False,False,False,Day
A-3863,2,2022-07-12 17:56:34,Houston,Harris,TX,29.752215461844546,-95.37088024486967,Cloudy,60.7,55.5,7.5,9.1,False,False,False,False,True,Day
A-3864,2,2022-04-30 14:57:34,Miami,Miami-Dade,FL,25.708106323951334,-80.21862017455115,Clear,75.1,51.4,10.0,0.1,False,False,False,False,False,Day
A-3865,2,2022-02-12 01:18:52,Los Angeles,Los Angeles,CA,34.09485339335497,-118.22637134661039,Cloudy,34.3,85.9,6.9,5.6,False,True,False,False,False,Night
A-3866,2,2022-12-15 15:11:39,Houston,Harris,TX,29.863846517821056,-95.3386535686814,Fair,64.3,73.1,8.4,3.6,False,False,False,False,False,Day
A-3867,3,2022-04-13 10:32:28,Houston,Harris,TX,29.728170653141653,-95.35072865435158,Clear,53.3,52.4,9.8,10.1,False,False,False,False,False,Day
A-3868,2,2022-12-19 14:05:20,Orlando,Orange,FL,28.599496617443307,-81.33864902670874,Fair,51.7,71.2,7.6,5.2,False,False,False,False,True,Day
A-3869,2,2022-02-24 15:21:39,Dallas,Dallas,TX,32.7336603898124,-96.79197738453433,Fair,72.0,75.5,10.0,11.9,False,False,False,False,False,Day
A-3870,1,2022-03-28 09:02:35,Los Angeles,Los Angeles,CA,34.02560192713029,-118.29347937514625,Rain,69.5,22.8,10.0,8.7,False,False,False,False,False,Day
A-3871,3,2022-10-04 18:10:47,Houston,Harris,TX,29.832084511591873,-95.4012587404684,Cloudy,77.9,70.6,7.2,6.4,False,False,False,False,False,Day
A-3872,1,2022-07-19 06:46:26,Los Angeles,Los Angeles,CA,34.0462080481557,-118.17506963482975,Clear,70.8,59.6,10.0,4.8,False,False,False,False,False,Day
A-3873,2,2022-07-17 15:45:01,Los Angeles,Los Angeles,CA,34.08654918433682,-118.2420633874227,Clear,67.7,37.1,10.0,4.1,False,False,False,False,False,Day
A-3874,2,2022-09-29 00:16:39,Austin,Travis,TX,30.253726954560022,-97.79947513789912,Light Rain,56.6,48.2,6.0,13.4,False,False,True,False,False,Night
A-3875,2,2022-07-15 19:09:44,Los Angeles,Los Angeles,CA,33.96206321849909,-118.30479274143025,Light Rain,51.1,65.7,10.0,0.0,False,False,False,False,False,Night
A-3876,2,2022-02-24 06:41:53,Houston,Harris,TX,29.877270590153852,-95.43674772285772,Clear,74.0,62.5,6.5,6.7,False,False,False,False,False,Day
A-3877,2,2022-06-25 05:31:48,Los Angeles,Los Angeles,CA,34.04136134268827,-118.20250731467195,Clear,61.2,56.2,9.0,7.3,False,False,False,False,False,Night
A-3878,3,2022-06-02 08:13:04,Seattle,King,WA,47.61400587722606,-122.31661188237976,Cloudy,71.0,54.0,9.4,0.0,False,False,False,False,False,Day
A-3879,4,2022-03-08 09:46:31,Charlotte,Mecklenburg,NC,35.19047361400939,-80.75086333838122,Cloudy,64.9,61.1,7.7,12.2,False,True,False,False,False,Day
A-3880,2,2022-07-11 07:48:32,Miami,Miami-Dade,FL,25.800706581195676,-80.16299278612695,Clear,34.3,27.9,7.7,7.8,False,False,False,False,False,Day
A-3881,1,2022-04-08 14:03:56,Charlotte,Mecklenburg,NC,35.26242931543782,-80.81128539847178,Cloudy,72.3,94.3,7.3,9.9,False,False,False,True,False,Day
A-3882,1,2022-10-24 11:02:12,Orlando,Orange,FL,28.46043726636943,-81.27970774952166,Clear,55.6,52.7,7.9,10.0,True,False,True,False,False,Day
A-3883,3,2022-07-16 03:35:17,Chicago,Cook,IL,41.88665497936525,-87.67823959671027,Clear,78.0,70.1,7.0,10.6,False,False,False,False,False,Night
A-3884,2,2022-04-22 08:35:16,Miami,Miami-Dade,FL,25.805555050126298,-80.26681115312658,Clear,37.1,92.4,10.0,10.2,False,False,False,False,False,Day
A-3885,3,2022-12-23 17:33:11,Seattle,King,WA,47.66622184333365,-122.30445550507139,Fair,93.5,82.7,6.1,10.2,False,False,False,False,False,Day
A-3886,2,2022-03-22 15:47:39,Atlanta,Fulton,GA,33.78132244886189,-84.40020311050739,Overcast,56.1,66.0,10.0,8.6,False,False,False,False,False,Day
A-3887,3,2022-08-07 16:39:12,Atlanta,Fulton,GA,33.785716873413286,-84.37312305309881,Fair,72.1,57.8,8.7,11.0,False,False,False,False,False,Day
A-3888,3,2022-10-06 16:13:31,Dallas,Dallas,TX,32.74969531468733,-96.73576182104686,Clear,54.3,59.5,4.8,17.9,False,False,False,False,False,Day
A-3889,3,2022-01-18 08:15:54,Dallas,Dallas,TX,32.7152480649029,-96.75892206339411,Light Rain,56.4,27.4,10.0,3.6,False,False,True,False,False,Day
A-3890,2,2022-01-03 06:21:56,Houston,Harris,TX,29.744856309256154,-95.29397390888161,Clear,75.3,35.6,8.2,9.1,False,False,False,False,False,Day
A-3891,2,2022-06-14 08:15:12,Austin,Travis,TX,30.204611730669303,-97.78850399442096,Overcast,62.0,64.8,6.6,10.4,False,True,False,False,False,Day
A-3892,2,2022-05-12 17:17:28,Charlotte,Mecklenburg,NC,35.19014844569975,-80.79823136490756,Overcast,63.0,52.4,8.3,0.8,False,False,False,False,False,Day
A-3893,2,2022-01-31 21:45:01,Orlando,Orange,FL,28.500601135230642,-81.41782506984586,Clear,77.7,30.0,7.5,14.6,False,False,False,False,False,Night
A-3894,2,2022-04-28 12:02:28,Houston,Harris,TX,29.71336477388596,-95.2863532871934,Clear,67.8,65.8,10.0,9.6,False,False,False,False,True,Day
A-3895,2,2022-10-24 01:31:03,Orlando,Orange,FL,28.564914312720695,-81.35679388741049,Light Rain,71.7,75.1,7.4,8.2,False,False,False,True,False,Night
A-3896,2,2022-07-07 06:23:48,Austin,Travis,TX,30.216563636829353,-97.71775617109374,Fair,55.6,83.3,6.4,5.6,False,False,False,False,False,Day
A-3897,2,2022-05-16 08:15:16,Los Angeles,Los Angeles,CA,34.143979021892804,-118.27280025479426,Clear,75.0,70.6,7.6,10.4,False,True,False,False,True,Day
A-3898,2,2022-05-12 14:06:09,Seattle,King,WA,47.65565750200713,-122.35866874033154,Light Rain,66.7,47.4,7.0,2.5,False,False,False,False,False,Day
A-3899,2,2022-01-20 05:35:23,Charlotte,Mecklenburg,NC,35.286574686727505,-80.82283573798846,Clear,71.5,73.7,10.0,13.9,False,False,False,False,False,Night
A-3900,2,2022-04-09 19:45:13,Seattle,King,WA,47.571742187193436,-122.24468678849944,Clear,70.5,65.6,9.4,11.2,False,True,False,False,True,Night
A-3901,2,2022-12-01 09:45:21,Houston,Harris,TX,29.770414828239865,-95.29068079858042,Cloudy,81.9,41.5,6.1,6.5,False,False,False,False,False,Day
A-3902,3,2022-09-21 18:49:46,Houston,Harris,TX,29.708255265319714,-95.35187599480444,Cloudy,72.6,40.8,6.9,12.8,False,False,False,False,False,Day
A-3903,2,2022-03-04 16:44:11,Atlanta,Fulton,GA,33.7598677897056,-84.40906510881926,Fair,47.6,77.0,8.1,0.0,False,False,False,False,True,Day
A-3904,2,2022-12-30 16:51:33,Miami,Miami-Dade,FL,25.673313956769732,-80.16315454291534,Clear,56.1,66.3,5.3,3.0,False,False,False,False,False,Day
A-3905,1,2022-06-19 14:28:20,Seattle,King,WA,47.65931484409557,-122.26937681582041,Fair,68.4,65.2,6.8,7.3,False,True,False,False,True,Day
A-3906,2,2022-08-25 15:41:04,Charlotte,Mecklenburg,NC,35.19485523380809,-80.83251003997793,Cloudy,71.0,61.3,9.6,7.4,False,False,False,True,False,Day
A-3907,2,2022-12-11 15:06:40,Charlotte,Mecklenburg,NC,35.24224224196336,-80.86246404944292,Light Rain,45.1,72.0,10.0,8.8,False,False,False,False,True,Day
A-3908,4,2022-01-20 15:09:37,Miami,Miami-Dade,FL,25.786123707551592,-80.15784363331649,Fair,50.1,49.8,5.3,7.8,False,False,False,False,False,Day
A-3909,2,2022-02-04 13:26:34,Dallas,Dallas,TX,32.749001797731964,-96.80898408061658,Cloudy,81.4,57.5,10.0,12.0,False,False,False,False,False,Day
A-3910,2,2022-09-27 22:09:08,Miami,Miami-Dade,FL,25.721786953556716,-80.20955548270257,Clear,94.5,74.9,9.7,1.2,False,False,False,False,True,Night
A-3911,2,2022-11-17 16:36:34,Los Angeles,Los Angeles,CA,34.04618961326021,-118.24650708946433,Light Rain,40.2,60.7,6.7,0.0,False,False,False,False,False,Day
A-3912,2,2022-11-02 16:39:07,Miami,Miami-Dade,FL,25.801848284190378,-80.15846984521386,Clear,68.9,45.0,10.0,1.4,False,False,False,False,False,Day
A-3913,3,2022-09-23 17:55:53,Los Angeles,Los Angeles,CA,34.04485072856891,-118.25482664413339,Cloudy,65.7,46.2,9.8,1.8,False,False,False,False,False,Day
A-3914,2,2022-10-21 07:48:42,Chicago,Cook,IL,41.908247889298174,-87.63166069281868,Rain,80.2,60.9,10.0,7.2,False,False,False,False,True,Day
A-3915,4,2022-04-06 05:15:27,Chicago,Cook,IL,41.917804576958325,-87.62262710694586,Overcast,72.4,10.0,10.0,6.5,False,False,False,False,False,Night
A-3916,2,2022-12-16 12:31:27,Houston,Harris,TX,29.750777355911953,-95.38889070166844,Cloudy,77.4,95.0,10.0,8.3,False,True,False,False,False,Day
A-3917,3,2022-11-01 12:29:08,Orlando,Orange,FL,28.532666174929926,-81.30172228014847,Cloudy,30.8,56.5,6.5,8.5,False,False,False,False,True,Day
A-3918,2,2022-08-11 17:58:27,Miami,Miami-Dade,FL,25.76864036893694,-80.09965445184916,Rain,64.9,69.7,10.0,8.2,False,False,False,False,False,Day
A-3919,2,2022-12-17 11:14:38,Orlando,Orange,FL,28.59542023127913,-81.39434036189115,Overcast,51.4,72.7,9.1,0.9,False,False,False,False,False,Day
A-3920,3,2022-03-10 14:32:46,Austin,Travis,TX,30.2500359202852,-97.78298035230752,Cloudy,51.8,65.0,10.0,6.2,False,True,False,False,False,Day
A-3921,2,2022-02-08 13:28:33,Atlanta,Fulton,GA,33.80588752629144,-84.41119958617605,Cloudy,46.6,32.7,7.6,5.1,False,False,True,False,False,Day
A-3922,2,2022-06-22 04:51:46,Houston,Harris,TX,29.7731563725964,-95.34750892110617,Clear,68.4,38.7,7.7,12.0,False,True,False,False,False,Night
A-3923,2,2022-08-16 14:50:53,Austin,Travis,TX,30.230369453324624,-97.74740004650162,Fair,70.0,30.2,7.8,8.5,False,False,False,False,True,Day
A-3924,2,2022-04-28 17:44:29,Miami,Miami-Dade,FL,25.75960030743857,-80.25574025985264,Clear,74.5,81.9,10.0,14.6,False,False,False,False,False,Day
A-3925,2,2022-06-25 06:10:53,Chicago,Cook,IL,41.82206829823982,-87.63759073198075,Fair,59.0,29.1,8.8,3.2,False,True,False,False,True,Day
A-3926,2,2022-04-24 14:20:58,Los Angeles,Los Angeles,CA,33.98489963641933,-118.22334702288087,Cloudy,85.8,46.7,7.9,5.9,False,False,False,False,False,Day
A-3927,2,2022-05-16 14:24:53,Dallas,Dallas,TX,32.8070424624277,-96.74776808455361,Clear,51.0,86.1,8.3,10.8,False,True,False,False,False,Day
A-3928,2,2022-02-02 07:00:57,Dallas,Dallas,TX,32.81658844606524,-96.70915445417953,Clear,43.5,37.4,10.0,5.1,False,False,False,False,False,Day
A-3929,2,2022-09-06 06:52:21,Orlando,Orange,FL,28.536648812681154,-81.40160445694634,Fair,68.3,63.0,10.0,8.6,False,False,False,False,True,Day
A-3930,2,2022-06-02 21:12:44,Los Angeles,Los Angeles,CA,34.05458406836931,-118.27487149651478,Clear,54.7,75.2,9.9,4.7,False,False,False,False,False,Night
A-3931,4,2022-05-16 10:22:20,Atlanta,Fulton,GA,33.72016181663476,-84.40052701298472,Fair,73.0,58.8,9.5,11.8,True,False,False,False,False,Day
A-3932,2,2022-10-27 07:49:27,Los Angeles,Los Angeles,CA,34.06069397125672,-118.29097779674629,Rain,55.1,63.1,10.0,1.5,False,False,False,False,False,Day
A-3933,3,2022-11-12 07:51:31,Dallas,Dallas,TX,32.87577393854322,-96.83201234282106,Cloudy,56.3,70.7,6.9,14.8,False,False,False,False,True,Day
A-3934,2,2022-07-04 15:23:55,Miami,Miami-Dade,FL,25.812184836012676,-80.22651424750828,Clear,55.1,95.7,10.0,10.2,False,False,False,False,False,Day
A-3935,2,2022-08-10 14:40:34,Miami,Miami-Dade,FL,25.75789713355366,-80.17545491306268,Clear,54.0,41.3,9.2,9.1,False,False,False,False,False,Day
A-3936,2,2022-11-25 15:24:48,Charlotte,Mecklenburg,NC,35.21894053226195,-80.88474266265207,Cloudy,65.0,51.2,7.1,8.7,False,False,False,False,False,Day
A-3937,2,2022-08-17 05:18:40,Houston,Harris,TX,29.741580449761425,-95.32856511062026,Cloudy,68.6,72.7,9.0,4.4,False,False,False,False,False,Night
A-3938,2,2022-03-17 18:16:54,Los Angeles,Los Angeles,CA,33.981646632207976,-118.18624356737028,Fair,54.0,56.1,8.5,10.0,False,True,False,False,False,Day
A-3939,2,2022-05-11 09:22:46,Los Angeles,Los Angeles,CA,34.02805435763858,-118.29999213354787,Clear,47.4,48.8,9.7,5.1,False,False,False,False,True,Day
A-3940,2,2022-05-24 08:57:09,Houston,Harris,TX,29.794111589625174,-95.4350478390767,Clear,72.5,80.6,10.0,0.0,False,True,False,False,False,Day
A-3941,3,2022-08-17 11:25:33,Austin,Travis,TX,30.220599086826248,-97.76989792848178,Clear,70.8,15.5,6.7,7.5,False,False,False,False,False,Day
A-3942,4,2022-10-24 09:07:50,Atlanta,Fulton,GA,33.73499713394078,-84.4080663606242,Fair,75.7,82.6,10.0,4.2,False,False,False,False,True,Day
A-3943,2,2022-07-23 17:46:19,Los Angeles,Los Angeles,CA,33.99629094288936,-118.18039687290404,Overcast,49.3,91.8,5.6,7.7,False,True,False,True,False,Day
A-3944,2,2022-05-24 19:29:04,Houston,Harris,TX,29.79967223150276,-95.37231678175307,Light Rain,52.6,55.9,7.5,7.1,False,False,False,False,False,Night
A-3945,2,2022-11-14 08:31:16,Los Angeles,Los Angeles,CA,33.98853841859309,-118.222714531691,Fair,77.3,33.7,10.0,1.5,False,False,False,False,False,Day
A-3946,2,2022-10-02 17:41:04,Los Angeles,Los Angeles,CA,34.08183389536309,-118.22280659219307,Overcast,78.4,63.5,6.0,13.5,False,False,False,False,True,Day
A-3947,2,2022-04-18 16:37:03,Dallas,Dallas,TX,32.82813203050365,-96.84102937420096,Thunderstorm,58.9,69.6,7.8,4.5,False,False,False,False,True,Day
A-3948,2,2022-04-27 19:18:38,Dallas,Dallas,TX,32.76053120770477,-96.80953485939783,Cloudy,50.7,27.2,7.4,11.4,False,False,False,False,False,Night
A-3949,3,2022-05-18 07:48:22,Los Angeles,Los Angeles,CA,34.01785382922703,-118.24433993349356,Cloudy,54.5,61.6,4.2,4.3,False,False,False,False,False,Day
A-3950,1,2022-10-22 14:12:26,Miami,Miami-Dade,FL,25.78545589766692,-80.17292065393124,Rain,50.5,99.0,8.8,7.2,False,False,False,False,False,Day
A-3951,2,2022-11-06 08:01:17,Los Angeles,Los Angeles,CA,34.13232125728132,-118.31541278649854,Clear,77.0,85.3,9.9,8.3,True,False,True,False,False,Day
A-3952,3,2022-09-29 17:32:35,Seattle,King,WA,47.6732838780525,-122.36182931261739,Clear,75.7,70.5,9.9,0.0,False,False,False,False,False,Day
A-3953,2,2022-12-06 00:48:20,Chicago,Cook,IL,41.87441197793638,-87.62922451452198,Snow,66.2,68.2,7.8,4.7,False,False,False,False,False,Night
A-3954,2,2022-05-20 14:51:59,Los Angeles,Los Angeles,CA,34.00804087152592,-118.26568095338621,Fair,54.8,60.8,5.0,8.2,True,False,False,False,True,Day
A-3955,3,2022-06-25 08:01:02,Miami,Miami-Dade,FL,25.750095376548867,-80.26190862593091,Overcast,51.8,63.0,7.6,7.4,True,False,False,False,False,Day
A-3956,2,2022-01-18 08:46:06,Seattle,King,WA,47.52170455700952,-122.36822401066544,Overcast,55.8,58.1,7.2,7.3,False,True,False,False,False,Day
A-3957,2,2022-06-19 15:43:32,Atlanta,Fulton,GA,33.721214743760804,-84.45762343040394,Fair,51.7,64.1,9.5,10.8,False,False,False,False,False,Day
A-3958,2,2022-03-27 17:53:22,Houston,Harris,TX,29.782927297284697,-95.30075275037106,Fair,68.4,27.4,7.8,3.9,False,False,False,False,False,Day
A-3959,2,2022-05-04 14:40:25,Los Angeles,Los Angeles,CA,34.033814645798174,-118.25968197752545,Fair,76.4,16.7,9.8,7.4,False,False,False,False,False,Day
A-3960,3,2022-11-27 17:27:20,Los Angeles,Los Angeles,CA,34.02217754299867,-118.24697541609598,Clear,76.9,45.0,5.1,1.7,False,False,False,False,False,Day
A-3961,2,2022-08-08 08:50:50,Dallas,Dallas,TX,32.77392556978164,-96.8459454723328,Clear,51.7,80.6,10.0,5.1,False,False,False,False,False,Day
A-3962,2,2022-04-21 13:34:04,Houston,Harris,TX,29.746932309166336,-95.35826444963617,Fair,56.0,71.9,10.0,12.0,False,True,False,False,False,Day
A-3963,2,2022-04-20 11:22:38,Los Angeles,Los Angeles,CA,34.08997465702152,-118.20894660856435,Clear,56.7,76.9,6.7,7.2,False,False,False,False,True,Day
A-3964,4,2022-08-12 01:39:49,Dallas,Dallas,TX,32.71036218997278,-96.84281038874526,Clear,80.3,61.9,7.5,5.2,False,False,False,False,False,Night
A-3965,2,2022-09-12 13:49:23,Los Angeles,Los Angeles,CA,34.078523378230734,-118.28838662124748,Clear,45.0,84.3,8.3,3.8,False,False,False,False,False,Day
A-3966,2,2022-08-25 15:24:51,Austin,Travis,TX,30.264893081710476,-97.76787970382937,Cloudy,65.0,86.7,10.0,1.6,False,False,False,False,False,Day
A-3967,4,2022-10-14 14:58:37,Miami,Miami-Dade,FL,25.78341390803306,-80.26180439921838,Light Rain,51.9,83.9,8.3,10.9,False,False,False,False,True,Day
A-3968,4,2022-07-18 16:26:31,Los Angeles,Los Angeles,CA,33.98274490100404,-118.22468871850357,Fair,62.1,46.4,9.6,15.5,False,True,False,False,True,Day
A-3969,2,2022-04-15 14:43:32,Dallas,Dallas,TX,32.82085231612315,-96.75905004330448,Fair,75.4,61.1,8.9,5.4,False,False,False,False,False,Day
A-3970,2,2022-09-09 05:42:46,Houston,Harris,TX,29.78755202720863,-95.44142861618532,Thunderstorm,60.2,50.7,10.0,0.0,False,True,False,False,True,Night
A-3971,2,2022-07-21 06:10:10,Chicago,Cook,IL,41.961760375531966,-87.58575084798795,Clear,53.7,89.5,9.3,13.2,True,False,False,False,False,Day
A-3972,1,2022-03-31 14:51:04,Charlotte,Mecklenburg,NC,35.18546315482075,-80.79901370296362,Clear,76.2,82.5,6.5,3.4,False,False,False,False,True,Day
A-3973,2,2022-07-05 08:39:12,Miami,Miami-Dade,FL,25.732451194852093,-80.33384212684312,Clear,66.9,69.1,8.4,8.6,False,True,False,False,False,Day
A-3974,2,2022-05-23 05:33:11,Orlando,Orange,FL,28.449090867640038,-81.43438628169454,Fair,72.2,73.8,10.0,9.1,False,False,False,False,False,Night
A-3975,2,2022-05-29 11:20:28,Miami,Miami-Dade,FL,25.720520082741537,-80.22212833631197,Clear,69.0,65.8,9.6,11.5,False,False,False,False,True,Day
A-3976,2,2022-09-10 13:56:59,Atlanta,Fulton,GA,33.820715207629036,-84.35958049916533,Clear,46.8,41.3,6.5,6.1,True,False,False,False,False,Day
A-3977,4,2022-09-09 08:32:07,Houston,Harris,TX,29.775153143186618,-95.34790072888222,Clear,84.6,81.4,10.0,8.9,False,False,False,False,False,Day
A-3978,2,2022-08-09 16:12:04,Charlotte,Mecklenburg,NC,35.19078215426549,-80.88934615101894,Fair,62.0,100.0,7.7,5.7,False,True,False,False,False,Day
A-3979,2,2022-01-13 15:09:13,Los Angeles,Los Angeles,CA,34.05885456803775,-118.16247075103097,Fair,77.6,70.1,10.0,0.0,False,True,False,False,True,Day
A-3980,4,2022-09-22 08:10:45,Houston,Harris,TX,29.757322479016384,-95.40480351258056,Cloudy,59.7,57.6,10.0,5.3,False,False,False,False,True,Day
A-3981,2,2022-10-08 16:28:52,Seattle,King,WA,47.51074344481567,-122.37386235310939,Fair,73.5,45.5,10.0,8.5,False,False,False,False,False,Day
A-3982,2,2022-01-21 15:51:29,Austin,Travis,TX,30.180792154166074,-97.80114292009982,Clear,80.2,54.9,7.2,3.0,False,False,False,False,False,Day
A-3983,2,2022-06-30 15:57:06,Miami,Miami-Dade,FL,25.817038731263015,-80.2007286168395,Overcast,78.2,34.5,10.0,7.4,False,False,False,False,False,Day
A-3984,2,2022-01-31 13:19:53,Miami,Miami-Dade,FL,25.798530538210347,-80.14659160426928,Fair,66.6,41.7,9.5,8.1,False,False,False,False,False,Day
A-3985,2,2022-08-01 01:24:58,Austin,Travis,TX,30.19297350367722,-97.78816474462101,Clear,59.9,56.7,6.3,12.4,False,False,False,False,False,Night
A-3986,2,2022-07-30 16:26:18,Atlanta,Fulton,GA,33.74265666099811,-84.3775789236489,Clear,43.9,66.3,8.8,3.3,False,False,False,False,False,Day
A-3987,2,2022-08-10 09:28:36,Los Angeles,Los Angeles,CA,34.01641475836392,-118.23353200820236,Overcast,46.4,30.5,7.0,8.0,False,False,False,False,False,Day
A-3988,2,2022-11-19 19:18:27,Houston,Harris,TX,29.814841888269925,-95.37137284823406,Cloudy,81.7,63.8,9.8,2.6,True,False,False,False,False,Night
A-3989,2,2022-12-25 17:20:25,Miami,Miami-Dade,FL,25.784078458904453,-80.17569456603026,Fair,52.6,91.7,10.0,0.0,False,True,False,False,False,Day
A-3990,2,2022-03-25 14:05:10,Seattle,King,WA,47.55096975229223,-122.28679536881117,Clear,77.1,68.7,10.0,5.1,False,False,True,False,False,Day
A-3991,2,2022-08-08 07:59:35,Los Angeles,Los Angeles,CA,34.058212041716196,-118.23005073164288,Fair,78.7,69.9,8.8,4.8,False,False,False,False,False,Day
A-3992,2,2022-02-01 07:39:40,Miami,Miami-Dade,FL,25.7596444633918,-80.13946128693607,Cloudy,71.8,68.1,7.2,8.4,False,False,False,False,True,Day
A-3993,4,2022-08-26 08:19:21,Austin,Travis,TX,30.265281403285282,-97.79810312941206,Light Rain,70.9,28.0,6.6,11.6,False,False,False,False,False,Day
A-3994,2,2022-07-06 12:38:03,Los Angeles,Los Angeles,CA,34.02669403074795,-118.26581071430127,Fair,47.5,29.8,10.0,7.4,False,False,False,False,False,Day
A-3995,2,2022-06-17 08:28:45,Charlotte,Mecklenburg,NC,35.228341267708046,-80.8980419900772,Clear,44.8,72.0,10.0,4.4,True,False,False,False,False,Day
A-3996,2,2022-06-01 13:23:00,Houston,Harris,TX,29.717861509582942,-95.34240518840983,Clear,55.1,74.2,10.0,3.7,False,False,False,False,False,Day
A-3997,2,2022-08-21 07:57:29,Miami,Miami-Dade,FL,25.702309604645777,-80.13070833969525,Clear,89.8,80.9,7.3,11.7,True,False,False,False,False,Day
A-3998,3,2022-10-29 21:18:36,Houston,Harris,TX,29.698072625792005,-95.38528313862767,Cloudy,85.6,87.0,7.7,9.7,False,False,False,False,False,Night
A-3999,3,2022-09-21 06:57:39,Charlotte,Mecklenburg,NC,35.17464476770616,-80.82902284956441,Clear,65.6,49.7,7.9,3.5,False,False,True,False,False,Day
A-4000,2,2022-02-06 19:03:14,Los Angeles,Los Angeles,CA,34.07331415647517,-118.31842707793307,Fair,84.4,79.4,6.0,1.5,False,False,False,False,True,Night
A-4001,3,2022-04-21 18:43:19,Dallas,Dallas,TX,32.79917359187975,-96.79592243939744,Cloudy,51.0,79.1,10.0,3.5,False,False,False,False,False,Day
A-4002,2,2022-08-01 13:20:09,Austin,Travis,TX,30.34022626467378,-97.82675798858192,Clear,59.5,90.7,8.7,11.0,False,False,False,False,False,Day
A-4003,3,2022-08-24 16:23:47,Austin,Travis,TX,30.25577654713388,-97.74006843120897,Cloudy,88.8,92.1,10.0,3.2,False,False,False,False,False,Day
A-4004,2,2022-10-20 11:51:39,Los Angeles,Los Angeles,CA,34.087270459733766,-118.33986847655595,Fair,96.5,52.2,7.1,8.8,False,False,False,False,False,Day
A-4005,2,2022-04-12 15:37:02,Los Angeles,Los Angeles,CA,34.05455313065921,-118.15897606081111,Fair,76.6,58.4,8.7,13.8,False,False,False,False,False,Day
A-4006,4,2022-10-24 08:10:03,Miami,Miami-Dade,FL,25.77667991163798,-80.19433225826944,Light Rain,41.2,64.2,6.5,3.8,False,False,False,True,True,Day
A-4007,2,2022-04-14 08:57:34,Houston,Harris,TX,29.800818371502896,-95.37429169826615,Cloudy,85.2,43.5,8.2,5.5,False,True,False,False,True,Day
A-4008,4,2022-10-15 14:55:11,Houston,Harris,TX,29.789502354028873,-95.27438315914769,Fair,61.0,82.2,10.0,6.9,False,False,False,False,False,Day
A-4009,2,2022-09-17 12:15:13,Orlando,Orange,FL,28.543721999486372,-81.37589693278376,Overcast,75.8,55.8,9.1,0.6,True,False,False,False,False,Day
A-4010,2,2022-03-14 14:47:26,Los Angeles,Los Angeles,CA,34.02152120403045,-118.3241752563829,Cloudy,66.5,83.4,7.1,4.2,False,False,False,False,True,Day
A-4011,2,2022-11-11 08:00:21,Los Angeles,Los Angeles,CA,34.06598992045405,-118.26524039627762,Overcast,80.1,90.3,6.0,7.7,False,False,False,False,False,Day
A-4012,2,2022-08-29 09:51:19,Houston,Harris,TX,29.82861505847469,-95.27254127879611,Cloudy,65.7,54.4,8.3,3.1,False,False,False,False,False,Day
A-4013,2,2022-10-13 05:13:08,Orlando,Orange,FL,28.547066619863422,-81.42396259297344,Fair,105.9,25.1,9.4,15.5,False,True,False,False,False,Night
A-4014,2,2022-02-14 04:33:03,Los Angeles,Los Angeles,CA,34.03243295434584,-118.26572746539462,Clear,79.5,59.4,10.0,5.0,False,False,False,False,False,Night
A-4015,2,2022-06-06 07:01:26,Dallas,Dallas,TX,32.817770015142806,-96.71966460248777,Cloudy,46.1,86.7,7.5,6.3,False,False,False,False,True,Day
A-4016,3,2022-04-24 05:16:48,Miami,Miami-Dade,FL,25.69244383046577,-80.23035047268318,Clear,39.8,86.5,7.5,4.7,False,True,False,False,True,Night
A-4017,2,2022-03-24 06:52:59,Seattle,King,WA,47.5882023248299,-122.33687097259562,Overcast,40.0,58.0,10.0,6.0,False,False,False,False,True,Day
A-4018,3,2022-01-14 17:40:05,Atlanta,Fulton,GA,33.69996125399242,-84.32047729891858,Fair,73.9,62.4,9.0,4.1,False,False,False,False,False,Day
A-4019,2,2022-08-17 04:30:02,Miami,Miami-Dade,FL,25.755625693473352,-80.22048806391885,Cloudy,79.4,56.9,10.0,0.0,False,True,False,False,False,Night
A-4020,1,2022-12-28 15:02:32,Miami,Miami-Dade,FL,25.82402400006388,-80.23172766702037,Fair,25.8,48.1,6.5,5.6,False,False,False,False,False,Day
A-4021,2,2022-10-27 08:20:36,Houston,Harris,TX,29.792443981862824,-95.46195048396444,Fair,83.3,25.7,9.6,14.2,False,False,False,False,True,Day
A-4022,4,2022-11-25 17:20:55,Miami,Miami-Dade,FL,25.66830214428379,-80.24694622147717,Cloudy,70.3,70.4,10.0,13.5,True,False,False,False,False,Day
A-4023,2,2022-05-26 12:55:43,Orlando,Orange,FL,28.507364290267514,-81.42337054041015,Cloudy,89.3,50.3,9.1,2.8,False,False,False,False,True,Day
A-4024,2,2022-01-20 08:08:47,Austin,Travis,TX,30.192246763462325,-97.76125639038645,Clear,50.5,64.3,5.5,0.6,False,False,False,False,False,Day
A-4025,3,2022-11-29 13:36:52,Orlando,Orange,FL,28.591214458904943,-81.36133572099705,Clear,69.4,73.6,7.2,0.0,False,False,False,False,False,Day
A-4026,2,2022-07-05 09:23:24,Austin,Travis,TX,30.23807664175803,-97.7453314611025,Light Rain,69.2,78.1,9.7,3.1,False,False,False,True,False,Day
A-4027,3,2022-04-03 14:40:28,Houston,Harris,TX,29.764194641038742,-95.43137739301845,Light Rain,53.4,46.2,5.8,4.8,False,False,False,False,True,Day
A-4028,2,2022-08-20 06:39:50,Los Angeles,Los Angeles,CA,34.05840212117903,-118.17567711526064,Clear,46.0,40.5,10.0,8.6,True,False,False,False,False,Day
A-4029,2,2022-02-14 23:14:44,Orlando,Orange,FL,28.54859275849239,-81.43430133408799,Clear,79.0,71.8,10.0,5.3,True,False,False,False,True,Night
A-4030,2,2022-08-08 10:19:04,Houston,Harris,TX,29.615763023077772,-95.27961725940732,Clear,68.4,73.2,6.0,10.5,False,False,False,False,False,Day
A-4031,2,2022-04-02 09:59:39,Orlando,Orange,FL,28.556356371831974,-81.37163628430885,Rain,70.9,48.7,9.5,9.4,False,False,False,True,False,Day
A-4032,3,2022-11-07 16:22:25,Miami,Miami-Dade,FL,25.73427684680453,-80.1395316355845,Clear,85.4,79.9,9.2,8.4,False,False,False,False,False,Day
A-4033,3,2022-04-17 09:28:58,Los Angeles,Los Angeles,CA,34.09449005945102,-118.2172061196805,Clear,64.4,59.2,10.0,6.5,False,False,False,False,False,Day
A-4034,2,2022-09-05 17:33:18,Chicago,Cook,IL,41.88823806345382,-87.55451255587766,Clear,69.7,45.1,4.0,11.0,False,False,False,False,False,Day
A-4035,4,2022-04-07 11:38:05,Los Angeles,Los Angeles,CA,34.08378491733774,-118.24586830497742,Cloudy,70.3,40.3,9.3,9.5,False,False,False,False,False,Day
A-4036,2,2022-10-06 16:40:39,Chicago,Cook,IL,41.841691754993086,-87.64312845056857,Light Rain,70.7,69.8,6.6,1.2,False,False,False,False,True,Day
A-4037,2,2022-01-15 06:55:53,Chicago,Cook,IL,41.82165406936767,-87.61456426241249,Fair,43.9,64.8,9.9,9.1,True,False,False,False,False,Day
A-4038,2,2022-12-15 17:43:17,Austin,Travis,TX,30.31171746736571,-97.75686448497716,Clear,64.7,67.6,6.8,4.7,True,False,False,False,False,Day
A-4039,2,2022-05-18 16:22:27,Dallas,Dallas,TX,32.8048702252452,-96.77432137763327,Fair,82.4,37.9,10.0,10.7,False,False,False,False,False,Day
A-4040,1,2022-10-12 07:24:06,Dallas,Dallas,TX,32.78781072040073,-96.71950970532899,Clear,63.1,15.5,9.6,9.6,False,False,False,False,False,Day
A-4041,2,2022-04-26 06:19:04,Seattle,King,WA,47.61723884500705,-122.4166249474419,Clear,57.9,72.2,5.4,13.9,False,False,False,False,False,Day
A-4042,2,2022-05-20 08:41:39,Miami,Miami-Dade,FL,25.782731380302703,-80.19560111022783,Light Rain,79.5,84.0,3.9,0.0,False,False,False,False,False,Day
A-4043,3,2022-04-16 21:45:00,Houston,Harris,TX,29.695787045401598,-95.25977027695232,Light Rain,65.2,27.6,10.0,8.2,False,False,False,False,False,Night
A-4044,3,2022-12-06 07:07:06,Dallas,Dallas,TX,32.8304783969,-96.81651495719039,Fog,55.6,51.6,7.6,4.4,False,False,False,False,False,Day
A-4045,2,2022-06-11 11:49:43,Houston,Harris,TX,29.75269721305942,-95.31911360503598,Fair,52.1,100.0,10.0,15.5,False,False,False,True,False,Day
A-4046,1,2022-05-21 03:34:01,Houston,Harris,TX,29.754123116005445,-95.32626879695736,Clear,64.2,71.3,7.7,0.0,False,False,False,False,False,Night
A-4047,2,2022-04-12 10:37:03,Miami,Miami-Dade,FL,25.740794216270025,-80.26369190390795,Overcast,55.1,86.2,10.0,8.7,False,False,False,False,False,Day
A-4048,3,2022-02-24 14:20:12,Charlotte,Mecklenburg,NC,35.10362230859146,-80.82825957761823,Clear,78.5,92.6,10.0,9.2,False,False,False,False,False,Day
A-4049,2,2022-01-29 20:28:40,Seattle,King,WA,47.63495985328258,-122.32111614347117,Clear,53.6,50.3,9.9,0.0,False,False,False,False,False,Night
A-4050,2,2022-05-09 13:11:01,Miami,Miami-Dade,FL,25.71178058276874,-80.03268107479677,Clear,69.2,100.0,7.2,9.1,False,False,False,False,False,Day
A-4051,4,2022-02-09 17:18:29,Atlanta,Fulton,GA,33.75440291253974,-84.51929972536777,Heavy Rain,71.3,25.2,7.8,0.0,False,False,False,False,False,Day
A-4052,2,2022-12-03 13:23:12,Orlando,Orange,FL,28.49728941400195,-81.4602277140275,Cloudy,74.5,70.2,8.5,4.1,False,False,False,False,True,Day
A-4053,2,2022-08-26 04:22:55,Austin,Travis,TX,30.25002371120588,-97.7545358003682,Clear,88.5,66.9,6.9,8.6,False,False,False,False,False,Night
A-4054,2,2022-11-12 08:52:55,Charlotte,Mecklenburg,NC,35.207142347223446,-80.86098129468407,Clear,44.7,37.9,10.0,3.1,False,False,False,True,False,Day
A-4055,2,2022-09-08 14:48:48,Austin,Travis,TX,30.22503290853013,-97.7872747043457,Light Rain,74.1,45.2,8.3,7.3,False,False,False,False,False,Day
A-4056,4,2022-06-16 19:12:43,Los Angeles,Los Angeles,CA,34.04090520831189,-118.28468608807688,Overcast,74.3,47.7,8.6,7.0,False,False,False,False,False,Night
A-4057,2,2022-08-08 17:20:28,Austin,Travis,TX,30.243154499785028,-97.70888630127742,Cloudy,48.7,31.1,8.0,9.1,False,False,False,False,False,Day
A-4058,2,2022-01-24 07:45:38,Los Angeles,Los Angeles,CA,34.00017675805614,-118.28571044872491,Clear,68.9,31.7,9.0,2.7,False,False,False,False,True,Day
A-4059,2,2022-01-30 07:17:03,Seattle,King,WA,47.66484353719278,-122.35915466420624,Fair,58.7,53.6,9.4,10.7,True,False,False,False,False,Day
A-4060,2,2022-09-30 07:12:35,Chicago,Cook,IL,41.83802797979255,-87.57994956990191,Cloudy,86.0,50.3,7.9,0.0,False,False,False,False,False,Day
A-4061,2,2022-12-20 18:07:51,Miami,Miami-Dade,FL,25.789803700312252,-80.1496435495926,Rain,56.5,46.9,8.5,13.1,False,True,False,False,False,Day
A-4062,2,2022-06-11 17:56:48,Miami,Miami-Dade,FL,25.795111930411974,-80.21567878413019,Clear,61.8,76.6,8.1,6.0,False,False,True,False,True,Day
A-4063,2,2022-10-06 16:05:55,Austin,Travis,TX,30.313396612200894,-97.81638106519324,Fair,59.3,45.0,8.1,6.4,False,False,False,False,False,Day
A-4064,2,2022-04-28 10:21:59,Miami,Miami-Dade,FL,25.734425773207327,-80.1478360095468,Clear,52.4,65.4,9.0,8.2,False,False,False,False,False,Day
A-4065,1,2022-07-21 12:35:08,Seattle,King,WA,47.596263022228214,-122.3790922630602,Fair,41.8,60.0,3.9,7.8,False,False,False,False,True,Day
A-4066,2,2022-05-09 11:38:45,Los Angeles,Los Angeles,CA,34.04380791817435,-118.17910758917793,Clear,52.5,53.7,10.0,7.0,False,False,False,False,True,Day
A-4067,4,2022-04-29 07:32:17,Los Angeles,Los Angeles,CA,34.078560724200756,-118.22273090952214,Light Rain,67.2,32.6,10.0,12.0,False,True,False,False,False,Day
A-4068,2,2022-03-18 12:26:46,Chicago,Cook,IL,41.8659813335938,-87.63946349416892,Clear,69.2,56.6,9.3,0.9,False,False,False,False,False,Day
A-4069,4,2022-10-05 03:14:46,Orlando,Orange,FL,28.561223993023884,-81.35727588625072,Fair,77.2,47.2,10.0,3.2,False,False,False,False,False,Night
A-4070,2,2022-01-20 06:20:00,Seattle,King,WA,47.59341040113864,-122.429701353372,Fair,80.7,79.2,6.3,8.7,False,False,False,False,False,Day
A-4071,3,2022-10-30 18:02:11,Miami,Miami-Dade,FL,25.81755980821709,-80.1177884837648,Light Rain,71.0,72.8,5.5,5.5,False,False,False,False,False,Day
A-4072,2,2022-03-21 16:27:38,Orlando,Orange,FL,28.53771284239892,-81.38965933388668,Overcast,76.9,48.2,5.2,12.2,False,True,False,False,False,Day
A-4073,2,2022-10-22 10:30:59,Dallas,Dallas,TX,32.770095251152185,-96.78865202377736,Clear,72.9,42.1,9.9,16.0,False,True,False,False,False,Day
A-4074,2,2022-07-18 13:57:32,Dallas,Dallas,TX,32.793675388418634,-96.82582254011606,Clear,48.5,42.1,9.3,7.0,False,False,False,False,False,Day
A-4075,2,2022-02-27 09:46:39,Orlando,Orange,FL,28.620075014861175,-81.38773817441783,Fair,70.7,55.1,9.7,0.1,False,False,False,False,False,Day
A-4076,3,2022-05-02 16:28:24,Dallas,Dallas,TX,32.746440736123475,-96.71710023474131,Fair,65.2,81.0,10.0,3.5,False,False,False,False,True,Day
A-4077,2,2022-05-25 16:50:43,Houston,Harris,TX,29.812371249762936,-95.38330109351487,Clear,56.5,83.6,4.3,0.0,False,False,False,False,False,Day
A-4078,2,2022-06-17 16:18:57,Miami,Miami-Dade,FL,25.72082068941685,-80.2126819989096,Overcast,65.2,10.0,6.6,9.5,False,False,False,False,True,Day
A-4079,3,2022-01-23 16:27:03,Austin,Travis,TX,30.269391457384263,-97.70894058367703,Clear,70.4,90.4,7.7,3.2,False,False,False,False,False,Day
A-4080,2,2022-10-21 07:57:37,Miami,Miami-Dade,FL,25.721961216541573,-80.1762792032391,Fog,62.0,57.6,10.0,6.4,True,False,False,False,False,Day
A-4081,2,2022-01-05 08:24:40,Orlando,Orange,FL,28.519734399267353,-81.30151157998148,Clear,79.9,32.5,9.3,5.8,False,False,False,False,False,Day
A-4082,2,2022-08-16 12:40:28,Miami,Miami-Dade,FL,25.727772696909586,-80.29260944065688,Clear,70.1,59.0,10.0,11.5,False,False,False,False,False,Day
A-4083,2,2022-02-22 08:19:16,Dallas,Dallas,TX,32.81161087754018,-96.82002528233176,Clear,78.1,43.5,6.8,7.2,True,True,False,False,False,Day
A-4084,3,2022-09-13 16:11:56,Orlando,Orange,FL,28.513437793022536,-81.45044099909093,Fair,83.8,93.0,10.0,5.9,False,False,False,False,False,Day
A-4085,1,2022-03-16 08:49:35,Miami,Miami-Dade,FL,25.788210350705256,-80.13023122376353,Clear,59.1,48.4,10.0,3.3,False,False,False,False,False,Day
A-4086,2,2022-04-26 06:29:07,Los Angeles,Los Angeles,CA,34.02585855136874,-118.30831093971989,Cloudy,58.3,40.9,10.0,9.4,False,False,False,False,False,Day
A-4087,2,2022-06-09 10:50:12,Los Angeles,Los Angeles,CA,34.051923082289335,-118.22721110708557,Fair,82.4,100.0,8.6,2.6,False,True,False,False,False,Day
A-4088,2,2022-10-10 21:05:53,Dallas,Dallas,TX,32.849579923923564,-96.86234445306413,Clear,53.5,68.0,6.4,2.0,False,False,False,False,False,Night
A-4089,2,2022-04-17 07:20:37,Seattle,King,WA,47.56892543653402,-122.35706813208719,Light Rain,63.5,49.8,10.0,4.6,False,True,True,False,False,Day
A-4090,2,2022-06-30 14:50:27,Los Angeles,Los Angeles,CA,34.01587358658031,-118.29346521915247,Heavy Rain,57.7,97.1,9.6,15.3,False,True,False,False,False,Day
A-4091,2,2022-08-30 11:26:12,Orlando,Orange,FL,28.525989576158224,-81.37954403976626,Cloudy,50.1,86.2,10.0,6.6,False,False,False,False,False,Day
A-4092,3,2022-11-29 05:28:38,Miami,Miami-Dade,FL,25.76082092756809,-80.0903976075143,Overcast,72.5,47.7,10.0,6.8,False,False,False,False,False,Night
A-4093,2,2022-01-24 12:54:27,Charlotte,Mecklenburg,NC,35.25814020900098,-80.91437295422955,Clear,61.0,43.9,8.5,8.3,False,False,False,False,True,Day
A-4094,2,2022-10-25 16:47:21,Atlanta,Fulton,GA,33.75114924465462,-84.44488135101541,Clear,51.1,62.0,6.9,7.9,False,False,False,False,False,Day
A-4095,2,2022-05-15 12:27:22,Miami,Miami-Dade,FL,25.773959854509094,-80.16195095346866,Clear,78.9,56.8,10.0,6.1,False,False,False,False,False,Day
A-4096,4,2022-03-16 17:00:11,Houston,Harris,TX,29.702683625031888,-95.37744163749352,Fog,45.1,45.8,9.6,3.1,False,False,True,False,False,Day
A-4097,2,2022-12-22 08:08:30,Los Angeles,Los Angeles,CA,34.06727842642932,-118.30733102904915,Fair,62.8,59.6,8.4,5.2,False,False,False,False,False,Day
A-4098,4,2022-09-16 05:12:53,Los Angeles,Los Angeles,CA,34.06861504411901,-118.26725217838164,Clear,78.4,95.0,7.0,6.2,False,False,False,False,False,Night
A-4099,4,2022-09-14 19:32:49,Miami,Miami-Dade,FL,25.79528001076117,-80.26748160961775,Fair,78.7,80.9,9.7,1.3,False,False,False,False,False,Night
A-4100,3,2022-12-14 09:50:07,Los Angeles,Los Angeles,CA,34.035782403904705,-118.2682082825102,Clear,71.4,67.8,10.0,6.1,False,False,False,False,False,Day
A-4101,1,2022-09-05 14:58:29,Dallas,Dallas,TX,32.77636329271188,-96.84559141532979,Clear,51.8,53.2,5.8,7.8,False,False,False,False,False,Day
A-4102,2,2022-05-09 17:27:03,Houston,Harris,TX,29.795717838119764,-95.35425362090612,Fair,67.4,57.5,9.1,4.9,False,False,False,False,False,Day
A-4103,2,2022-02-26 08:10:58,Charlotte,Mecklenburg,NC,35.17416790146073,-80.81094330376618,Clear,70.3,73.7,10.0,12.0,False,False,False,False,True,Day
A-4104,3,2022-03-13 16:49:21,Los Angeles,Los Angeles,CA,33.96245100491383,-118.37639518932941,Clear,58.4,72.1,10.0,8.1,False,False,False,False,False,Day
A-4105,3,2022-02-07 06:31:08,Miami,Miami-Dade,FL,25.706252552364784,-80.18644697052228,Clear,70.6,61.3,9.1,4.0,False,False,False,False,False,Day
A-4106,4,2022-12-01 08:06:28,Dallas,Dallas,TX,32.74473400851037,-96.9121593224297,Fair,42.8,81.7,10.0,5.3,False,False,False,True,True,Day
A-4107,2,2022-04-13 06:24:30,Chicago,Cook,IL,41.93172030432485,-87.62948461002415,Cloudy,38.7,36.7,10.0,11.9,False,False,False,False,False,Day
A-4108,2,2022-05-21 17:44:10,Los Angeles,Los Angeles,CA,34.15366260305793,-118.1641238225408,Fair,55.4,79.7,10.0,4.5,False,False,False,False,False,Day
A-4109,2,2022-08-08 07:07:19,Atlanta,Fulton,GA,33.70352785266556,-84.40541804123289,Cloudy,75.4,72.4,7.4,3.8,True,False,False,False,True,Day
A-4110,2,2022-10-07 16:07:01,Dallas,Dallas,TX,32.772490380448076,-96.78420452856469,Clear,77.9,31.5,10.0,3.6,False,False,True,False,True,Day
A-4111,2,2022-10-06 19:14:05,Charlotte,Mecklenburg,NC,35.20075710961637,-80.80623062453446,Clear,45.8,46.9,9.1,7.3,False,False,False,False,False,Night
A-4112,2,2022-06-10 13:53:53,Charlotte,Mecklenburg,NC,35.25115975495687,-80.80442761998088,Light Rain,87.0,90.0,9.4,7.9,False,False,False,False,False,Day
A-4113,4,2022-08-15 13:42:42,Los Angeles,Los Angeles,CA,34.06619478344909,-118.20197812717359,Clear,66.3,70.5,9.0,9.7,False,False,False,False,False,Day
A-4114,2,2022-11-28 11:34:08,Los Angeles,Los Angeles,CA,34.00837080057826,-118.22194175135265,Fair,41.8,57.7,10.0,4.1,False,False,False,False,False,Day
A-4115,3,2022-01-23 08:18:42,Dallas,Dallas,TX,32.745642806050526,-96.83468556270185,Heavy Rain,69.6,66.6,10.0,13.1,False,False,False,False,False,Day
A-4116,3,2022-05-13 12:33:38,Miami,Miami-Dade,FL,25.754548972425283,-80.1595787394135,Fair,84.1,60.2,10.0,9.0,True,False,False,False,False,Day
A-4117,2,2022-06-16 14:00:05,Atlanta,Fulton,GA,33.810512649089965,-84.31350368231999,Clear,57.7,67.2,8.2,5.3,False,True,True,False,True,Day
A-4118,2,2022-04-25 22:45:58,Houston,Harris,TX,29.72771046588147,-95.34555279307625,Rain,79.7,78.7,10.0,10.3,False,False,True,False,False,Night
A-4119,2,2022-07-24 19:32:02,Los Angeles,Los Angeles,CA,33.97463203895517,-118.23419260039374,Clear,86.6,96.2,6.5,14.6,False,False,False,True,True,Night
A-4120,2,2022-08-26 17:34:14,Orlando,Orange,FL,28.60345113150521,-81.46294339714463,Cloudy,65.6,40.5,7.6,8.9,True,True,True,False,False,Day
A-4121,2,2022-07-13 18:21:42,Miami,Miami-Dade,FL,25.786564659106663,-80.2449550076652,Clear,53.8,83.3,6.2,14.0,False,False,True,False,True,Day
A-4122,2,2022-01-11 12:20:56,Charlotte,Mecklenburg,NC,35.168955664493865,-80.87903832065959,Fair,82.6,52.6,8.3,3.0,False,False,False,False,False,Day
A-4123,4,2022-09-07 15:39:52,Orlando,Orange,FL,28.55361714196852,-81.43413425712048,Fair,82.5,35.4,10.0,0.0,False,False,False,False,False,Day
A-4124,1,2022-02-12 18:29:41,Atlanta,Fulton,GA,33.789583368148,-84.39621729779483,Fair,46.1,86.2,8.6,9.1,True,False,False,False,False,Day
A-4125,2,2022-11-16 10:59:06,Austin,Travis,TX,30.271887276016763,-97.78952844059002,Overcast,63.5,46.2,9.1,11.5,False,False,False,False,False,Day
A-4126,3,2022-04-23 20:40:55,Orlando,Orange,FL,28.606428843021103,-81.33588673908395,Rain,75.8,80.0,9.7,1.7,False,False,False,False,True,Night
A-4127,2,2022-08-29 10:51:50,Orlando,Orange,FL,28.566066407360196,-81.39913693473207,Clear,76.6,81.6,8.5,12.0,False,True,False,False,False,Day
A-4128,2,2022-08-11 14:05:09,Atlanta,Fulton,GA,33.764274774303644,-84.44378360830372,Overcast,60.7,98.9,6.8,5.3,False,False,False,False,False,Day
A-4129,3,2022-12-12 16:30:24,Miami,Miami-Dade,FL,25.771894203587983,-80.23793598026373,Clear,50.6,84.7,5.7,9.4,True,False,False,False,False,Day
A-4130,2,2022-12-11 19:09:09,Los Angeles,Los Angeles,CA,34.05899471820934,-118.2402790159606,Clear,88.6,86.1,10.0,8.1,False,False,False,False,False,Night
A-4131,2,2022-09-04 07:04:21,Miami,Miami-Dade,FL,25.80560340044896,-80.20590759925176,Heavy Rain,66.3,83.6,7.7,8.9,False,False,False,False,True,Day
A-4132,4,2022-09-16 16:54:33,Miami,Miami-Dade,FL,25.75422089526681,-80.18971155040695,Fair,62.3,64.5,7.6,9.3,True,True,False,False,False,Day
A-4133,2,2022-02-13 13:10:52,Dallas,Dallas,TX,32.824176663394496,-96.80932839778929,Clear,56.2,87.1,6.0,6.7,False,False,False,True,False,Day
A-4134,2,2022-11-08 08:07:27,Dallas,Dallas,TX,32.79229688127703,-96.71110049609187,Fair,62.0,54.7,8.7,5.3,False,False,False,False,False,Day
A-4135,2,2022-05-14 16:43:55,Dallas,Dallas,TX,32.7819781198369,-96.75416995767357,Clear,41.4,47.5,10.0,8.4,False,False,False,False,False,Day
A-4136,2,2022-08-11 13:51:24,Los Angeles,Los Angeles,CA,34.03679810461795,-118.28670402768067,Fair,80.0,71.9,8.3,5.9,False,True,False,False,False,Day
A-4137,4,2022-12-06 15:11:58,Orlando,Orange,FL,28.523365610079185,-81.4764854157155,Cloudy,60.9,84.8,9.7,4.2,False,False,False,False,False,Day
A-4138,3,2022-02-27 08:34:36,Miami,Miami-Dade,FL,25.77765097590326,-80.20979854620424,Light Rain,33.5,56.6,5.0,8.3,False,True,False,False,False,Day
A-4139,2,2022-06-05 12:05:31,Dallas,Dallas,TX,32.827355171361475,-96.85385414751605,Clear,50.2,52.1,9.3,4.6,False,False,False,False,True,Day
A-4140,4,2022-06-08 14:35:19,Charlotte,Mecklenburg,NC,35.252319959828775,-80.9295243602581,Clear,79.4,31.3,8.2,6.2,False,False,False,False,True,Day
A-4141,3,2022-04-12 10:56:52,Miami,Miami-Dade,FL,25.725976399680704,-80.15987789271784,Clear,62.9,43.6,6.1,4.9,False,False,False,False,False,Day
A-4142,2,2022-08-15 07:11:34,Los Angeles,Los Angeles,CA,33.97225363170289,-118.24421784969658,Clear,53.2,46.1,5.8,13.2,False,False,False,False,False,Day
A-4143,2,2022-02-24 20:55:16,Los Angeles,Los Angeles,CA,34.08918790919887,-118.18757286022468,Heavy Rain,67.0,84.5,7.3,7.4,False,True,True,False,False,Night
A-4144,2,2022-01-01 12:10:54,Seattle,King,WA,47.740348413773184,-122.33579598469841,Rain,60.5,51.9,6.6,0.7,False,False,False,False,False,Day
A-4145,2,2022-01-06 16:50:01,Atlanta,Fulton,GA,33.73520693987969,-84.39892844991658,Cloudy,66.7,69.6,9.7,12.0,False,False,False,False,True,Day
A-4146,2,2022-06-29 10:23:15,Dallas,Dallas,TX,32.75351933310982,-96.86072791194029,Cloudy,69.8,30.0,9.9,0.0,False,False,False,False,False,Day
A-4147,2,2022-04-25 09:42:08,Los Angeles,Los Angeles,CA,34.09322631041936,-118.27499972349133,Light Rain,52.8,86.0,9.3,15.6,False,False,False,False,False,Day
A-4148,2,2022-03-23 10:55:40,Houston,Harris,TX,29.71735584514582,-95.45951755266131,Clear,56.4,64.7,9.8,7.2,False,False,False,False,False,Day
A-4149,3,2022-01-13 10:24:42,Orlando,Orange,FL,28.613109917741376,-81.32725335607417,Clear,54.0,33.0,5.9,4.5,True,False,True,True,False,Day
A-4150,3,2022-07-07 13:34:32,Austin,Travis,TX,30.287815509701677,-97.80894205425486,Clear,54.4,49.6,10.0,5.5,False,False,False,False,False,Day
A-4151,2,2022-09-04 13:39:25,Los Angeles,Los Angeles,CA,34.050869404901945,-118.23266386554583,Light Rain,55.6,44.5,10.0,0.6,False,False,False,False,False,Day
A-4152,3,2022-01-04 12:44:38,Los Angeles,Los Angeles,CA,34.013494238524075,-118.25603456418128,Fair,60.6,64.6,9.5,6.6,False,True,True,False,True,Day
A-4153,2,2022-08-30 06:25:05,Orlando,Orange,FL,28.58240344986616,-81.35976684938353,Fair,55.9,52.9,8.8,5.2,False,False,False,False,True,Day
A-4154,2,2022-05-01 12:05:27,Houston,Harris,TX,29.738190134842863,-95.36807704672881,Clear,67.4,54.0,7.5,6.7,False,False,False,False,True,Day
A-4155,2,2022-11-03 07:12:12,Miami,Miami-Dade,FL,25.797160734194343,-80.25793826659998,Cloudy,60.3,43.3,9.7,10.6,False,False,False,False,True,Day
A-4156,3,2022-03-27 06:56:12,Los Angeles,Los Angeles,CA,34.07215446724661,-118.2603344089822,Light Rain,54.4,35.4,8.2,8.2,False,False,False,False,False,Day
A-4157,4,2022-08-09 19:30:51,Charlotte,Mecklenburg,NC,35.291671205962885,-80.77976127411299,Clear,36.1,76.4,10.0,2.4,False,False,False,True,False,Night
A-4158,3,2022-03-06 14:08:44,Seattle,King,WA,47.61414888405197,-122.3732577044745,Cloudy,51.5,79.9,9.6,3.0,False,False,False,False,False,Day
A-4159,4,2022-02-04 15:12:36,Chicago,Cook,IL,42.0339174016509,-87.57192614364567,Clear,59.5,46.7,8.7,8.0,False,False,False,False,False,Day
A-4160,2,2022-08-21 10:24:30,Charlotte,Mecklenburg,NC,35.254848576455004,-80.8100186502581,Overcast,79.4,70.0,8.3,9.0,False,False,False,False,True,Day
A-4161,3,2022-08-05 18:56:06,Charlotte,Mecklenburg,NC,35.234413500518095,-80.83613513379372,Fair,64.0,42.1,8.7,6.7,False,False,False,False,False,Day
A-4162,2,2022-07-15 15:48:35,Los Angeles,Los Angeles,CA,34.03274774649715,-118.2806636383665,Clear,42.3,75.7,8.7,9.2,True,True,False,False,False,Day
A-4163,2,2022-03-23 16:41:46,Charlotte,Mecklenburg,NC,35.27093352676335,-80.82947628519518,Fair,66.5,57.3,8.8,7.6,False,False,False,False,False,Day
A-4164,2,2022-11-13 09:40:02,Houston,Harris,TX,29.742069595262354,-95.39531500174617,Clear,58.2,45.2,6.4,7.7,False,False,False,False,False,Day
A-4165,2,2022-05-08 20:25:46,Dallas,Dallas,TX,32.73798981944456,-96.74176917172798,Light Rain,73.6,39.6,9.5,10.4,False,False,False,False,False,Night
A-4166,2,2022-04-23 17:11:51,Houston,Harris,TX,29.73696576441729,-95.43416925760755,Heavy Rain,43.1,81.8,9.3,14.7,True,False,False,False,False,Day
A-4167,1,2022-01-18 17:53:02,Miami,Miami-Dade,FL,25.752092303224657,-80.17640019611846,Fair,83.2,32.2,6.6,8.2,False,False,False,False,True,Day
A-4168,2,2022-10-20 07:57:52,Los Angeles,Los Angeles,CA,34.16468920113907,-118.2422621054474,Clear,71.7,58.4,9.5,19.3,False,False,False,False,True,Day
A-4169,2,2022-10-25 08:53:29,Miami,Miami-Dade,FL,25.776323652111156,-80.1753735654387,Cloudy,61.9,21.6,9.0,7.6,False,False,False,False,False,Day
A-4170,2,2022-12-04 08:35:44,Los Angeles,Los Angeles,CA,34.01914973020522,-118.20781124868317,Fair,41.8,40.7,7.3,7.5,False,False,False,False,True,Day
A-4171,2,2022-04-03 08:36:54,Los Angeles,Los Angeles,CA,34.106639681656524,-118.28811286195065,Clear,43.1,34.6,10.0,14.8,False,False,False,False,False,Day
A-4172,2,2022-10-29 17:53:17,Chicago,Cook,IL,41.88752546422169,-87.67425642499055,Clear,75.3,11.0,10.0,6.3,False,False,False,False,True,Day
A-4173,4,2022-11-01 03:27:47,Houston,Harris,TX,29.825138171570615,-95.35903158112528,Light Rain,77.0,49.3,7.9,0.0,False,True,False,False,False,Night
A-4174,3,2022-06-21 05:47:27,Charlotte,Mecklenburg,NC,35.322687890065495,-80.79486810432925,Overcast,80.6,53.3,9.2,2.6,False,False,False,False,False,Night
A-4175,2,2022-03-21 08:00:30,Seattle,King,WA,47.53161196187261,-122.34456015303962,Overcast,90.0,36.6,10.0,10.6,False,False,False,False,False,Day
A-4176,4,2022-07-27 07:51:41,Chicago,Cook,IL,41.75934523637749,-87.55790535094863,Fair,76.2,47.8,4.6,9.0,False,False,False,False,True,Day
A-4177,2,2022-04-11 07:45:39,Dallas,Dallas,TX,32.87627344699412,-96.81199760650748,Overcast,71.1,55.3,10.0,3.3,True,False,False,False,False,Day
A-4178,2,2022-10-30 17:43:26,Austin,Travis,TX,30.232833878737125,-97.7786795791979,Fair,100.8,22.1,9.2,0.0,False,False,False,False,False,Day
A-4179,2,2022-07-30 14:23:19,Miami,Miami-Dade,FL,25.6767745040502,-80.16908725032064,Fair,56.8,60.6,10.0,5.5,False,False,False,False,False,Day
A-4180,2,2022-10-22 00:34:12,Miami,Miami-Dade,FL,25.73545685309355,-80.21910779767377,Light Rain,63.5,72.1,5.6,11.8,False,False,False,False,False,Night
A-4181,2,2022-06-14 11:42:19,Houston,Harris,TX,29.712019456991005,-95.39648491604171,Thunderstorm,41.9,65.9,6.3,6.5,False,False,False,False,True,Day
A-4182,2,2022-04-01 10:47:51,Orlando,Orange,FL,28.49967413399176,-81.3661999669562,Light Rain,74.4,66.3,7.1,5.6,False,False,False,False,False,Day
A-4183,2,2022-11-01 06:03:26,Orlando,Orange,FL,28.581087172177842,-81.3326064064111,Overcast,61.9,56.9,6.9,2.6,False,True,False,False,False,Day
A-4184,2,2022-12-03 15:59:31,Miami,Miami-Dade,FL,25.743730148205312,-80.1766830655423,Cloudy,55.7,67.0,4.3,5.7,False,False,False,False,False,Day
A-4185,3,2022-12-03 16:32:29,Los Angeles,Los Angeles,CA,33.97130635771227,-118.2382849681982,Cloudy,56.0,81.4,6.6,9.1,False,False,False,False,True,Day
A-4186,2,2022-10-31 16:11:37,Dallas,Dallas,TX,32.77832700506436,-96.7008208868599,Light Rain,53.1,100.0,7.3,6.2,False,False,False,False,False,Day
A-4187,3,2022-12-14 16:37:56,Los Angeles,Los Angeles,CA,34.009642415326816,-118.2088772808067,Fair,62.5,39.3,6.1,6.3,False,False,False,True,False,Day
A-4188,2,2022-02-12 00:44:39,Dallas,Dallas,TX,32.76423261497533,-96.81392453373874,Clear,43.4,43.4,10.0,11.5,False,False,True,False,False,Night
A-4189,4,2022-11-04 20:23:11,Orlando,Orange,FL,28.528694772172503,-81.32406476717675,Overcast,44.7,40.6,10.0,3.9,False,False,False,False,False,Night
A-4190,2,2022-08-07 17:30:18,Orlando,Orange,FL,28.58057411420726,-81.39117593606832,Rain,48.4,85.5,7.5,8.9,False,False,False,False,False,Day
A-4191,3,2022-02-24 18:20:25,Austin,Travis,TX,30.241930604168147,-97.71292226770503,Clear,55.7,91.1,10.0,6.4,False,False,True,False,False,Day
A-4192,3,2022-07-21 01:16:08,Seattle,King,WA,47.64108916950228,-122.30509315271965,Overcast,58.0,75.2,9.7,13.6,False,False,False,False,False,Night
A-4193,2,2022-03-16 19:59:33,Charlotte,Mecklenburg,NC,35.147344213881624,-80.84296649551469,Clear,34.3,33.4,5.6,10.5,False,False,True,False,False,Night
A-4194,2,2022-10-19 17:54:19,Orlando,Orange,FL,28.583238233436983,-81.41540797844115,Heavy Rain,57.3,54.0,9.9,12.3,False,False,False,False,True,Day
A-4195,2,2022-11-24 17:49:46,Dallas,Dallas,TX,32.8416465162866,-96.79837771551277,Cloudy,52.4,67.0,8.2,9.5,True,False,False,False,False,Day
A-4196,4,2022-12-22 05:56:28,Los Angeles,Los Angeles,CA,34.04068824375337,-118.26740445936774,Fair,76.7,66.8,10.0,5.0,False,False,False,False,False,Night
A-4197,2,2022-09-12 16:58:21,Los Angeles,Los Angeles,CA,34.01127048833755,-118.23053440009062,Overcast,51.5,98.7,6.8,12.7,False,False,False,False,False,Day
A-4198,2,2022-06-23 20:24:29,Miami,Miami-Dade,FL,25.707819955626764,-80.17067575813833,Overcast,80.1,81.2,10.0,8.4,False,False,False,False,True,Night
A-4199,2,2022-08-14 15:47:40,Houston,Harris,TX,29.75912564814722,-95.46833014103397,Light Rain,91.1,80.3,10.0,7.9,False,False,False,False,False,Day
A-4200,2,2022-12-14 14:34:22,Dallas,Dallas,TX,32.837503595956015,-96.7801171830974,Rain,82.5,51.6,9.8,3.8,True,False,False,False,False,Day
A-4201,2,2022-11-15 19:27:12,Seattle,King,WA,47.58491109188428,-122.18583598124258,Clear,50.3,68.3,5.4,10.0,False,False,True,False,False,Night
A-4202,3,2022-09-15 11:37:05,Los Angeles,Los Angeles,CA,34.10777211231903,-118.25953755374927,Clear,72.8,27.1,10.0,5.3,False,False,False,False,True,Day
A-4203,2,2022-05-24 14:03:04,Los Angeles,Los Angeles,CA,33.994630813244655,-118.19425389926161,Overcast,50.5,61.7,10.0,4.9,False,False,False,False,False,Day
A-4204,4,2022-10-15 12:39:05,Chicago,Cook,IL,41.86052285417758,-87.59270151776083,Heavy Rain,52.6,63.5,8.5,8.2,False,False,False,False,False,Day
A-4205,2,2022-11-07 19:27:02,Los Angeles,Los Angeles,CA,34.05002019827746,-118.32581450978209,Clear,53.6,35.0,10.0,4.5,False,False,False,False,False,Night
A-4206,2,2022-10-06 05:07:18,Charlotte,Mecklenburg,NC,35.237919743712396,-80.8182148020891,Clear,67.0,54.0,10.0,4.0,False,False,False,False,False,Night
A-4207,2,2022-01-21 12:10:49,Dallas,Dallas,TX,32.76006199166455,-96.83903127825167,Clear,51.9,89.4,6.2,3.3,False,False,False,False,True,Day
A-4208,3,2022-02-11 15:19:43,Charlotte,Mecklenburg,NC,35.28943216531432,-80.85297574120085,Fair,65.6,59.2,10.0,11.1,False,True,False,False,False,Day
A-4209,2,2022-10-10 17:27:28,Los Angeles,Los Angeles,CA,34.11531718983701,-118.31666471090678,Overcast,83.9,72.5,8.7,12.7,False,False,False,True,False,Day
A-4210,2,2022-07-04 14:52:47,Los Angeles,Los Angeles,CA,34.04345897783013,-118.22158603319963,Clear,48.5,100.0,8.4,14.6,False,False,False,False,False,Day
A-4211,2,2022-03-11 18:20:17,Los Angeles,Los Angeles,CA,34.026175164556825,-118.26075165327595,Clear,40.9,50.9,8.5,10.7,False,True,False,False,True,Day
A-4212,2,2022-11-28 19:03:40,Dallas,Dallas,TX,32.746679245774146,-96.72973542938189,Light Rain,55.4,77.0,4.8,0.0,False,False,False,False,True,Night
A-4213,3,2022-07-02 05:33:08,Charlotte,Mecklenburg,NC,35.27881958111498,-80.91107946146137,Clear,86.4,56.3,10.0,8.3,False,False,False,False,False,Night
A-4214,2,2022-12-01 10:10:12,Miami,Miami-Dade,FL,25.728449219344537,-80.14636518134378,Overcast,75.3,82.1,4.1,6.0,False,False,False,False,False,Day
A-4215,2,2022-08-18 02:15:03,Dallas,Dallas,TX,32.70363049680321,-96.77593246588496,Fair,52.2,59.1,8.0,16.6,False,True,False,False,False,Night
A-4216,2,2022-07-29 08:06:14,Austin,Travis,TX,30.20159208580982,-97.78601661330107,Cloudy,49.3,81.1,8.0,8.6,False,False,False,False,False,Day
A-4217,2,2022-01-22 13:37:10,Los Angeles,Los Angeles,CA,34.08554878734527,-118.3209797894834,Clear,69.9,87.5,8.2,3.7,False,False,False,False,False,Day
A-4218,2,2022-03-15 18:26:29,Charlotte,Mecklenburg,NC,35.15883203763218,-80.85759571814872,Clear,66.5,55.9,4.7,4.1,False,False,False,False,False,Day
A-4219,2,2022-11-20 17:35:18,Orlando,Orange,FL,28.51835394054278,-81.36736727172236,Fair,74.3,81.1,10.0,0.0,False,False,False,False,False,Day
A-4220,2,2022-05-30 06:42:44,Miami,Miami-Dade,FL,25.76680793154749,-80.24507871550931,Light Rain,47.7,25.6,5.3,6.7,False,False,False,False,False,Day
A-4221,2,2022-10-18 05:57:20,Miami,Miami-Dade,FL,25.67759474526636,-80.23925068156703,Fair,63.7,62.6,7.1,0.7,False,True,False,False,False,Night
A-4222,2,2022-09-19 14:01:28,Dallas,Dallas,TX,32.785813630461206,-96.74747731272765,Clear,78.4,86.2,7.9,0.0,False,False,False,False,False,Day
A-4223,2,2022-06-17 13:44:23,Atlanta,Fulton,GA,33.73277156677023,-84.42707426055928,Overcast,81.9,100.0,8.4,3.3,False,False,False,False,False,Day
A-4224,2,2022-03-11 08:52:44,Austin,Travis,TX,30.171834729397542,-97.7141045302701,Clear,46.4,34.8,9.8,2.9,False,False,False,False,False,Day
A-4225,2,2022-01-12 18:17:12,Dallas,Dallas,TX,32.7864612825082,-96.73605714169938,Rain,63.7,37.4,9.0,7.3,False,False,False,False,False,Day
A-4226,2,2022-04-29 19:53:09,Orlando,Orange,FL,28.558090050260873,-81.4194128294777,Clear,60.7,49.5,10.0,8.6,False,False,False,False,False,Night
A-4227,2,2022-12-05 10:04:49,Houston,Harris,TX,29.769633836461686,-95.43227616506336,Fair,52.4,63.3,9.7,7.0,False,False,False,False,False,Day
A-4228,3,2022-05-05 18:13:59,Dallas,Dallas,TX,32.80191557457382,-96.75340007364457,Clear,54.0,47.0,9.6,6.6,False,False,False,False,False,Day
A-4229,2,2022-12-06 09:30:06,Houston,Harris,TX,29.77330588079852,-95.384741018132,Fair,73.5,77.9,7.8,8.6,False,False,False,False,False,Day
A-4230,2,2022-01-26 16:38:03,Los Angeles,Los Angeles,CA,34.08870760570311,-118.26563991152047,Fair,53.5,54.4,9.6,11.6,False,False,False,False,False,Day
A-4231,2,2022-08-18 12:54:16,Orlando,Orange,FL,28.491006889698397,-81.30776800271856,Fair,63.2,45.7,8.0,3.0,False,False,False,False,False,Day
A-4232,2,2022-08-15 06:19:13,Charlotte,Mecklenburg,NC,35.157258659554856,-80.85649232078902,Clear,72.3,39.1,8.0,8.3,False,False,False,False,False,Day
A-4233,3,2022-03-09 19:56:12,Houston,Harris,TX,29.702333919500628,-95.35591736037449,Light Rain,91.3,61.1,10.0,7.1,False,False,False,False,False,Night
A-4234,2,2022-11-26 11:44:52,Atlanta,Fulton,GA,33.708392081656044,-84.46857413859378,Overcast,69.5,69.2,10.0,8.6,False,False,False,False,True,Day
A-4235,2,2022-12-09 16:46:49,Los Angeles,Los Angeles,CA,34.153297807679756,-118.24751758290954,Cloudy,75.8,78.2,7.3,6.2,False,False,False,False,False,Day
A-4236,2,2022-05-11 09:59:19,Miami,Miami-Dade,FL,25.721534381083874,-80.23586399406675,Fair,68.9,52.3,10.0,3.4,False,True,False,False,False,Day
A-4237,3,2022-04-04 01:41:21,Los Angeles,Los Angeles,CA,34.02611145372046,-118.2690481976848,Cloudy,61.9,69.5,9.5,6.4,False,True,False,False,True,Night
A-4238,4,2022-12-07 06:07:27,Austin,Travis,TX,30.25548448345515,-97.77139304604238,Clear,61.6,91.5,7.7,4.1,False,False,False,False,False,Day
A-4239,2,2022-08-27 12:32:32,Orlando,Orange,FL,28.520462600438105,-81.31413050420875,Rain,63.3,84.6,10.0,3.0,False,False,False,False,False,Day
A-4240,3,2022-11-26 15:53:35,Miami,Miami-Dade,FL,25.85246050280188,-80.22495662119597,Clear,32.9,51.6,8.6,11.7,False,False,False,False,False,Day
A-4241,1,2022-06-19 08:42:18,Orlando,Orange,FL,28.452019755881025,-81.40593839550874,Cloudy,60.1,73.6,10.0,7.6,False,False,False,False,False,Day
A-4242,2,2022-11-15 16:41:32,Houston,Harris,TX,29.869668586664247,-95.29307373825674,Cloudy,71.6,56.4,7.7,0.0,True,True,False,False,False,Day
A-4243,2,2022-11-30 16:13:14,Austin,Travis,TX,30.274434710659655,-97.76094152695735,Cloudy,53.9,51.3,10.0,0.0,False,False,False,False,True,Day
A-4244,2,2022-10-22 16:41:21,Houston,Harris,TX,29.80847428253546,-95.40082247567027,Light Rain,86.8,41.4,10.0,6.4,False,False,False,False,False,Day
A-4245,2,2022-01-16 12:19:31,Houston,Harris,TX,29.761418452747314,-95.31479750291784,Clear,66.9,95.5,7.1,4.5,False,False,False,False,True,Day
A-4246,3,2022-05-01 18:50:15,Atlanta,Fulton,GA,33.78976345507508,-84.38720256716229,Cloudy,63.0,45.9,8.3,7.1,False,False,False,False,False,Day
A-4247,2,2022-10-02 12:07:55,Miami,Miami-Dade,FL,25.71448202047273,-80.18741266125322,Fair,77.5,56.8,8.8,8.0,False,False,False,False,False,Day
A-4248,2,2022-06-15 11:54:29,Los Angeles,Los Angeles,CA,33.98445136146433,-118.22875581114602,Clear,73.5,21.9,10.0,6.9,False,False,False,False,False,Day
A-4249,2,2022-10-14 07:33:55,Dallas,Dallas,TX,32.9063560508848,-96.73001932944037,Fair,82.0,82.0,10.0,3.9,False,False,False,True,True,Day
A-4250,2,2022-06-12 08:33:59,Chicago,Cook,IL,41.97377357793532,-87.68149780533304,Light Rain,84.9,59.3,8.2,10.9,False,False,False,False,False,Day
A-4251,2,2022-08-09 04:06:05,Houston,Harris,TX,29.707711082268503,-95.31257886326291,Clear,87.0,83.8,8.2,2.3,False,True,False,False,False,Night
A-4252,2,2022-07-15 15:07:36,Los Angeles,Los Angeles,CA,34.08802735763672,-118.31838589997686,Fair,71.9,67.1,9.5,11.9,False,True,False,False,True,Day
A-4253,2,2022-11-12 07:25:38,Miami,Miami-Dade,FL,25.819593845723784,-80.23256850020387,Fair,49.4,62.7,5.9,9.3,True,False,False,False,False,Day
A-4254,2,2022-03-11 08:56:09,Charlotte,Mecklenburg,NC,35.2601094119929,-80.88793152803862,Cloudy,61.4,76.8,10.0,4.4,False,False,False,False,False,Day
A-4255,2,2022-07-18 16:02:00,Los Angeles,Los Angeles,CA,34.0417836217103,-118.25075221848634,Light Rain,89.6,59.8,7.3,8.8,False,False,False,False,False,Day
A-4256,2,2022-03-06 08:35:33,Dallas,Dallas,TX,32.87792496596412,-96.8345112092962,Clear,68.9,23.2,9.2,5.6,False,False,False,True,False,Day
A-4257,2,2022-01-04 07:11:12,Chicago,Cook,IL,41.91248313118975,-87.5662500711879,Fair,58.5,65.3,10.0,12.5,False,True,False,False,False,Day
A-4258,2,2022-04-23 07:15:50,Houston,Harris,TX,29.71400481671205,-95.34379545074997,Fair,56.8,82.2,9.9,4.5,False,False,False,False,True,Day
A-4259,2,2022-06-22 16:52:19,Houston,Harris,TX,29.741055684943092,-95.37053101713694,Clear,48.8,42.7,8.2,10.2,False,False,False,False,False,Day
A-4260,2,2022-12-10 06:47:26,Houston,Harris,TX,29.706901152268806,-95.41370899922917,Rain,78.8,17.9,7.0,1.9,False,False,False,False,False,Day
A-4261,2,2022-01-02 11:12:03,Los Angeles,Los Angeles,CA,34.04683015742756,-118.17363206736584,Clear,58.2,45.6,8.9,8.4,False,False,False,False,False,Day
A-4262,3,2022-03-31 12:33:38,Seattle,King,WA,47.59921272927663,-122.32718207579315,Clear,50.3,66.6,8.4,8.2,False,False,False,False,True,Day
A-4263,3,2022-01-09 15:23:28,Houston,Harris,TX,29.798168130793425,-95.38233917944939,Cloudy,52.0,36.4,10.0,9.5,False,False,False,False,True,Day
A-4264,3,2022-06-04 15:44:46,Houston,Harris,TX,29.79743240794012,-95.37660326099669,Clear,25.9,57.7,7.4,9.0,False,False,False,False,False,Day
A-4265,2,2022-01-09 17:27:52,Dallas,Dallas,TX,32.79611696431095,-96.80809459382569,Cloudy,75.6,68.2,7.9,5.8,False,False,False,False,False,Day
A-4266,2,2022-10-01 04:40:02,Houston,Harris,TX,29.7784699485633,-95.32749442216513,Light Rain,61.4,42.5,7.0,0.0,False,True,False,False,False,Night
A-4267,2,2022-09-17 08:12:40,Dallas,Dallas,TX,32.82886333777072,-96.74048233352009,Clear,46.6,85.8,8.5,1.6,False,True,False,False,False,Day
A-4268,2,2022-11-29 08:42:33,Los Angeles,Los Angeles,CA,34.040908112814314,-118.2899971933626,Clear,85.8,73.6,10.0,0.0,False,False,False,False,False,Day
A-4269,2,2022-02-04 06:51:20,Austin,Travis,TX,30.147546911830975,-97.77571427277603,Clear,65.7,39.9,7.1,5.9,False,False,False,False,False,Day
A-4270,3,2022-04-19 08:53:58,Atlanta,Fulton,GA,33.85454839762244,-84.41812055610164,Clear,31.4,73.9,9.7,11.5,False,False,False,False,False,Day
A-4271,2,2022-06-14 08:55:51,Dallas,Dallas,TX,32.73116300642052,-96.78100680314596,Clear,75.8,43.5,6.6,4.0,True,False,False,False,False,Day
A-4272,2,2022-07-10 13:18:11,Chicago,Cook,IL,41.91287333205693,-87.57989692422619,Light Rain,49.8,49.7,10.0,5.4,False,True,False,False,False,Day
A-4273,2,2022-09-17 15:10:47,Los Angeles,Los Angeles,CA,34.03516893746772,-118.31235194161799,Overcast,73.9,60.9,8.1,4.6,False,False,False,False,False,Day
A-4274,2,2022-09-28 09:27:34,Charlotte,Mecklenburg,NC,35.29700154825174,-80.8954186640997,Clear,72.6,76.5,8.3,8.0,False,False,False,False,False,Day
A-4275,2,2022-07-20 16:15:44,Dallas,Dallas,TX,32.728615419248705,-96.81417986924642,Light Rain,67.1,59.1,10.0,7.7,False,False,False,False,False,Day
A-4276,2,2022-12-16 08:46:02,Dallas,Dallas,TX,32.741160725069925,-96.77031209943762,Clear,46.2,68.3,8.1,5.3,False,False,False,False,False,Day
A-4277,2,2022-09-23 08:43:49,Houston,Harris,TX,29.73551165878335,-95.41684861612598,Cloudy,46.5,88.7,9.8,3.1,True,False,False,False,True,Day
A-4278,3,2022-02-03 13:11:54,Miami,Miami-Dade,FL,25.789414794872826,-80.2111032227817,Clear,64.3,65.2,10.0,9.5,False,True,True,False,False,Day
A-4279,2,2022-08-31 02:13:45,Los Angeles,Los Angeles,CA,34.06335185255765,-118.27977360093021,Clear,50.9,47.4,10.0,11.4,False,False,False,False,True,Night
A-4280,3,2022-11-27 05:16:46,Houston,Harris,TX,29.788660411653748,-95.33192417260186,Overcast,83.3,74.0,9.7,10.2,False,False,False,False,False,Night
A-4281,2,2022-07-16 10:04:23,Los Angeles,Los Angeles,CA,34.05853785218695,-118.2491770236818,Fair,63.5,49.1,8.4,2.4,True,False,True,False,False,Day
A-4282,2,2022-04-30 19:06:22,Orlando,Orange,FL,28.584901444702343,-81.41563510429023,Fair,49.9,54.2,8.0,0.0,True,False,False,False,False,Night
A-4283,2,2022-09-06 16:11:10,Miami,Miami-Dade,FL,25.809139970268223,-80.250616890662,Fair,80.0,71.3,9.6,6.0,False,False,False,False,False,Day
A-4284,4,2022-02-15 05:33:46,Los Angeles,Los Angeles,CA,34.12792401488791,-118.26350235087497,Clear,36.3,71.7,7.5,12.5,False,False,True,False,False,Night
A-4285,2,2022-06-14 17:49:28,Charlotte,Mecklenburg,NC,35.244289828994,-80.85629777247813,Cloudy,63.0,56.4,10.0,0.0,True,True,False,False,False,Day
A-4286,2,2022-09-26 16:52:47,Dallas,Dallas,TX,32.793651049566314,-96.75463432871442,Overcast,73.3,53.7,9.4,5.4,False,False,False,False,False,Day
A-4287,2,2022-06-30 14:26:54,Seattle,King,WA,47.69455043133174,-122.28119127785808,Clear,49.6,96.5,6.7,13.4,False,False,False,False,False,Day
A-4288,2,2022-08-16 17:01:46,Dallas,Dallas,TX,32.836570130569925,-96.85615383421546,Fair,58.5,16.2,6.5,10.9,False,False,False,False,False,Day
A-4289,2,2022-08-27 10:47:29,Miami,Miami-Dade,FL,25.787636721793824,-80.14257146541807,Fair,54.9,67.3,9.2,7.9,False,False,False,False,False,Day
A-4290,3,2022-01-19 07:56:11,Austin,Travis,TX,30.197476332186334,-97.7074706495808,Cloudy,48.1,60.3,8.4,2.2,False,False,False,False,False,Day
A-4291,2,2022-04-17 12:16:40,Charlotte,Mecklenburg,NC,35.14291593007805,-80.86965161798055,Fair,66.1,51.6,10.0,13.0,False,True,False,False,False,Day
A-4292,2,2022-12-20 13:07:22,Los Angeles,Los Angeles,CA,34.08283531648097,-118.20580314899792,Cloudy,77.8,65.8,7.2,6.3,True,True,False,False,False,Day
A-4293,4,2022-04-08 13:14:09,Charlotte,Mecklenburg,NC,35.259796241010044,-80.88270704991716,Fog,95.1,40.5,10.0,0.0,False,False,False,False,False,Day
A-4294,3,2022-11-11 14:37:14,Atlanta,Fulton,GA,33.71286067401697,-84.36771757436074,Fair,76.4,33.9,10.0,12.8,False,True,False,False,False,Day
A-4295,2,2022-04-02 19:45:25,Houston,Harris,TX,29.77809486133349,-95.24853849882648,Fair,61.0,80.8,6.6,2.9,False,False,False,False,False,Night
A-4296,2,2022-11-11 18:44:13,Miami,Miami-Dade,FL,25.71604272134634,-80.18027255808879,Cloudy,81.7,46.5,8.6,19.7,False,False,False,False,False,Day
A-4297,2,2022-03-14 17:35:25,Los Angeles,Los Angeles,CA,34.08080896918623,-118.26078915691343,Fair,48.1,57.6,10.0,6.3,False,False,False,False,False,Day
A-4298,3,2022-02-12 17:13:30,Los Angeles,Los Angeles,CA,34.082111040654425,-118.30939004355372,Fair,57.0,14.9,9.8,8.7,False,False,False,False,False,Day
A-4299,3,2022-10-26 19:39:09,Houston,Harris,TX,29.789987132719055,-95.36569425645997,Cloudy,79.3,25.3,8.8,7.4,False,False,False,False,False,Night
A-4300,3,2022-05-10 06:39:42,Dallas,Dallas,TX,32.79347678270484,-96.74710483151618,Cloudy,55.1,65.1,10.0,5.9,False,False,False,False,False,Day
A-4301,2,2022-12-14 08:35:35,Los Angeles,Los Angeles,CA,34.03749388649373,-118.27916810786566,Fair,65.9,81.7,8.0,10.2,False,True,False,False,False,Day
A-4302,2,2022-09-11 12:49:39,Atlanta,Fulton,GA,33.738415320521455,-84.36095250976865,Clear,54.5,46.3,8.3,7.8,False,True,False,False,False,Day
A-4303,1,2022-02-12 17:17:06,Austin,Travis,TX,30.32515492909308,-97.7562658880855,Fair,61.8,92.6,9.3,7.2,False,False,False,False,True,Day
A-4304,2,2022-04-29 12:00:30,Dallas,Dallas,TX,32.79744574278581,-96.8169231673067,Light Rain,64.0,85.7,10.0,2.9,False,True,False,False,False,Day
A-4305,3,2022-04-06 16:12:28,Austin,Travis,TX,30.291604449983375,-97.71863559802102,Light Rain,72.1,77.7,7.2,6.4,False,False,False,False,True,Day
A-4306,1,2022-11-06 06:28:34,Los Angeles,Los Angeles,CA,34.056524490870295,-118.33835932011064,Overcast,67.5,81.7,9.9,2.3,False,True,False,True,False,Day
A-4307,2,2022-03-23 07:03:44,Charlotte,Mecklenburg,NC,35.259672491800664,-80.85266748741782,Cloudy,75.7,86.3,8.2,8.6,False,False,False,False,False,Day
A-4308,3,2022-08-08 16:14:50,Dallas,Dallas,TX,32.824646534428474,-96.74764714089896,Clear,70.9,49.6,10.0,8.4,False,True,False,False,False,Day
A-4309,2,2022-11-15 07:02:29,Austin,Travis,TX,30.235801647093734,-97.75234021627514,Fair,62.0,50.5,10.0,7.7,False,False,False,False,True,Day
A-4310,1,2022-03-08 09:19:01,Austin,Travis,TX,30.29683736422539,-97.74274936603261,Clear,55.9,73.9,8.8,12.0,False,True,False,False,False,Day
A-4311,3,2022-11-18 08:10:00,Miami,Miami-Dade,FL,25.75039580683615,-80.19843603752102,Overcast,51.3,35.1,10.0,10.2,False,False,True,False,False,Day
A-4312,4,2022-09-29 09:47:09,Atlanta,Fulton,GA,33.764692666571676,-84.2923690720761,Clear,24.1,66.6,7.8,15.3,False,True,False,False,False,Day
A-4313,3,2022-11-20 16:29:34,Los Angeles,Los Angeles,CA,34.09396182735139,-118.22445777535536,Overcast,63.3,69.2,7.7,10.9,False,True,False,False,False,Day
A-4314,2,2022-06-21 09:45:52,Seattle,King,WA,47.533614935317466,-122.39590286615196,Overcast,47.9,74.0,10.0,7.6,False,False,False,False,False,Day
A-4315,2,2022-04-17 13:33:31,Chicago,Cook,IL,41.82390900815944,-87.67309770531432,Light Rain,51.9,71.5,8.3,5.8,False,True,False,False,False,Day
A-4316,1,2022-07-17 06:16:58,Los Angeles,Los Angeles,CA,34.01923034749909,-118.23900252791059,Overcast,60.5,34.2,9.4,1.4,False,False,False,False,False,Day
A-4317,2,2022-04-01 17:50:12,Orlando,Orange,FL,28.501782776013943,-81.31630701809287,Fair,57.2,25.9,8.2,12.5,False,True,False,False,False,Day
A-4318,2,2022-05-29 09:21:10,Los Angeles,Los Angeles,CA,34.04408255495486,-118.21064434996796,Fair,73.2,61.3,6.4,9.3,False,False,False,False,False,Day
A-4319,3,2022-04-23 15:44:44,Houston,Harris,TX,29.8450190439231,-95.32018129293367,Clear,62.5,100.0,7.0,5.2,False,False,False,False,False,Day
A-4320,2,2022-05-17 16:00:29,Charlotte,Mecklenburg,NC,35.286022344268765,-80.89958812524556,Clear,89.4,40.8,9.7,8.2,False,False,False,False,False,Day
A-4321,2,2022-09-14 07:50:54,Dallas,Dallas,TX,32.747670509957636,-96.7654610364874,Clear,97.9,53.6,6.2,7.5,True,False,False,False,False,Day
A-4322,3,2022-07-03 18:28:34,Atlanta,Fulton,GA,33.79244416800443,-84.42488925703229,Clear,60.4,66.0,7.6,6.6,False,False,False,False,False,Day
A-4323,3,2022-11-16 14:19:35,Orlando,Orange,FL,28.536138866315564,-81.38520066683142,Rain,52.3,49.2,10.0,10.7,False,False,False,False,False,Day
A-4324,2,2022-05-22 11:22:30,Charlotte,Mecklenburg,NC,35.244287464248636,-80.80059531486691,Clear,38.6,73.1,9.5,0.8,False,True,False,False,False,Day
A-4325,4,2022-06-04 07:55:50,Austin,Travis,TX,30.218157033586472,-97.77153123524111,Cloudy,92.4,74.2,8.2,10.4,False,False,False,False,False,Day
A-4326,4,2022-10-25 19:51:46,Chicago,Cook,IL,41.812065822447785,-87.70181420631954,Clear,54.1,90.8,8.1,12.3,True,False,True,False,False,Night
A-4327,4,2022-11-05 16:21:45,Los Angeles,Los Angeles,CA,34.0888174266903,-118.26210445308736,Fog,56.9,71.0,6.9,2.6,False,False,False,False,False,Day
A-4328,3,2022-12-23 07:35:43,Chicago,Cook,IL,41.87974229056401,-87.62374703187632,Fair,54.5,53.4,10.0,0.0,False,False,False,False,False,Day
A-4329,3,2022-05-14 08:26:01,Los Angeles,Los Angeles,CA,34.078329857653166,-118.2095542927713,Fair,60.1,77.4,7.0,8.9,False,False,False,False,False,Day
A-4330,2,2022-10-17 17:21:27,Austin,Travis,TX,30.3468873797022,-97.787554631276,Fair,57.8,59.2,10.0,10.9,False,False,False,False,True,Day
A-4331,2,2022-05-29 16:25:34,Miami,Miami-Dade,FL,25.749759998226498,-80.21950514668549,Overcast,77.4,52.5,4.6,3.5,False,True,False,False,True,Day
A-4332,2,2022-06-02 16:06:27,Los Angeles,Los Angeles,CA,34.04071823019987,-118.23293893380728,Clear,23.8,51.7,10.0,1.4,False,False,False,False,True,Day
A-4333,1,2022-10-22 11:40:30,Houston,Harris,TX,29.84883306197896,-95.34250884141333,Light Rain,62.2,50.1,10.0,0.0,True,False,False,False,True,Day
A-4334,2,2022-06-28 16:02:32,Dallas,Dallas,TX,32.7775494640192,-96.7868552390604,Cloudy,75.8,81.8,7.1,11.3,False,False,False,False,False,Day
A-4335,2,2022-10-23 09:20:55,Houston,Harris,TX,29.720234637562044,-95.37712681042605,Clear,54.6,81.5,7.8,6.6,True,False,False,False,True,Day
A-4336,2,2022-10-07 07:48:18,Los Angeles,Los Angeles,CA,34.08898410796463,-118.28067632798303,Clear,73.8,65.6,10.0,12.2,False,False,False,False,False,Day
A-4337,3,2022-01-26 15:54:20,Dallas,Dallas,TX,32.764816192786284,-96.75264328604226,Overcast,66.3,51.1,6.7,0.0,False,False,False,True,True,Day
A-4338,3,2022-05-06 21:52:06,Atlanta,Fulton,GA,33.70786808911294,-84.32732297154728,Clear,54.2,63.8,9.9,7.3,False,False,False,False,False,Night
A-4339,2,2022-10-23 08:39:07,Houston,Harris,TX,29.76488432999772,-95.39902244287534,Light Rain,37.8,45.3,7.6,11.5,False,False,False,False,True,Day
A-4340,2,2022-05-14 11:48:05,Miami,Miami-Dade,FL,25.803034301055398,-80.21551995806853,Clear,71.1,58.2,10.0,3.2,False,False,False,False,True,Day
A-4341,3,2022-11-11 15:40:29,Houston,Harris,TX,29.702440894698466,-95.33561660693857,Cloudy,69.8,29.8,10.0,10.0,False,False,False,False,True,Day
A-4342,3,2022-12-29 13:38:35,Los Angeles,Los Angeles,CA,33.993078211011536,-118.23533572737728,Cloudy,53.9,57.7,7.0,2.8,False,True,False,False,True,Day
A-4343,4,2022-05-26 17:49:17,Austin,Travis,TX,30.263197047005974,-97.71400502799084,Cloudy,76.4,77.4,10.0,3.2,False,False,False,False,False,Day
A-4344,4,2022-11-19 16:35:59,Austin,Travis,TX,30.21219836610113,-97.72954918598798,Clear,57.7,49.4,10.0,7.3,False,False,False,True,True,Day
A-4345,4,2022-11-27 05:53:15,Dallas,Dallas,TX,32.71289636590147,-96.77801412865735,Light Rain,80.5,80.6,5.0,4.6,False,False,False,False,False,Night
A-4346,2,2022-04-11 23:04:08,Houston,Harris,TX,29.760705803350422,-95.39016038192585,Overcast,69.5,72.3,10.0,12.5,False,False,False,False,False,Night
A-4347,2,2022-09-07 16:35:30,Austin,Travis,TX,30.322503523679817,-97.84299907006044,Fair,87.2,68.7,9.7,7.0,False,False,False,False,False,Day
A-4348,3,2022-11-15 17:27:20,Charlotte,Mecklenburg,NC,35.26650086787803,-80.83343366905997,Cloudy,70.4,48.7,10.0,12.6,False,False,False,False,False,Day
A-4349,2,2022-09-27 15:02:29,Austin,Travis,TX,30.26185294859793,-97.70860377470186,Fair,65.4,41.8,5.3,9.7,False,True,False,False,False,Day
A-4350,3,2022-04-15 17:41:05,Dallas,Dallas,TX,32.840828599461474,-96.78270861632048,Heavy Rain,36.7,80.1,10.0,3.4,False,True,False,False,False,Day
A-4351,2,2022-08-13 06:43:00,Austin,Travis,TX,30.35394797883844,-97.78040035843479,Light Rain,65.8,36.5,8.6,7.9,False,False,False,False,False,Day
A-4352,3,2022-03-21 09:53:51,Dallas,Dallas,TX,32.80126107456818,-96.82594003499781,Clear,61.4,52.2,6.7,3.7,False,False,False,False,False,Day
A-4353,2,2022-11-07 18:14:40,Houston,Harris,TX,29.74209041806757,-95.24694533124261,Clear,89.2,64.9,10.0,11.6,False,True,False,False,False,Day
A-4354,2,2022-12-20 07:43:17,Chicago,Cook,IL,41.956230791233544,-87.61221144964223,Snow,68.2,100.0,10.0,12.8,False,False,False,False,False,Day
A-4355,2,2022-09-12 05:46:28,Charlotte,Mecklenburg,NC,35.30302742782223,-80.96048670601698,Clear,76.7,74.4,8.8,0.1,False,False,False,False,False,Night
A-4356,4,2022-09-21 16:40:21,Dallas,Dallas,TX,32.78936980767446,-96.82571185834205,Heavy Rain,86.1,46.8,9.7,9.3,True,False,False,False,False,Day
A-4357,2,2022-08-10 17:23:44,Miami,Miami-Dade,FL,25.82284227450315,-80.2026521713142,Cloudy,85.1,59.6,8.7,11.8,False,False,False,False,True,Day
A-4358,4,2022-10-14 07:49:21,Dallas,Dallas,TX,32.737635767303956,-96.85891846711199,Clear,63.7,55.3,6.2,10.6,False,False,False,False,True,Day
A-4359,3,2022-05-23 17:16:21,Dallas,Dallas,TX,32.673337985967045,-96.80349219631448,Clear,96.9,66.6,8.7,6.6,False,False,False,False,False,Day
A-4360,3,2022-03-22 15:24:05,Los Angeles,Los Angeles,CA,34.00364054466973,-118.26834599806948,Fair,57.4,80.0,10.0,18.0,False,False,False,False,False,Day
A-4361,3,2022-02-05 13:16:58,Los Angeles,Los Angeles,CA,34.06252848400723,-118.23390746781963,Light Rain,85.0,47.6,10.0,7.9,False,False,False,False,False,Day
A-4362,2,2022-06-30 17:38:53,Dallas,Dallas,TX,32.77299101800783,-96.81123978352173,Clear,53.8,63.9,7.3,1.1,False,False,False,False,True,Day
A-4363,2,2022-09-10 10:47:03,Austin,Travis,TX,30.315293141532553,-97.77810204877213,Clear,77.9,79.5,9.5,9.8,False,False,False,False,True,Day
A-4364,2,2022-03-10 07:13:12,Charlotte,Mecklenburg,NC,35.152817225025395,-80.86004154687852,Rain,50.5,36.0,9.2,11.4,False,False,False,False,False,Day
A-4365,3,2022-10-19 08:26:07,Miami,Miami-Dade,FL,25.688394421006297,-80.14944703976933,Clear,74.3,57.2,10.0,9.4,False,False,False,False,False,Day
A-4366,3,2022-03-03 12:51:46,Dallas,Dallas,TX,32.81481522327901,-96.79379600433063,Fair,52.2,52.6,9.1,7.8,False,False,False,False,True,Day
A-4367,2,2022-02-27 13:20:50,Los Angeles,Los Angeles,CA,33.98040366714616,-118.25445917182542,Fair,49.4,59.6,10.0,1.4,False,False,False,False,False,Day
A-4368,2,2022-10-24 17:30:26,Houston,Harris,TX,29.746862325422217,-95.35223779241647,Clear,50.5,15.6,8.2,0.4,False,False,False,False,False,Day
A-4369,2,2022-03-13 17:45:47,Los Angeles,Los Angeles,CA,34.0534281466548,-118.24377929631368,Clear,72.5,45.9,10.0,3.1,False,True,False,False,True,Day
A-4370,2,2022-11-28 14:07:32,Los Angeles,Los Angeles,CA,34.019675540270875,-118.29902818979632,Fair,72.4,17.8,7.9,0.0,False,False,True,False,True,Day
A-4371,2,2022-04-19 16:33:15,Miami,Miami-Dade,FL,25.790593060704815,-80.15747283924118,Clear,72.4,38.7,9.4,13.1,False,False,False,False,False,Day
A-4372,2,2022-02-24 07:01:11,Houston,Harris,TX,29.657306630302216,-95.40101760746299,Fair,68.3,62.7,10.0,7.3,False,True,False,False,True,Day
A-4373,2,2022-12-31 04:16:19,Los Angeles,Los Angeles,CA,34.14379640449667,-118.26082773332932,Cloudy,57.7,68.2,9.4,5.7,False,False,False,False,False,Night
A-4374,2,2022-08-27 17:41:19,Houston,Harris,TX,29.743893198235632,-95.44547906823833,Cloudy,54.2,52.1,4.3,1.2,False,False,False,False,False,Day
A-4375,2,2022-01-06 05:01:11,Charlotte,Mecklenburg,NC,35.21858640685737,-80.80200255875872,Fair,49.5,17.7,9.6,1.9,False,False,False,False,False,Night
A-4376,1,2022-08-01 07:07:50,Charlotte,Mecklenburg,NC,35.361778860121326,-80.83686681886664,Fair,48.6,48.3,10.0,7.1,False,False,False,False,False,Day
A-4377,2,2022-04-26 16:13:25,Houston,Harris,TX,29.69240497723853,-95.35555726187484,Clear,83.2,34.9,9.6,5.8,True,False,False,True,True,Day
A-4378,2,2022-02-03 10:29:55,Seattle,King,WA,47.55394510230839,-122.29140968955602,Clear,49.1,54.9,10.0,7.5,False,False,False,False,False,Day
A-4379,1,2022-03-10 18:41:03,Los Angeles,Los Angeles,CA,34.122424863904726,-118.20258083330945,Fair,51.0,61.9,10.0,1.7,False,False,False,False,True,Day
A-4380,2,2022-12-17 08:10:23,Charlotte,Mecklenburg,NC,35.14927682540828,-80.87831507930149,Rain,50.0,27.8,7.6,8.5,False,True,False,False,True,Day
A-4381,2,2022-05-29 01:21:02,Los Angeles,Los Angeles,CA,34.07695902204243,-118.2430939388454,Clear,45.1,52.3,5.6,12.1,False,False,False,False,False,Night
A-4382,2,2022-08-23 08:01:11,Los Angeles,Los Angeles,CA,34.021885937557535,-118.24799251925178,Fair,69.6,15.9,6.6,5.9,False,False,False,False,False,Day
A-4383,3,2022-07-12 14:04:06,Dallas,Dallas,TX,32.69589297190787,-96.80603026585962,Cloudy,57.0,56.1,9.1,10.1,False,False,False,False,False,Day
A-4384,2,2022-11-19 09:42:53,Charlotte,Mecklenburg,NC,35.25344246778536,-80.88332579426458,Cloudy,62.5,56.1,10.0,6.3,False,False,False,False,False,Day
A-4385,2,2022-10-04 13:35:58,Seattle,King,WA,47.63401286956048,-122.26084860441652,Fog,63.3,29.8,8.8,5.5,False,False,False,False,False,Day
A-4386,2,2022-10-02 18:21:28,Charlotte,Mecklenburg,NC,35.22716929274215,-80.79239177561183,Clear,69.3,31.1,6.2,8.7,False,False,False,False,False,Day
A-4387,2,2022-04-15 18:25:11,Chicago,Cook,IL,41.98155444725122,-87.60762899746565,Clear,66.5,95.3,9.6,5.1,False,False,False,False,False,Day
A-4388,3,2022-05-05 08:51:50,Los Angeles,Los Angeles,CA,34.013625133773814,-118.17585989199016,Clear,82.8,66.8,9.0,4.5,False,False,False,False,False,Day
A-4389,2,2022-10-02 11:13:54,Los Angeles,Los Angeles,CA,34.09552868119116,-118.21997824089055,Clear,55.0,46.0,9.3,11.3,True,False,False,False,True,Day
A-4390,2,2022-04-18 13:08:25,Los Angeles,Los Angeles,CA,34.06856707568135,-118.25885502452722,Fair,56.1,53.4,10.0,0.0,False,False,False,False,False,Day
A-4391,2,2022-08-20 19:46:41,Los Angeles,Los Angeles,CA,34.10077608825512,-118.26477404888283,Light Rain,63.7,36.2,10.0,7.4,False,False,False,False,False,Night
A-4392,2,2022-04-02 23:40:03,Charlotte,Mecklenburg,NC,35.20189565854349,-80.82381381812216,Cloudy,63.9,64.5,8.7,2.8,False,False,True,False,True,Night
A-4393,1,2022-01-30 07:45:02,Dallas,Dallas,TX,32.707466530348206,-96.86590649649777,Clear,42.8,57.7,6.3,14.2,True,True,False,False,True,Day
A-4394,2,2022-01-31 16:24:20,Los Angeles,Los Angeles,CA,34.018099427329,-118.20036583441323,Clear,41.4,74.6,10.0,10.6,False,False,False,False,False,Day
A-4395,2,2022-12-29 09:00:44,Atlanta,Fulton,GA,33.7458110718186,-84.46942369287638,Rain,62.9,80.5,5.5,12.1,False,False,False,False,False,Day
A-4396,1,2022-09-10 00:47:06,Seattle,King,WA,47.640244776948045,-122.2769812930398,Fair,85.8,87.0,8.4,7.8,False,True,True,False,False,Night
A-4397,2,2022-08-13 00:14:39,Miami,Miami-Dade,FL,25.762564338188312,-80.16696493723994,Rain,87.3,77.2,6.6,9.5,False,False,False,False,False,Night
A-4398,3,2022-02-23 11:10:55,Los Angeles,Los Angeles,CA,34.0629538510658,-118.14616326796086,Cloudy,48.2,55.7,8.2,7.8,False,False,False,False,False,Day
A-4399,2,2022-04-03 12:44:22,Los Angeles,Los Angeles,CA,34.1384781093055,-118.23469597293105,Thunderstorm,58.5,32.8,8.8,4.7,False,False,False,False,False,Day
A-4400,2,2022-05-14 02:26:40,Los Angeles,Los Angeles,CA,34.0509888975897,-118.21090216370976,Light Rain,67.4,54.1,6.4,14.1,False,False,False,False,False,Night
A-4401,2,2022-04-26 15:49:50,Los Angeles,Los Angeles,CA,34.02558131916648,-118.20885043924989,Fair,69.6,59.0,4.1,9.8,False,False,False,False,False,Day
A-4402,2,2022-05-20 08:11:28,Charlotte,Mecklenburg,NC,35.249116233278535,-80.88737887831228,Overcast,50.4,67.9,7.1,3.7,False,False,False,False,True,Day
A-4403,3,2022-10-08 13:19:19,Miami,Miami-Dade,FL,25.675909217548593,-80.24516848756693,Fair,90.5,48.8,6.3,0.7,False,False,False,False,False,Day
A-4404,2,2022-10-27 08:07:23,Houston,Harris,TX,29.67450214053855,-95.4164889306696,Clear,56.4,36.0,7.1,2.9,False,False,False,False,False,Day
A-4405,2,2022-01-30 07:38:32,Chicago,Cook,IL,41.87139738268442,-87.63143654189227,Clear,70.5,65.1,8.4,7.2,False,False,False,False,False,Day
A-4406,2,2022-02-03 10:14:03,Orlando,Orange,FL,28.491654970390183,-81.37956293213257,Fair,60.1,100.0,10.0,4.4,False,False,False,False,False,Day
A-4407,2,2022-06-15 07:29:36,Atlanta,Fulton,GA,33.718588078338115,-84.3862972619754,Clear,60.1,88.5,7.8,10.7,True,True,False,False,False,Day
A-4408,2,2022-12-05 13:35:33,Los Angeles,Los Angeles,CA,34.09893867219553,-118.21899241627108,Clear,76.4,83.8,7.9,8.1,False,False,False,False,True,Day
A-4409,3,2022-12-27 07:59:44,Houston,Harris,TX,29.78671224738154,-95.40694151595035,Fair,79.8,52.6,8.8,6.0,False,False,False,False,False,Day
A-4410,3,2022-04-21 12:01:21,Charlotte,Mecklenburg,NC,35.223251247568946,-80.80115050155175,Heavy Rain,75.2,45.0,10.0,7.0,False,False,False,False,False,Day
A-4411,2,2022-09-26 06:39:23,Los Angeles,Los Angeles,CA,34.05634830343159,-118.22217360652697,Fair,51.8,75.2,10.0,6.5,False,False,False,False,False,Day
A-4412,3,2022-08-24 15:39:18,Los Angeles,Los Angeles,CA,34.030974262774436,-118.16466532318384,Fair,44.8,85.2,5.2,6.1,False,True,False,False,True,Day
A-4413,2,2022-01-10 16:37:54,Orlando,Orange,FL,28.58076704520295,-81.35765348253246,Clear,104.9,54.8,6.9,8.5,False,False,False,False,True,Day
A-4414,3,2022-11-23 06:46:32,Dallas,Dallas,TX,32.81632708931301,-96.80047256373203,Clear,69.6,48.3,10.0,4.9,False,False,False,False,False,Day
A-4415,3,2022-11-19 12:59:50,Houston,Harris,TX,29.809946642455248,-95.26242591031664,Cloudy,51.5,49.3,8.0,2.3,True,False,False,False,False,Day
A-4416,2,2022-10-03 05:17:37,Charlotte,Mecklenburg,NC,35.27434634980264,-80.8472980918501,Light Rain,79.1,64.3,10.0,10.0,False,False,False,False,False,Night
A-4417,2,2022-01-08 14:31:06,Houston,Harris,TX,29.763102406990992,-95.35532472950898,Fair,51.4,58.7,10.0,3.8,False,False,False,False,False,Day
A-4418,3,2022-01-08 08:17:06,Los Angeles,Los Angeles,CA,34.017289476187884,-118.22197295351823,Fair,94.5,60.3,4.5,12.0,False,True,False,False,False,Day
A-4419,2,2022-10-25 13:39:23,Miami,Miami-Dade,FL,25.753334778908304,-80.14524726138573,Cloudy,58.9,84.8,5.7,6.3,False,False,False,True,False,Day
A-4420,2,2022-08-09 13:56:21,Los Angeles,Los Angeles,CA,34.05803122700056,-118.2394242045896,Clear,77.9,77.3,8.3,5.2,False,False,False,False,True,Day
A-4421,2,2022-08-05 19:25:14,Los Angeles,Los Angeles,CA,34.018498672636504,-118.105348381429,Fair,64.3,56.5,9.8,3.3,False,False,False,False,True,Night
A-4422,3,2022-06-27 13:40:41,Chicago,Cook,IL,41.959593457737554,-87.65846483920309,Cloudy,42.1,60.0,8.5,5.8,False,False,False,False,False,Day
A-4423,4,2022-08-17 14:48:00,Dallas,Dallas,TX,32.85844305833082,-96.72252099576207,Cloudy,50.2,80.3,8.6,8.4,False,False,False,False,True,Day
A-4424,2,2022-08-16 10:35:30,Orlando,Orange,FL,28.532296606986666,-81.45231842642353,Clear,53.5,70.6,9.1,3.8,False,False,False,False,False,Day
A-4425,3,2022-01-23 19:33:34,Miami,Miami-Dade,FL,25.81324399988394,-80.24102719921517,Clear,54.7,93.0,8.8,9.9,False,False,False,False,False,Night
A-4426,2,2022-07-04 16:45:43,Houston,Harris,TX,29.788401075766984,-95.44761169446564,Cloudy,67.8,73.5,8.9,2.6,False,False,False,False,False,Day
A-4427,4,2022-05-28 08:14:00,Miami,Miami-Dade,FL,25.736868956716567,-80.23806111532974,Clear,28.5,65.2,4.3,10.7,True,False,False,False,True,Day
A-4428,2,2022-10-12 17:56:14,Los Angeles,Los Angeles,CA,34.07280052412882,-118.325500916368,Overcast,67.9,50.2,8.4,7.4,False,False,False,False,False,Day
A-4429,1,2022-06-28 11:03:14,Los Angeles,Los Angeles,CA,34.01348719474686,-118.23829060607261,Clear,35.4,28.6,8.4,5.2,False,False,False,False,True,Day
A-4430,1,2022-03-29 17:37:44,Austin,Travis,TX,30.22319985529958,-97.78774441634546,Clear,70.4,81.2,6.9,8.5,False,False,False,False,False,Day
A-4431,2,2022-10-12 17:57:53,Orlando,Orange,FL,28.562145171279244,-81.30346064506598,Clear,53.0,81.4,7.5,13.4,False,False,False,False,False,Day
A-4432,2,2022-02-20 07:21:10,Charlotte,Mecklenburg,NC,35.25154040372017,-80.81796640171683,Rain,67.0,87.3,5.7,11.6,False,False,False,False,False,Day
A-4433,3,2022-10-15 16:37:36,Charlotte,Mecklenburg,NC,35.3618043767669,-80.8397680098971,Overcast,45.0,35.6,9.8,8.5,True,True,False,False,True,Day
A-4434,2,2022-07-31 08:57:12,Atlanta,Fulton,GA,33.74122650474982,-84.37471226483088,Light Rain,55.6,67.7,6.7,10.7,False,False,False,False,False,Day
A-4435,4,2022-11-06 08:07:45,Los Angeles,Los Angeles,CA,34.02575180064258,-118.21139803163233,Fair,34.3,46.6,8.8,5.3,True,False,False,False,False,Day
A-4436,2,2022-02-04 08:50:22,Miami,Miami-Dade,FL,25.80783771091774,-80.13216410695634,Overcast,46.3,58.0,8.0,4.5,False,False,False,False,False,Day
A-4437,2,2022-10-19 16:43:54,Miami,Miami-Dade,FL,25.760447180004384,-80.21666205414313,Light Rain,86.0,28.8,8.6,9.8,False,False,False,False,True,Day
A-4438,2,2022-06-21 07:45:37,Austin,Travis,TX,30.2348189832994,-97.77718004254328,Fair,86.4,46.4,10.0,8.0,False,False,False,False,False,Day
A-4439,3,2022-12-02 00:12:06,Chicago,Cook,IL,41.84880933473788,-87.60906098555809,Thunderstorm,46.3,57.9,7.5,5.8,False,False,True,False,False,Night
A-4440,2,2022-10-21 16:09:32,Miami,Miami-Dade,FL,25.752723412588974,-80.11335275224084,Light Rain,59.9,67.9,8.8,10.2,False,True,False,False,False,Day
A-4441,3,2022-01-29 07:54:02,Seattle,King,WA,47.658922553733944,-122.40019598858837,Fog,71.9,75.0,10.0,7.2,True,True,False,False,False,Day
A-4442,4,2022-11-29 06:28:36,Seattle,King,WA,47.627781299302924,-122.31214021943728,Light Rain,66.2,91.8,9.3,12.1,False,False,False,False,False,Day
A-4443,2,2022-09-21 07:44:15,Miami,Miami-Dade,FL,25.720030381102895,-80.12725146253737,Overcast,56.4,57.6,7.4,0.0,True,False,False,False,True,Day
A-4444,2,2022-02-11 09:48:06,Houston,Harris,TX,29.85213591122481,-95.33901794627302,Heavy Rain,41.6,50.6,5.9,5.0,False,False,False,False,True,Day
A-4445,3,2022-12-06 12:37:05,Houston,Harris,TX,29.715031007220613,-95.353198769896,Fair,78.2,67.0,7.3,10.7,False,False,False,False,False,Day
A-4446,3,2022-08-29 04:51:50,Chicago,Cook,IL,41.84123359744901,-87.60278186413724,Overcast,57.4,66.1,9.4,13.6,False,False,False,False,True,Night
A-4447,2,2022-07-22 20:45:53,Los Angeles,Los Angeles,CA,34.110551334531685,-118.15353123423051,Clear,40.3,37.7,8.9,12.3,False,True,False,False,True,Night
A-4448,2,2022-09-26 16:48:27,Austin,Travis,TX,30.342078040377352,-97.70335207363598,Cloudy,64.3,35.7,10.0,4.5,False,False,False,False,False,Day
A-4449,2,2022-03-28 08:27:31,Miami,Miami-Dade,FL,25.77937783908286,-80.26935592554285,Overcast,59.8,100.0,8.3,12.1,False,True,False,False,True,Day
A-4450,2,2022-11-18 08:35:38,Orlando,Orange,FL,28.47376938811185,-81.38342807351331,Cloudy,57.4,65.5,7.5,0.0,False,False,False,False,False,Day
A-4451,2,2022-03-10 11:53:22,Houston,Harris,TX,29.76524490592639,-95.36542195133367,Light Rain,66.9,75.9,6.0,3.3,False,False,False,False,False,Day
A-4452,2,2022-06-12 15:07:14,Dallas,Dallas,TX,32.708346820249986,-96.74570675463823,Fair,61.8,71.3,6.6,6.0,False,False,True,False,False,Day
A-4453,2,2022-12-26 06:27:21,Seattle,King,WA,47.7304372522848,-122.32793629795951,Fair,81.8,69.5,6.9,8.8,False,False,False,False,True,Day
A-4454,2,2022-04-18 07:32:14,Austin,Travis,TX,30.281558397207032,-97.74229872229711,Clear,51.3,85.4,10.0,3.1,False,False,False,False,False,Day
A-4455,4,2022-11-11 17:23:25,Seattle,King,WA,47.64627470938148,-122.32996580416511,Clear,53.4,100.0,6.6,6.4,False,False,False,False,False,Day
A-4456,3,2022-04-19 07:09:14,Los Angeles,Los Angeles,CA,34.033686221380876,-118.23170710662238,Cloudy,76.6,71.2,6.7,12.5,False,True,False,False,False,Day
A-4457,4,2022-12-10 09:23:10,Orlando,Orange,FL,28.628583358730364,-81.38386995618197,Fair,102.4,62.4,7.6,2.3,False,False,False,False,False,Day
A-4458,3,2022-01-05 17:20:39,Los Angeles,Los Angeles,CA,34.02707607046531,-118.2646566448819,Clear,100.1,80.3,10.0,2.0,False,False,False,False,False,Day
A-4459,2,2022-01-31 15:14:14,Houston,Harris,TX,29.717458865159674,-95.3771856587175,Clear,76.0,55.5,9.9,3.8,False,False,False,False,False,Day
A-4460,3,2022-09-26 08:13:42,Charlotte,Mecklenburg,NC,35.24234424536922,-80.82784350731012,Clear,59.7,35.9,8.5,16.6,False,False,False,False,False,Day
A-4461,4,2022-07-16 15:20:43,Houston,Harris,TX,29.80440321929043,-95.33876657923044,Cloudy,57.0,73.1,5.8,8.7,False,False,False,False,False,Day
A-4462,4,2022-08-05 02:32:02,Charlotte,Mecklenburg,NC,35.333534739652634,-80.70627776169329,Cloudy,59.2,41.9,8.7,3.6,False,True,False,False,False,Night
A-4463,2,2022-09-28 16:22:43,Chicago,Cook,IL,41.958814892909494,-87.69626086763054,Clear,38.9,44.3,10.0,10.7,False,False,False,False,False,Day
A-4464,2,2022-09-28 12:26:34,Los Angeles,Los Angeles,CA,34.1119542444817,-118.21434102154913,Overcast,75.2,34.7,10.0,0.0,False,False,False,False,False,Day
A-4465,1,2022-03-23 17:31:21,Orlando,Orange,FL,28.50403998848557,-81.30541124672472,Clear,84.8,10.0,4.3,6.5,False,True,False,False,False,Day
A-4466,2,2022-08-19 20:27:27,Houston,Harris,TX,29.7250829811117,-95.40847450656142,Cloudy,63.0,33.6,7.1,7.5,False,False,False,False,False,Night
A-4467,4,2022-09-11 19:11:54,Los Angeles,Los Angeles,CA,34.00830768109901,-118.20946644114619,Clear,96.4,62.1,8.9,11.4,False,False,False,False,False,Night
A-4468,2,2022-10-13 18:36:59,Los Angeles,Los Angeles,CA,34.04466730507042,-118.26194406833879,Thunderstorm,105.9,84.0,10.0,1.2,True,False,False,False,False,Day
A-4469,3,2022-10-31 12:33:22,Atlanta,Fulton,GA,33.65333627412017,-84.41382042438141,Clear,78.3,49.3,6.0,12.1,False,True,False,False,False,Day
A-4470,2,2022-03-27 09:06:31,Seattle,King,WA,47.67447289472495,-122.36875659623624,Cloudy,54.9,46.1,6.5,11.1,False,False,False,False,True,Day
A-4471,2,2022-10-27 11:48:07,Atlanta,Fulton,GA,33.69777066534273,-84.39253478598114,Fair,52.1,58.7,7.7,12.3,False,False,False,False,False,Day
A-4472,1,2022-08-12 15:46:46,Chicago,Cook,IL,41.82069507329633,-87.63620990710537,Clear,76.6,58.6,5.8,2.2,False,False,False,False,False,Day
A-4473,2,2022-08-09 18:33:47,Miami,Miami-Dade,FL,25.741408411133964,-80.15413512274118,Clear,80.8,58.9,4.7,13.9,False,False,False,False,False,Day
A-4474,2,2022-11-27 07:51:39,Houston,Harris,TX,29.69328084842692,-95.44200723591112,Fair,55.1,81.2,10.0,0.0,True,True,False,False,True,Day
A-4475,2,2022-01-14 18:55:48,Dallas,Dallas,TX,32.80891452965512,-96.75449909379527,Overcast,47.6,53.8,8.1,2.0,False,False,False,False,True,Day
A-4476,2,2022-05-03 17:34:44,Charlotte,Mecklenburg,NC,35.17879888514536,-80.80171047779022,Clear,39.3,50.2,7.3,7.7,False,False,False,False,True,Day
A-4477,3,2022-07-14 21:58:34,Houston,Harris,TX,29.785473463710165,-95.35435270003748,Cloudy,49.3,60.3,6.3,5.5,False,False,False,False,True,Night
A-4478,2,2022-04-22 18:27:07,Houston,Harris,TX,29.806644044643114,-95.2554092789242,Cloudy,58.7,73.0,8.6,1.6,False,False,False,False,False,Day
A-4479,3,2022-01-18 08:03:44,Dallas,Dallas,TX,32.749232128416196,-96.73532875634524,Clear,81.4,100.0,7.5,16.5,False,False,False,False,False,Day
A-4480,2,2022-04-22 06:06:38,Dallas,Dallas,TX,32.740827346377905,-96.82204455728052,Clear,56.4,94.9,10.0,0.2,False,False,False,False,False,Day
A-4481,2,2022-05-26 06:26:36,Los Angeles,Los Angeles,CA,34.01209165725191,-118.30317500129716,Rain,19.0,64.9,6.5,0.1,False,False,False,False,False,Day
A-4482,2,2022-04-17 08:16:09,Charlotte,Mecklenburg,NC,35.172989013016135,-80.8774911553557,Clear,55.2,49.8,8.6,8.3,False,False,False,False,True,Day
A-4483,3,2022-06-15 14:22:13,Charlotte,Mecklenburg,NC,35.2060821260788,-80.87215035167065,Clear,60.0,58.3,8.5,6.8,False,False,False,False,False,Day
A-4484,2,2022-10-16 17:01:45,Dallas,Dallas,TX,32.780069030121055,-96.88841029935986,Cloudy,59.7,46.6,9.7,1.2,False,False,False,False,True,Day
A-4485,2,2022-01-02 18:23:28,Miami,Miami-Dade,FL,25.69254919973042,-80.16708635530131,Clear,26.2,64.3,8.3,15.7,False,False,False,False,True,Day
A-4486,4,2022-05-08 15:17:58,Orlando,Orange,FL,28.506200367202442,-81.44489305800937,Fair,59.9,66.5,9.8,7.4,True,False,False,False,True,Day
A-4487,1,2022-06-14 00:52:03,Los Angeles,Los Angeles,CA,34.06008883016733,-118.23204901586482,Clear,84.8,72.2,9.2,4.7,True,False,False,False,False,Night
A-4488,1,2022-11-07 07:13:43,Houston,Harris,TX,29.76213379624024,-95.32290696102324,Thunderstorm,58.0,20.7,10.0,7.0,False,False,False,False,False,Day
A-4489,3,2022-06-22 06:31:59,Austin,Travis,TX,30.13384052060474,-97.67312613334238,Fair,54.9,42.5,9.8,0.7,False,False,False,False,True,Day
A-4490,2,2022-03-13 09:03:19,Charlotte,Mecklenburg,NC,35.258781591406205,-80.85567062098065,Thunderstorm,53.4,89.1,8.3,11.4,False,False,False,False,True,Day
A-4491,2,2022-03-24 12:24:03,Miami,Miami-Dade,FL,25.823622480379093,-80.22761399067771,Fair,67.3,38.0,10.0,8.0,False,False,False,False,False,Day
A-4492,2,2022-01-30 04:57:46,Orlando,Orange,FL,28.509667928213165,-81.312379423748,Clear,42.2,44.6,7.6,6.0,False,False,False,False,False,Night
A-4493,1,2022-06-07 09:15:58,Charlotte,Mecklenburg,NC,35.14035462616743,-80.76777867018707,Rain,48.0,53.5,10.0,7.0,False,False,False,False,False,Day
A-4494,2,2022-10-30 07:39:12,Austin,Travis,TX,30.228980615107226,-97.70896808089537,Clear,81.8,88.4,10.0,3.4,False,False,False,False,False,Day
A-4495,2,2022-07-28 15:51:03,Orlando,Orange,FL,28.498605922740083,-81.41379515515438,Fair,75.1,73.3,10.0,11.5,False,False,False,False,True,Day
A-4496,3,2022-06-27 11:41:36,Dallas,Dallas,TX,32.836692766776096,-96.86284905043982,Clear,56.9,54.4,8.6,4.4,False,False,False,False,False,Day
A-4497,2,2022-06-11 12:32:55,Charlotte,Mecklenburg,NC,35.172417598331975,-80.78728829003161,Heavy Rain,72.3,50.8,7.4,4.8,False,False,False,False,False,Day
A-4498,2,2022-08-04 10:28:36,Los Angeles,Los Angeles,CA,34.03429827286216,-118.24678157726001,Clear,51.2,46.4,9.2,7.8,False,False,False,False,False,Day
A-4499,3,2022-04-27 20:19:31,Miami,Miami-Dade,FL,25.845611828019166,-80.12981087020688,Overcast,51.0,34.9,9.2,0.0,False,False,False,False,True,Night
A-4500,2,2022-05-21 07:54:15,Houston,Harris,TX,29.768449028018868,-95.40306089397451,Fair,50.7,43.8,8.6,9.2,False,False,False,False,False,Day
A-4501,3,2022-07-27 13:45:11,Dallas,Dallas,TX,32.786479871435056,-96.7415649305856,Clear,41.5,95.2,9.9,6.9,False,False,False,False,False,Day
A-4502,3,2022-11-09 16:36:21,Charlotte,Mecklenburg,NC,35.222040151418916,-80.77272516843964,Clear,63.6,89.8,10.0,9.1,False,True,False,False,True,Day
A-4503,2,2022-06-21 13:22:04,Miami,Miami-Dade,FL,25.810584332681167,-80.20390149331512,Rain,94.9,53.1,7.2,6.0,False,False,False,False,False,Day
A-4504,2,2022-01-10 19:58:29,Los Angeles,Los Angeles,CA,34.072402557057266,-118.22826994722456,Cloudy,35.0,50.1,7.5,3.6,False,False,False,False,False,Night
A-4505,4,2022-08-22 09:49:51,Charlotte,Mecklenburg,NC,35.31977715059959,-80.90115962019671,Cloudy,90.3,82.8,6.3,7.5,False,False,False,False,True,Day
A-4506,4,2022-11-09 11:38:16,Miami,Miami-Dade,FL,25.85983320489546,-80.24860024507582,Fair,24.3,47.9,9.6,11.0,False,True,False,False,False,Day
A-4507,2,2022-11-27 05:41:06,Orlando,Orange,FL,28.553985842701266,-81.36333530659549,Clear,72.5,73.3,10.0,4.8,False,False,False,False,True,Night
A-4508,2,2022-05-26 14:43:53,Los Angeles,Los Angeles,CA,34.050338704974294,-118.27070788336145,Cloudy,37.1,37.9,6.2,10.3,False,False,False,False,False,Day
A-4509,2,2022-12-28 08:14:54,Dallas,Dallas,TX,32.784881039888745,-96.78496458206456,Cloudy,72.7,63.4,7.3,5.8,False,False,False,False,False,Day
A-4510,2,2022-08-01 06:07:05,Atlanta,Fulton,GA,33.720678492584945,-84.37980770960127,Cloudy,52.8,50.6,6.1,5.2,False,False,False,False,True,Day
A-4511,2,2022-01-10 13:03:29,Los Angeles,Los Angeles,CA,34.05888724668273,-118.21107526918857,Fair,75.8,69.2,7.8,10.5,False,False,False,False,False,Day
A-4512,2,2022-10-25 13:16:33,Charlotte,Mecklenburg,NC,35.154995334616466,-80.81661500070226,Snow,52.9,85.8,4.7,8.4,False,False,False,False,False,Day
A-4513,3,2022-01-16 05:05:35,Los Angeles,Los Angeles,CA,34.01659631169738,-118.19767245403969,Clear,72.4,47.9,10.0,1.5,False,False,False,False,False,Night
A-4514,2,2022-10-14 16:38:15,Dallas,Dallas,TX,32.81602434765643,-96.78564919990005,Clear,61.8,38.7,10.0,6.2,False,True,False,False,False,Day
A-4515,3,2022-12-11 15:07:14,Charlotte,Mecklenburg,NC,35.254002718821745,-80.82773512243641,Rain,83.1,54.0,9.4,2.4,False,False,False,False,True,Day
A-4516,2,2022-06-07 07:26:15,Houston,Harris,TX,29.754035489512948,-95.3699037236205,Cloudy,62.1,86.8,10.0,9.1,False,False,False,False,False,Day
A-4517,1,2022-09-16 12:09:06,Charlotte,Mecklenburg,NC,35.24804466045754,-80.79061328219055,Clear,68.1,62.6,10.0,3.4,True,False,False,False,True,Day
A-4518,2,2022-11-05 16:11:14,Atlanta,Fulton,GA,33.82430783070765,-84.29597981174886,Overcast,65.8,58.5,8.9,7.6,False,False,False,False,True,Day
A-4519,2,2022-03-07 13:50:31,Los Angeles,Los Angeles,CA,34.032919286156215,-118.2062167590299,Fair,78.1,83.1,6.3,9.1,False,False,False,False,True,Day
A-4520,2,2022-11-23 10:50:25,Los Angeles,Los Angeles,CA,33.98043990619243,-118.21882688452168,Clear,79.0,70.4,7.5,9.1,False,False,False,False,True,Day
A-4521,3,2022-03-03 08:49:25,Seattle,King,WA,47.63756029485824,-122.34296748182665,Cloudy,65.5,100.0,8.8,4.8,False,False,False,False,False,Day
A-4522,2,2022-04-20 14:04:51,Dallas,Dallas,TX,32.8035127573533,-96.78485149497905,Clear,39.0,38.2,7.4,7.2,False,False,False,False,False,Day
A-4523,3,2022-04-22 19:45:03,Atlanta,Fulton,GA,33.78698480622198,-84.40774964767914,Clear,50.3,59.8,10.0,4.2,False,False,False,False,False,Night
A-4524,2,2022-10-30 15:54:00,Dallas,Dallas,TX,32.71683901346362,-96.82779391205159,Clear,76.7,32.3,9.3,5.3,False,False,False,True,True,Day
A-4525,1,2022-02-21 05:42:02,Austin,Travis,TX,30.192187930415866,-97.7529099443403,Fair,41.7,38.2,9.2,3.2,False,False,False,False,True,Night
A-4526,2,2022-03-18 11:49:24,Houston,Harris,TX,29.773646969745112,-95.28031893440689,Clear,53.9,86.3,10.0,7.2,False,False,False,False,False,Day
A-4527,3,2022-05-18 18:15:20,Orlando,Orange,FL,28.54804731126806,-81.38343760252296,Light Rain,55.8,41.9,9.6,8.9,False,False,False,False,False,Day
A-4528,2,2022-03-24 05:43:35,Atlanta,Fulton,GA,33.7311411232976,-84.30682944737605,Fair,61.4,91.3,8.5,3.6,False,False,False,False,False,Night
A-4529,2,2022-05-27 22:43:18,Dallas,Dallas,TX,32.84903708685089,-96.8456063814497,Clear,59.3,37.8,10.0,3.6,True,False,True,False,False,Night
A-4530,3,2022-06-15 19:15:11,Los Angeles,Los Angeles,CA,34.05170548853959,-118.23675179007351,Cloudy,65.5,58.1,9.9,13.4,False,False,False,False,False,Night
A-4531,3,2022-06-10 05:17:53,Miami,Miami-Dade,FL,25.823251102534527,-80.1557650203883,Overcast,48.9,36.1,8.0,3.6,False,False,False,False,False,Night
A-4532,2,2022-06-03 19:24:59,Los Angeles,Los Angeles,CA,34.09611093033176,-118.20509191091739,Cloudy,51.9,73.1,9.4,9.9,False,True,False,False,False,Night
A-4533,3,2022-10-29 09:21:51,Miami,Miami-Dade,FL,25.70720485855516,-80.24594982539027,Clear,91.6,64.1,7.9,11.0,False,True,False,False,False,Day
A-4534,2,2022-05-31 17:12:45,Miami,Miami-Dade,FL,25.717353399571753,-80.25258864403784,Clear,85.9,85.2,7.4,8.1,False,False,False,False,True,Day
A-4535,3,2022-03-12 10:11:38,Charlotte,Mecklenburg,NC,35.16298940484855,-80.8121287618199,Light Rain,72.6,76.9,10.0,8.5,True,False,False,False,True,Day
A-4536,2,2022-05-21 11:12:42,Dallas,Dallas,TX,32.798263068557,-96.8246632090316,Clear,74.1,62.5,8.0,7.3,False,False,True,False,False,Day
A-4537,2,2022-05-12 15:50:30,Houston,Harris,TX,29.765305388747063,-95.33807739214215,Clear,68.8,62.3,7.5,1.5,False,True,False,False,False,Day
A-4538,2,2022-03-31 16:52:41,Dallas,Dallas,TX,32.84420469616726,-96.7252101484904,Cloudy,63.9,34.7,9.4,11.3,False,False,False,False,False,Day
A-4539,2,2022-01-02 03:37:55,Los Angeles,Los Angeles,CA,34.08195413463117,-118.27650488886158,Clear,51.7,67.6,10.0,5.2,False,False,False,False,False,Night
A-4540,2,2022-03-17 14:13:49,Los Angeles,Los Angeles,CA,33.98730191717673,-118.26981000729697,Thunderstorm,86.5,58.1,4.8,10.3,False,False,False,False,True,Day
A-4541,3,2022-08-10 07:36:08,Los Angeles,Los Angeles,CA,34.02909702646108,-118.34500906771345,Light Rain,92.7,73.2,7.6,6.9,False,False,False,False,False,Day
A-4542,3,2022-01-19 09:03:57,Charlotte,Mecklenburg,NC,35.121578175680945,-80.80304488651846,Cloudy,56.4,75.0,4.5,8.9,False,True,False,False,True,Day
A-4543,2,2022-03-19 09:10:13,Miami,Miami-Dade,FL,25.776368642228462,-80.08527963776868,Light Rain,81.2,47.2,2.2,8.1,False,False,False,False,False,Day
A-4544,2,2022-11-11 12:07:28,Miami,Miami-Dade,FL,25.901237417144937,-80.25414262579335,Fair,58.1,45.5,9.1,5.1,False,False,False,False,False,Day
A-4545,2,2022-08-18 08:26:36,Houston,Harris,TX,29.766940913662754,-95.30760198159902,Overcast,52.7,61.5,6.4,10.2,False,False,False,False,True,Day
A-4546,2,2022-01-16 06:57:24,Austin,Travis,TX,30.27725926846987,-97.67632740591023,Cloudy,58.0,54.8,10.0,1.7,False,False,True,False,True,Day
A-4547,4,2022-04-21 06:43:58,Los Angeles,Los Angeles,CA,34.05133412588607,-118.20450081132834,Clear,58.8,30.8,6.6,11.9,False,False,False,True,False,Day
A-4548,2,2022-06-27 03:38:13,Dallas,Dallas,TX,32.79449258045754,-96.82727587115566,Heavy Rain,73.5,39.9,10.0,11.4,False,False,False,False,False,Night
A-4549,2,2022-07-07 12:17:54,Dallas,Dallas,TX,32.768888280307344,-96.80917046730222,Light Rain,57.7,81.5,9.6,5.9,False,True,False,False,False,Day
A-4550,2,2022-04-12 20:10:35,Austin,Travis,TX,30.298092770687827,-97.71548033124836,Heavy Rain,77.2,69.0,7.1,8.0,False,False,False,False,False,Night
A-4551,2,2022-12-26 06:47:29,Atlanta,Fulton,GA,33.71037913738335,-84.3618440756424,Cloudy,53.5,59.5,8.0,6.0,False,False,False,False,False,Day
A-4552,2,2022-11-06 19:14:48,Los Angeles,Los Angeles,CA,34.015651227826694,-118.25622564604075,Fair,63.5,85.0,9.3,3.7,False,True,False,False,False,Night
A-4553,2,2022-09-23 16:58:14,Los Angeles,Los Angeles,CA,33.98757601012045,-118.22067973896036,Clear,47.4,58.8,10.0,6.7,False,False,False,False,False,Day
A-4554,2,2022-03-04 15:39:30,Seattle,King,WA,47.604573692504495,-122.35015497311491,Clear,44.8,74.1,10.0,8.1,False,False,True,False,False,Day
A-4555,1,2022-11-17 15:16:32,Houston,Harris,TX,29.70510883170007,-95.37542811914253,Clear,69.9,59.3,9.4,12.3,False,False,False,False,True,Day
A-4556,2,2022-05-22 17:10:38,Charlotte,Mecklenburg,NC,35.299726819466194,-80.8532424192302,Clear,66.0,61.2,8.9,6.2,False,False,False,True,True,Day
A-4557,2,2022-10-21 06:50:56,Dallas,Dallas,TX,32.75515296961031,-96.74225885237851,Fair,57.5,100.0,9.0,7.0,True,False,False,False,True,Day
A-4558,2,2022-05-04 12:23:40,Orlando,Orange,FL,28.439849221858935,-81.45062553360441,Cloudy,50.5,46.1,8.5,12.2,False,False,False,False,False,Day
A-4559,3,2022-04-27 16:45:35,Atlanta,Fulton,GA,33.69222872297124,-84.35550515974872,Clear,47.0,71.0,8.1,9.0,False,True,True,False,False,Day
A-4560,2,2022-08-29 14:11:21,Chicago,Cook,IL,41.88485216764819,-87.61183705908218,Fair,69.8,70.6,7.1,1.4,False,False,False,False,False,Day
A-4561,3,2022-09-24 17:26:47,Orlando,Orange,FL,28.57091774645343,-81.49265912275888,Clear,54.1,83.0,9.8,6.9,False,False,False,False,True,Day
A-4562,2,2022-08-26 05:12:31,Miami,Miami-Dade,FL,25.77939636778634,-80.14824877597317,Cloudy,88.9,58.5,7.3,10.3,False,False,False,False,False,Night
A-4563,2,2022-07-01 15:07:06,Seattle,King,WA,47.565083018292626,-122.28231069398578,Snow,67.1,100.0,9.3,16.8,False,False,False,False,False,Day
A-4564,2,2022-08-16 13:21:45,Los Angeles,Los Angeles,CA,34.023638523003235,-118.26396092173374,Cloudy,72.4,52.8,8.9,7.7,False,False,False,False,False,Day
A-4565,2,2022-06-24 09:52:07,Miami,Miami-Dade,FL,25.72728298553757,-80.16756150856952,Clear,85.7,51.0,10.0,0.0,False,False,False,False,False,Day
A-4566,4,2022-11-04 08:33:20,Atlanta,Fulton,GA,33.77733175685076,-84.37461924707594,Fair,52.1,76.9,9.5,0.0,False,False,False,False,False,Day
A-4567,1,2022-01-28 15:07:18,Miami,Miami-Dade,FL,25.767514756755716,-80.08020511973704,Overcast,71.3,84.6,7.4,4.3,False,True,False,False,True,Day
A-4568,2,2022-10-21 18:21:36,Miami,Miami-Dade,FL,25.73932984220935,-80.16667893004505,Fair,72.1,35.1,6.8,3.2,False,False,False,False,False,Day
A-4569,4,2022-12-04 12:09:30,Los Angeles,Los Angeles,CA,34.01922701105735,-118.23841177881899,Heavy Rain,56.8,44.6,10.0,10.3,False,False,False,False,True,Day
A-4570,2,2022-09-28 17:12:29,Seattle,King,WA,47.580052998675285,-122.27735268255063,Clear,41.5,63.4,8.2,14.5,False,False,False,False,False,Day
A-4571,2,2022-05-07 10:35:34,Charlotte,Mecklenburg,NC,35.22752431703558,-80.76271539866393,Clear,32.2,71.9,10.0,10.1,True,False,False,False,True,Day
A-4572,2,2022-01-05 06:03:54,Orlando,Orange,FL,28.605341080763406,-81.27559943583704,Clear,50.9,87.0,3.8,10.6,False,False,False,False,False,Day
A-4573,2,2022-09-29 05:03:46,Miami,Miami-Dade,FL,25.77102983708635,-80.22167824720607,Overcast,81.3,62.3,9.4,9.6,False,False,False,False,False,Night
A-4574,2,2022-12-19 04:54:27,Austin,Travis,TX,30.250369721498345,-97.72161108390428,Fair,52.8,83.1,10.0,8.5,False,False,False,False,False,Night
A-4575,2,2022-09-04 09:26:04,Austin,Travis,TX,30.246473302964922,-97.77415820009966,Clear,79.0,23.9,9.2,4.0,True,False,False,False,False,Day
A-4576,3,2022-11-13 08:34:38,Miami,Miami-Dade,FL,25.846794721870765,-80.07574224740057,Clear,53.1,36.0,9.4,10.2,False,False,False,False,False,Day
A-4577,3,2022-08-01 16:31:39,Houston,Harris,TX,29.80163631899532,-95.36743467649879,Fair,65.2,59.8,10.0,5.5,False,False,False,False,True,Day
A-4578,1,2022-01-12 16:05:25,Miami,Miami-Dade,FL,25.8106355555587,-80.14394630061818,Thunderstorm,72.5,80.9,10.0,10.3,False,False,False,False,False,Day
A-4579,2,2022-12-09 04:34:27,Chicago,Cook,IL,41.91546951792966,-87.63806779067336,Fair,80.0,53.6,10.0,8.7,False,False,False,False,False,Night
A-4580,2,2022-06-15 07:40:55,Dallas,Dallas,TX,32.77420296928591,-96.77204484928271,Clear,57.7,54.2,10.0,7.0,False,False,False,False,False,Day
A-4581,2,2022-06-21 08:12:42,Atlanta,Fulton,GA,33.80888929689736,-84.47829234442219,Fair,54.9,67.6,8.1,4.0,False,True,False,False,False,Day
A-4582,2,2022-10-08 13:28:09,Miami,Miami-Dade,FL,25.688309335375056,-80.13979147917867,Clear,34.9,55.4,10.0,6.7,False,False,False,False,False,Day
A-4583,3,2022-04-15 06:24:43,Austin,Travis,TX,30.344747064967347,-97.67796828222271,Fair,58.1,88.1,6.9,4.7,False,True,False,False,False,Day
A-4584,3,2022-02-18 06:36:33,Austin,Travis,TX,30.30430694616903,-97.77272882876568,Fair,114.4,62.0,10.0,0.1,True,False,False,False,False,Day
A-4585,2,2022-09-17 19:32:03,Orlando,Orange,FL,28.56259500030935,-81.46969400133906,Cloudy,61.3,100.0,9.8,2.6,False,False,False,False,False,Night
A-4586,2,2022-05-26 17:33:11,Chicago,Cook,IL,41.8402506837906,-87.55565637050509,Rain,43.2,63.0,10.0,8.2,False,False,False,False,False,Day
A-4587,2,2022-03-17 07:15:01,Houston,Harris,TX,29.806947956940746,-95.30199907536233,Clear,62.3,52.4,9.6,0.0,False,False,False,False,False,Day
A-4588,2,2022-12-26 10:59:01,Los Angeles,Los Angeles,CA,34.10945235974662,-118.20414883679479,Overcast,75.7,61.8,10.0,16.5,False,False,False,False,False,Day
A-4589,2,2022-08-29 09:38:54,Orlando,Orange,FL,28.503079554255283,-81.38845655165451,Heavy Rain,55.6,81.9,5.7,5.0,True,False,False,False,True,Day
A-4590,2,2022-09-08 17:43:36,Orlando,Orange,FL,28.504601116782997,-81.39320275954682,Fair,48.3,56.7,10.0,10.4,False,False,False,False,True,Day
A-4591,2,2022-06-23 12:42:43,Dallas,Dallas,TX,32.72501955715283,-96.73029836586676,Clear,102.7,10.0,9.6,0.0,True,False,False,False,False,Day
A-4592,2,2022-05-04 06:48:23,Miami,Miami-Dade,FL,25.78909947446628,-80.2078377362951,Overcast,70.6,50.5,10.0,3.1,False,True,False,False,True,Day
A-4593,2,2022-08-06 16:06:29,Charlotte,Mecklenburg,NC,35.22219214210931,-80.83522738643126,Cloudy,88.0,13.6,7.1,11.2,False,True,False,False,True,Day
A-4594,4,2022-05-22 10:57:51,Miami,Miami-Dade,FL,25.867824170534355,-80.19206374981911,Clear,59.0,70.3,8.0,8.7,False,False,False,False,False,Day
A-4595,2,2022-07-07 08:11:52,Houston,Harris,TX,29.683695491502455,-95.35340264712961,Fair,91.6,37.6,9.4,5.4,False,False,False,True,False,Day
A-4596,2,2022-11-17 09:12:08,Dallas,Dallas,TX,32.733169043122416,-96.80236722332148,Fair,78.6,60.9,8.9,15.0,False,False,False,False,False,Day
A-4597,2,2022-10-30 12:38:29,Orlando,Orange,FL,28.538901279239596,-81.37871541646427,Clear,72.7,30.6,9.5,1.3,False,False,False,False,False,Day
A-4598,2,2022-10-24 09:59:09,Miami,Miami-Dade,FL,25.794950568121635,-80.10222438254306,Cloudy,46.6,58.3,9.3,11.4,False,False,False,False,True,Day
A-4599,4,2022-08-12 07:37:57,Houston,Harris,TX,29.79138725946807,-95.34356259917682,Cloudy,54.0,63.4,8.0,5.3,False,False,False,False,False,Day
A-4600,2,2022-07-12 10:12:22,Miami,Miami-Dade,FL,25.765924829712834,-80.1726666005894,Light Rain,71.8,50.1,8.5,3.6,False,False,False,False,False,Day
A-4601,4,2022-03-11 02:29:08,Los Angeles,Los Angeles,CA,34.06981961810392,-118.20261113969813,Fair,59.8,59.1,7.5,0.0,False,False,False,False,False,Night
A-4602,2,2022-04-02 16:46:23,Austin,Travis,TX,30.273121682303113,-97.7990409569597,Fair,70.6,26.3,10.0,0.0,False,False,False,False,False,Day
A-4603,2,2022-10-03 07:06:35,Atlanta,Fulton,GA,33.80146827985089,-84.33711967576892,Cloudy,57.8,60.9,9.7,7.6,False,False,False,False,False,Day
A-4604,2,2022-06-21 04:16:53,Houston,Harris,TX,29.73258725179284,-95.35465683166075,Clear,71.3,47.2,10.0,7.3,False,False,False,False,False,Night
A-4605,2,2022-09-23 15:25:18,Austin,Travis,TX,30.24505045502797,-97.77395315624244,Overcast,55.2,61.8,6.9,4.0,False,False,False,False,False,Day
A-4606,2,2022-10-02 16:36:47,Atlanta,Fulton,GA,33.78347164908825,-84.39281225838019,Cloudy,71.8,57.6,8.8,6.2,False,False,False,False,True,Day
A-4607,3,2022-03-20 17:21:46,Seattle,King,WA,47.68481699381873,-122.30544195379753,Light Rain,49.9,55.2,8.1,6.4,False,False,False,False,False,Day
A-4608,1,2022-12-14 12:52:55,Los Angeles,Los Angeles,CA,34.020487576779864,-118.23939023611268,Overcast,59.9,51.1,9.8,5.1,False,False,False,False,False,Day
A-4609,2,2022-04-14 07:15:55,Chicago,Cook,IL,41.89015912775764,-87.57549176686555,Cloudy,61.8,65.5,9.4,3.0,False,False,False,False,False,Day
A-4610,2,2022-01-16 16:47:33,Houston,Harris,TX,29.741478650271013,-95.40737551584274,Clear,51.5,93.3,6.7,9.1,True,False,False,False,False,Day
A-4611,2,2022-04-25 16:10:35,Miami,Miami-Dade,FL,25.78943828945462,-80.24805338281847,Rain,55.4,57.3,10.0,12.0,True,False,False,False,True,Day
A-4612,2,2022-10-07 07:31:07,Los Angeles,Los Angeles,CA,33.97013625634021,-118.28180140321346,Fair,69.2,70.8,9.5,8.5,False,False,False,False,False,Day
A-4613,2,2022-01-03 18:32:56,Charlotte,Mecklenburg,NC,35.2098138163255,-80.86358345331617,Fog,75.6,91.3,9.6,8.7,False,False,False,False,False,Day
A-4614,2,2022-09-26 06:51:43,Los Angeles,Los Angeles,CA,34.02348955147891,-118.23699140953363,Fair,68.8,68.1,10.0,10.0,False,False,False,False,False,Day
A-4615,2,2022-02-21 22:54:26,Miami,Miami-Dade,FL,25.74458230130734,-80.20837262263296,Clear,72.6,75.1,10.0,6.1,False,False,False,False,False,Night
A-4616,3,2022-01-24 17:28:40,Miami,Miami-Dade,FL,25.634755905167594,-80.2511572633164,Light Rain,66.3,42.9,10.0,4.4,False,False,True,False,True,Day
A-4617,3,2022-09-10 15:29:01,Austin,Travis,TX,30.368422381378302,-97.81075279655245,Overcast,54.6,67.2,9.7,0.0,False,False,False,False,False,Day
A-4618,2,2022-02-14 19:26:06,Seattle,King,WA,47.4814902240962,-122.39601938189334,Overcast,39.1,67.0,10.0,4.8,True,False,False,False,False,Night
A-4619,4,2022-08-03 16:20:12,Miami,Miami-Dade,FL,25.785510333500095,-80.20621745298759,Clear,57.1,95.5,8.6,4.5,False,False,False,False,False,Day
A-4620,3,2022-06-17 07:16:10,Seattle,King,WA,47.541504061130034,-122.37265504803364,Light Rain,63.2,35.1,9.4,2.8,False,False,False,False,False,Day
A-4621,2,2022-10-31 11:32:13,Seattle,King,WA,47.54396434318116,-122.35129052310063,Fair,55.6,100.0,10.0,7.9,False,False,False,False,False,Day
A-4622,2,2022-04-28 05:32:06,Austin,Travis,TX,30.274101142254455,-97.67672446528233,Fair,88.3,83.0,8.0,6.2,False,False,False,False,True,Night
A-4623,2,2022-07-04 09:06:40,Los Angeles,Los Angeles,CA,34.08676235044331,-118.3021835737583,Rain,69.1,79.3,9.1,8.7,False,True,False,False,True,Day
A-4624,2,2022-09-12 16:54:06,Orlando,Orange,FL,28.484526214411833,-81.36421994532266,Cloudy,63.6,37.0,6.4,2.5,False,False,False,False,True,Day
A-4625,3,2022-03-26 09:13:39,Atlanta,Fulton,GA,33.69359727213521,-84.44723989265557,Clear,73.2,41.9,10.0,0.9,False,False,False,False,False,Day
A-4626,3,2022-11-08 08:13:20,Orlando,Orange,FL,28.473555005474495,-81.44594652291873,Fair,95.3,72.5,10.0,9.7,False,False,False,True,False,Day
A-4627,3,2022-12-02 14:58:56,Miami,Miami-Dade,FL,25.77243535223769,-80.1732354059341,Cloudy,60.8,18.4,6.6,10.3,False,False,False,False,False,Day
A-4628,2,2022-09-28 17:45:25,Charlotte,Mecklenburg,NC,35.17474025040582,-80.80935318338632,Light Rain,50.5,29.9,10.0,3.6,False,False,False,False,False,Day
A-4629,2,2022-12-22 04:23:04,Dallas,Dallas,TX,32.84113560974017,-96.75754843968349,Clear,69.8,75.9,10.0,5.6,False,False,True,False,True,Night
A-4630,2,2022-10-25 09:41:42,Charlotte,Mecklenburg,NC,35.16941082624904,-80.78755181175715,Overcast,47.8,83.8,9.6,8.1,False,False,False,False,False,Day
A-4631,2,2022-11-18 06:23:05,Los Angeles,Los Angeles,CA,34.07929004136585,-118.25256392381439,Overcast,50.7,100.0,9.6,9.3,False,True,False,False,False,Day
A-4632,2,2022-01-21 16:51:02,Miami,Miami-Dade,FL,25.838933734005813,-80.17805159366694,Clear,86.4,53.3,10.0,0.0,False,False,False,True,False,Day
A-4633,2,2022-06-11 06:33:06,Austin,Travis,TX,30.270641043229876,-97.76236763370417,Clear,84.4,42.7,6.4,10.9,False,False,False,False,False,Day
A-4634,2,2022-08-15 15:20:30,Seattle,King,WA,47.516681834656495,-122.2674530018745,Fair,74.8,44.6,10.0,1.7,False,True,False,False,False,Day
A-4635,2,2022-02-26 08:44:46,Los Angeles,Los Angeles,CA,34.07220343406701,-118.28926583117551,Overcast,70.8,69.0,4.7,1.4,False,True,False,False,True,Day
A-4636,3,2022-04-10 07:16:07,Chicago,Cook,IL,41.86578409601984,-87.60475942060285,Fair,46.7,56.0,6.1,5.3,False,False,False,False,False,Day
A-4637,2,2022-07-04 19:39:47,Miami,Miami-Dade,FL,25.75961787908994,-80.24506108303551,Overcast,52.9,32.9,10.0,5.3,False,False,False,False,True,Night
A-4638,3,2022-07-19 01:06:16,Dallas,Dallas,TX,32.856002242839466,-96.79150045317145,Cloudy,84.8,70.5,10.0,7.1,False,False,False,True,False,Night
A-4639,4,2022-11-10 11:37:04,Austin,Travis,TX,30.26977872954763,-97.82342179282342,Cloudy,57.4,39.5,10.0,7.6,True,True,False,False,False,Day
A-4640,3,2022-04-26 02:39:57,Austin,Travis,TX,30.292871620574964,-97.73177026877278,Clear,53.0,74.9,9.2,13.8,False,False,False,False,False,Night
A-4641,3,2022-06-07 12:16:29,Atlanta,Fulton,GA,33.71589745222009,-84.289294159142,Clear,62.2,74.1,7.2,3.4,False,False,False,False,False,Day
A-4642,2,2022-04-29 12:34:44,Miami,Miami-Dade,FL,25.747669211938284,-80.21973266013738,Cloudy,73.7,54.1,9.1,11.3,False,False,False,False,False,Day
A-4643,2,2022-05-18 08:55:29,Seattle,King,WA,47.662359500372055,-122.34421698326295,Overcast,61.9,65.7,10.0,1.1,False,False,False,False,False,Day
A-4644,3,2022-01-06 06:38:20,Los Angeles,Los Angeles,CA,34.05901637160228,-118.20036484756345,Fair,62.3,54.2,7.6,2.1,True,True,True,False,False,Day
A-4645,3,2022-11-17 09:55:33,Orlando,Orange,FL,28.552572974634067,-81.37696974572358,Fair,32.3,58.6,6.9,3.2,False,False,False,False,True,Day
A-4646,2,2022-08-15 15:59:26,Orlando,Orange,FL,28.58835559848681,-81.31809394704196,Cloudy,63.9,34.4,9.1,0.0,False,False,False,False,False,Day
A-4647,3,2022-10-26 16:09:04,Orlando,Orange,FL,28.619809840008802,-81.35952119131004,Clear,80.0,10.0,7.6,8.8,False,False,False,False,True,Day
A-4648,2,2022-09-28 13:03:46,Miami,Miami-Dade,FL,25.703908680477934,-80.14802371251288,Cloudy,64.0,57.5,8.7,11.9,False,False,False,False,False,Day
A-4649,2,2022-03-01 14:16:20,Seattle,King,WA,47.58162199719247,-122.43098587445043,Fair,96.0,40.1,7.8,10.6,False,False,False,False,True,Day
A-4650,2,2022-11-10 07:49:59,Los Angeles,Los Angeles,CA,34.12510376975205,-118.23910223566853,Cloudy,54.2,42.9,10.0,0.8,False,False,True,False,False,Day
A-4651,2,2022-06-19 08:36:29,Los Angeles,Los Angeles,CA,34.1518247704345,-118.29909143714687,Fair,57.7,41.7,8.1,16.1,False,False,False,False,False,Day
A-4652,2,2022-05-25 06:33:54,Orlando,Orange,FL,28.52520221843707,-81.39894701007245,Overcast,54.9,79.0,8.0,7.4,False,False,False,False,True,Day
A-4653,1,2022-04-14 07:54:06,Charlotte,Mecklenburg,NC,35.24066669010727,-80.82149632697647,Clear,54.5,81.5,10.0,13.2,False,False,True,False,True,Day
A-4654,2,2022-12-02 07:08:49,Seattle,King,WA,47.62375926787804,-122.34358203133658,Fair,73.1,66.8,6.8,6.4,False,False,False,False,True,Day
A-4655,3,2022-12-13 13:01:55,Houston,Harris,TX,29.77211425730511,-95.40900959548912,Fair,60.9,53.5,7.2,6.5,False,False,False,False,False,Day
A-4656,2,2022-01-22 14:43:44,Los Angeles,Los Angeles,CA,34.06457942413853,-118.18099202699214,Overcast,94.2,66.6,9.7,5.5,False,False,False,False,False,Day
A-4657,1,2022-12-20 19:26:27,Seattle,King,WA,47.674442869379284,-122.28173900013297,Fair,68.7,82.0,7.3,15.3,False,True,False,False,False,Night
A-4658,2,2022-07-25 07:58:35,Charlotte,Mecklenburg,NC,35.13706284719453,-80.91169492099502,Clear,51.9,93.2,10.0,12.6,False,False,False,False,False,Day
A-4659,2,2022-08-20 15:42:07,Los Angeles,Los Angeles,CA,34.01943743551948,-118.20557666074029,Snow,50.1,44.9,6.9,6.8,True,False,True,False,False,Day
A-4660,2,2022-04-27 17:49:49,Orlando,Orange,FL,28.570236963973855,-81.37069082804496,Fair,90.0,29.6,8.8,5.7,False,False,False,False,False,Day
A-4661,2,2022-10-15 13:48:44,Charlotte,Mecklenburg,NC,35.2022884719756,-80.83130825395973,Clear,68.3,66.2,7.3,10.0,False,False,False,False,False,Day
A-4662,4,2022-11-02 07:55:21,Dallas,Dallas,TX,32.79102350432167,-96.71922268464219,Cloudy,84.6,24.1,10.0,0.0,False,False,True,False,False,Day
A-4663,1,2022-09-17 08:14:54,Houston,Harris,TX,29.814728595246528,-95.36205523067837,Cloudy,66.0,65.5,6.9,0.0,False,False,False,False,False,Day
A-4664,2,2022-05-17 04:17:00,Austin,Travis,TX,30.34720645497202,-97.70739012973118,Fair,65.2,64.5,10.0,2.9,False,False,False,False,False,Night
A-4665,3,2022-12-10 08:11:53,Austin,Travis,TX,30.281072329130538,-97.73239810276394,Cloudy,85.1,57.3,9.2,8.5,False,True,False,False,False,Day
A-4666,4,2022-08-20 16:41:52,Orlando,Orange,FL,28.61277516818086,-81.36822369312486,Clear,70.6,95.8,8.6,11.2,False,False,False,False,True,Day
A-4667,2,2022-06-17 04:49:16,Los Angeles,Los Angeles,CA,34.05929316491036,-118.28996678356816,Fair,70.4,61.5,4.8,2.0,False,True,False,False,False,Night
A-4668,2,2022-04-15 07:35:47,Seattle,King,WA,47.591023299664116,-122.20940514523873,Clear,58.9,71.1,10.0,13.2,False,False,False,False,True,Day
A-4669,1,2022-03-24 16:08:07,Orlando,Orange,FL,28.461144157259444,-81.53297913944597,Fair,78.1,83.1,10.0,4.9,False,False,False,False,False,Day
A-4670,2,2022-10-10 16:41:07,Orlando,Orange,FL,28.488135525445216,-81.41547852408237,Fair,63.9,58.6,6.6,8.7,False,False,False,False,False,Day
A-4671,2,2022-01-30 11:45:30,Houston,Harris,TX,29.760635798045865,-95.39423765318864,Fair,56.7,52.1,8.0,4.8,False,False,False,False,True,Day
A-4672,3,2022-03-06 16:56:01,Seattle,King,WA,47.607482477459456,-122.28667936045959,Fair,97.3,52.7,5.7,6.5,False,True,False,False,False,Day
A-4673,2,2022-01-28 09:26:45,Orlando,Orange,FL,28.54977209514603,-81.44974865676426,Fair,60.5,68.4,7.4,14.2,False,False,False,False,False,Day
A-4674,2,2022-07-17 06:57:57,Los Angeles,Los Angeles,CA,34.14402468599699,-118.25247951183474,Clear,53.1,66.4,8.8,4.9,False,False,False,False,False,Day
A-4675,2,2022-07-30 10:35:00,Houston,Harris,TX,29.797956391570978,-95.33045559931111,Clear,82.1,94.2,10.0,3.2,False,False,False,False,True,Day
A-4676,4,2022-10-30 14:30:16,Seattle,King,WA,47.646423304534316,-122.39299362842749,Clear,75.2,47.3,10.0,9.7,False,True,False,False,False,Day
A-4677,2,2022-05-27 19:58:09,Los Angeles,Los Angeles,CA,34.143598912457776,-118.2505479733101,Clear,55.1,55.3,10.0,10.9,False,False,False,False,False,Night
A-4678,2,2022-04-24 05:21:03,Chicago,Cook,IL,41.8602776739588,-87.63820293320707,Cloudy,63.8,79.1,5.9,1.0,False,True,False,False,False,Night
A-4679,2,2022-01-09 12:45:12,Orlando,Orange,FL,28.51285450976425,-81.409099113249,Overcast,75.0,73.1,10.0,8.5,True,False,False,False,True,Day
A-4680,2,2022-12-16 08:01:33,Dallas,Dallas,TX,32.8378228047802,-96.79516273801663,Cloudy,68.2,58.9,5.5,9.1,False,False,False,False,False,Day
A-4681,3,2022-03-10 12:21:04,Miami,Miami-Dade,FL,25.785991657346298,-80.2130765035364,Cloudy,76.8,56.1,10.0,14.0,False,False,True,False,False,Day
A-4682,2,2022-01-01 02:19:20,Miami,Miami-Dade,FL,25.759482689392346,-80.14341868057032,Clear,64.9,50.0,9.1,5.4,False,False,False,False,False,Night
A-4683,2,2022-02-13 08:27:17,Atlanta,Fulton,GA,33.74597203246873,-84.36153124360418,Cloudy,77.3,41.9,10.0,12.4,False,False,False,False,False,Day
A-4684,1,2022-10-08 17:04:59,Miami,Miami-Dade,FL,25.753101516424532,-80.20101727020628,Cloudy,60.4,59.5,7.5,7.6,False,False,False,False,True,Day
A-4685,3,2022-02-14 13:51:13,Austin,Travis,TX,30.26215016792903,-97.73980569426645,Clear,55.3,71.7,10.0,5.8,False,False,False,False,True,Day
A-4686,2,2022-06-17 11:25:18,Houston,Harris,TX,29.7602603463669,-95.38925344383696,Rain,80.8,67.4,10.0,4.0,False,True,False,False,True,Day
A-4687,4,2022-07-21 08:16:53,Los Angeles,Los Angeles,CA,34.03732725350677,-118.17686164951725,Clear,69.4,58.4,9.8,9.0,False,False,False,False,False,Day
A-4688,2,2022-06-19 08:41:03,Los Angeles,Los Angeles,CA,34.07997057629246,-118.22108896116673,Fair,75.3,66.4,9.0,2.3,True,False,False,False,False,Day
A-4689,2,2022-09-04 09:23:40,Charlotte,Mecklenburg,NC,35.26442708264936,-80.85009820352165,Fair,83.4,40.9,10.0,2.6,False,False,False,False,True,Day
A-4690,2,2022-08-09 17:14:14,Chicago,Cook,IL,41.84986574414277,-87.60787179622021,Light Rain,56.4,71.3,10.0,9.4,False,False,False,False,True,Day
A-4691,2,2022-03-21 20:27:09,Houston,Harris,TX,29.80553103393663,-95.27536101081175,Rain,73.0,31.4,8.1,14.4,False,False,False,False,False,Night
A-4692,3,2022-12-16 11:32:06,Houston,Harris,TX,29.696831407446673,-95.40407318158533,Rain,99.8,65.1,7.7,1.3,False,False,False,False,False,Day
A-4693,3,2022-07-06 10:25:54,Miami,Miami-Dade,FL,25.78688786567081,-80.14757224974682,Fair,62.6,71.8,7.7,4.1,False,False,False,False,False,Day
A-4694,2,2022-01-25 17:59:56,Charlotte,Mecklenburg,NC,35.25478758643544,-80.82238822456823,Cloudy,46.9,62.1,4.5,8.2,False,False,False,False,False,Day
A-4695,2,2022-08-05 10:21:33,Houston,Harris,TX,29.75621347251624,-95.38060668786687,Clear,77.3,60.1,10.0,4.8,False,False,False,False,False,Day
A-4696,2,2022-01-07 13:27:45,Seattle,King,WA,47.609069475734366,-122.36858127871122,Fair,40.0,38.8,9.0,0.0,False,False,False,False,False,Day
A-4697,3,2022-10-18 07:46:06,Charlotte,Mecklenburg,NC,35.215426454075335,-80.80014141136631,Light Rain,48.5,59.1,8.4,3.6,False,False,False,False,False,Day
A-4698,2,2022-10-31 16:39:58,Charlotte,Mecklenburg,NC,35.20171741641288,-80.8285607503938,Fair,65.1,99.6,8.1,9.0,False,False,False,False,False,Day
A-4699,2,2022-06-17 13:27:58,Los Angeles,Los Angeles,CA,34.052225295086,-118.17150996427803,Clear,64.6,58.6,9.9,5.9,False,False,False,False,True,Day
A-4700,2,2022-06-10 17:05:54,Chicago,Cook,IL,41.85078503437217,-87.57140152388632,Clear,67.8,54.5,7.7,8.5,False,True,False,True,False,Day
A-4701,2,2022-02-04 16:02:09,Miami,Miami-Dade,FL,25.81867668811866,-80.1767775858037,Fair,98.1,27.7,10.0,1.5,False,False,True,False,False,Day
A-4702,3,2022-05-26 07:43:22,Los Angeles,Los Angeles,CA,33.94707288975735,-118.27980055937898,Clear,66.3,67.3,8.2,8.3,False,False,False,False,False,Day
A-4703,3,2022-01-13 16:08:52,Dallas,Dallas,TX,32.769971196605496,-96.69428464419984,Fair,56.3,68.8,6.7,0.0,True,False,False,False,False,Day
A-4704,2,2022-02-27 17:50:06,Dallas,Dallas,TX,32.6816619087311,-96.82796464605137,Clear,55.4,50.5,10.0,10.1,False,False,False,True,False,Day
A-4705,2,2022-01-02 09:57:25,Houston,Harris,TX,29.70720751845036,-95.32827238142595,Clear,58.2,55.1,7.3,12.5,False,False,False,False,True,Day
A-4706,2,2022-06-28 07:38:54,Houston,Harris,TX,29.731559549290054,-95.45838726619613,Clear,46.8,33.4,8.9,1.4,False,False,False,False,False,Day
A-4707,4,2022-08-18 00:00:48,Austin,Travis,TX,30.33417936915578,-97.66456692283076,Light Rain,73.4,62.5,10.0,4.7,False,False,False,False,False,Night
A-4708,2,2022-04-15 11:50:25,Los Angeles,Los Angeles,CA,34.109884054968,-118.34539459784847,Cloudy,69.5,69.9,9.1,1.1,False,False,True,False,False,Day
A-4709,1,2022-12-03 09:36:22,Austin,Travis,TX,30.270834621083793,-97.75877681824323,Cloudy,72.0,14.8,9.2,7.4,True,False,False,False,False,Day
A-4710,2,2022-01-14 13:42:27,Dallas,Dallas,TX,32.77989313344382,-96.85010780612633,Cloudy,77.0,59.3,8.1,7.6,False,False,False,False,False,Day
A-4711,2,2022-04-11 07:30:40,Houston,Harris,TX,29.812274410802363,-95.30002448058907,Fair,74.3,94.6,9.3,1.6,False,True,False,False,False,Day
A-4712,1,2022-01-31 17:07:33,Houston,Harris,TX,29.81696772827621,-95.4069086096527,Overcast,44.3,63.0,7.8,4.7,False,False,False,False,False,Day
A-4713,2,2022-08-22 08:48:31,Miami,Miami-Dade,FL,25.732960135187653,-80.16536008179196,Rain,60.8,69.8,10.0,11.3,False,False,False,False,True,Day
A-4714,3,2022-01-02 07:02:44,Austin,Travis,TX,30.300838092045034,-97.72975198791053,Clear,61.4,81.2,8.3,9.2,False,False,False,False,False,Day
A-4715,2,2022-03-02 12:31:51,Charlotte,Mecklenburg,NC,35.17927757053824,-80.91535206852899,Clear,85.7,71.4,8.6,7.8,False,False,False,False,False,Day
A-4716,2,2022-07-16 12:31:33,Miami,Miami-Dade,FL,25.742226703730115,-80.14035140450156,Cloudy,87.0,52.8,7.0,11.4,False,False,False,False,False,Day
A-4717,2,2022-03-31 07:27:27,Dallas,Dallas,TX,32.8064101865743,-96.7977990979112,Clear,58.6,27.6,10.0,14.2,False,False,False,False,False,Day
A-4718,2,2022-11-27 08:26:15,Chicago,Cook,IL,41.8452150141411,-87.55441779961042,Rain,50.1,100.0,7.9,7.6,False,True,False,False,False,Day
A-4719,2,2022-11-08 07:17:24,Houston,Harris,TX,29.74265047997699,-95.33912525321423,Cloudy,67.4,74.9,6.8,8.2,False,False,False,False,True,Day
A-4720,2,2022-06-07 16:47:00,Atlanta,Fulton,GA,33.66606318740792,-84.42600154542409,Fair,60.2,76.9,8.0,5.9,False,False,False,False,False,Day
A-4721,2,2022-07-17 16:20:33,Miami,Miami-Dade,FL,25.784241049381155,-80.20185661900565,Fair,63.7,80.8,10.0,7.7,False,False,False,False,False,Day
A-4722,2,2022-05-13 11:25:46,Los Angeles,Los Angeles,CA,34.008071989463126,-118.25518215006885,Cloudy,83.2,82.4,10.0,4.2,False,False,False,False,False,Day
A-4723,2,2022-12-08 16:28:29,Miami,Miami-Dade,FL,25.720643401975597,-80.15290018772558,Clear,69.0,75.9,4.5,0.3,False,False,False,False,False,Day
A-4724,2,2022-05-19 16:06:35,Houston,Harris,TX,29.82816180883859,-95.3325401268212,Light Rain,57.8,60.6,7.6,10.2,False,False,False,False,False,Day
A-4725,3,2022-03-27 06:31:58,Miami,Miami-Dade,FL,25.72733317780394,-80.22546024251446,Clear,55.1,53.6,10.0,9.8,True,False,True,True,False,Day
A-4726,2,2022-08-29 20:14:37,Los Angeles,Los Angeles,CA,34.08982432769059,-118.19634171322707,Fog,43.5,74.6,10.0,7.3,False,False,False,False,True,Night
A-4727,2,2022-06-16 17:00:17,Atlanta,Fulton,GA,33.80396141726952,-84.36767030435307,Clear,73.4,62.9,6.5,7.5,False,False,False,False,False,Day
A-4728,2,2022-12-13 07:55:06,Seattle,King,WA,47.65206492483047,-122.29863040901363,Cloudy,69.2,62.3,10.0,4.2,False,False,False,False,False,Day
A-4729,2,2022-08-08 07:32:51,Orlando,Orange,FL,28.525842103421695,-81.3533085472654,Clear,73.5,79.7,6.1,11.8,False,False,False,False,False,Day
A-4730,3,2022-04-29 06:33:06,Los Angeles,Los Angeles,CA,34.03084021336275,-118.20224902180647,Fair,64.7,100.0,7.3,2.1,False,False,False,False,False,Day
A-4731,2,2022-03-13 06:26:16,Los Angeles,Los Angeles,CA,34.006534180276425,-118.29034059032053,Cloudy,49.2,41.2,6.9,12.6,False,False,False,True,False,Day
A-4732,3,2022-10-10 16:03:57,Los Angeles,Los Angeles,CA,33.96412463011093,-118.23419570883034,Clear,65.8,69.6,10.0,9.3,False,True,False,False,False,Day
A-4733,2,2022-02-27 12:40:21,Orlando,Orange,FL,28.576911405070778,-81.32882906610276,Fair,82.1,39.9,9.1,8.2,False,False,True,False,False,Day
A-4734,3,2022-06-28 16:34:43,Atlanta,Fulton,GA,33.78285969992666,-84.33221395185856,Clear,65.9,63.9,10.0,8.4,False,True,False,False,False,Day
A-4735,4,2022-11-01 16:51:39,Houston,Harris,TX,29.784248750933234,-95.31409110832023,Fair,89.6,26.4,5.1,11.1,False,True,False,False,True,Day
A-4736,2,2022-08-14 14:10:48,Los Angeles,Los Angeles,CA,33.91029352585852,-118.28799616391773,Fair,68.8,46.1,10.0,4.8,False,False,False,False,False,Day
A-4737,3,2022-01-11 15:26:30,Charlotte,Mecklenburg,NC,35.21823931479598,-80.73918763363595,Overcast,94.5,60.4,10.0,10.1,False,False,False,False,True,Day
A-4738,2,2022-06-05 01:17:15,Miami,Miami-Dade,FL,25.79317682380951,-80.10354576661575,Clear,95.7,81.4,9.5,5.4,True,False,False,False,True,Night
A-4739,4,2022-09-20 08:58:08,Houston,Harris,TX,29.824727656045994,-95.41307580336215,Clear,51.5,30.4,10.0,8.9,False,False,False,False,False,Day
A-4740,3,2022-11-30 15:38:50,Dallas,Dallas,TX,32.791645730426424,-96.81195117494102,Fair,55.3,68.7,10.0,0.7,False,False,False,False,False,Day
A-4741,4,2022-02-06 00:09:51,Orlando,Orange,FL,28.547994625805096,-81.34494257038533,Light Rain,58.1,59.3,10.0,4.3,False,False,False,False,False,Night
A-4742,2,2022-06-23 03:02:18,Los Angeles,Los Angeles,CA,34.018257872781724,-118.27977202987533,Light Rain,39.4,89.3,8.5,14.0,False,False,False,False,False,Night
A-4743,3,2022-07-06 17:10:07,Los Angeles,Los Angeles,CA,34.071127779590945,-118.21461386879763,Fair,72.0,51.9,9.6,12.3,False,False,False,False,False,Day
A-4744,2,2022-04-26 15:44:57,Chicago,Cook,IL,41.8662583455558,-87.6192137697138,Light Rain,71.5,68.7,7.6,13.6,False,False,False,False,False,Day
A-4745,2,2022-12-03 08:54:09,Miami,Miami-Dade,FL,25.725231732468202,-80.12736542654216,Overcast,67.9,56.9,6.1,11.6,True,True,False,False,False,Day
A-4746,2,2022-01-23 15:11:38,Los Angeles,Los Angeles,CA,33.99432873517951,-118.22221408116644,Clear,46.6,40.5,7.4,4.5,False,False,False,False,False,Day
A-4747,3,2022-07-12 17:09:02,Los Angeles,Los Angeles,CA,34.00491420373853,-118.34522673717056,Clear,88.8,48.6,9.6,5.0,False,False,False,False,True,Day
A-4748,2,2022-04-20 08:06:03,Los Angeles,Los Angeles,CA,34.06844603131851,-118.20056764790218,Clear,36.8,44.9,6.5,11.0,True,False,False,False,False,Day
A-4749,2,2022-06-19 03:07:37,Houston,Harris,TX,29.691006126855633,-95.30831854604385,Clear,45.2,25.1,9.2,11.3,False,False,False,False,True,Night
A-4750,2,2022-08-22 19:53:50,Austin,Travis,TX,30.252494611453802,-97.74625397491955,Cloudy,78.3,90.9,4.6,12.5,False,False,False,False,False,Night
A-4751,2,2022-01-24 09:35:46,Miami,Miami-Dade,FL,25.827090466467904,-80.1844060695555,Fair,69.7,52.8,8.3,7.8,False,True,False,False,True,Day
A-4752,3,2022-05-22 06:14:48,Houston,Harris,TX,29.688694080122357,-95.3622457359407,Fair,55.8,69.6,9.5,6.7,False,False,False,False,False,Day
A-4753,3,2022-07-10 12:50:33,Orlando,Orange,FL,28.560762887803943,-81.40846599114158,Clear,65.8,37.9,7.6,11.8,False,False,False,False,True,Day
A-4754,2,2022-05-25 16:33:26,Charlotte,Mecklenburg,NC,35.25445897404768,-80.71962498026612,Overcast,66.9,60.9,8.4,0.9,False,False,False,False,False,Day
A-4755,2,2022-08-01 07:55:28,Seattle,King,WA,47.5916354106682,-122.3712201379548,Fair,82.7,70.1,9.0,6.3,False,True,False,False,False,Day
A-4756,2,2022-12-19 08:00:49,Seattle,King,WA,47.63730675932658,-122.28570259874344,Fair,46.8,61.7,8.2,6.0,True,False,False,False,False,Day
A-4757,2,2022-06-12 07:19:19,Los Angeles,Los Angeles,CA,34.04279812425802,-118.1975326279117,Thunderstorm,69.4,43.4,9.6,6.0,False,False,False,False,False,Day
A-4758,2,2022-02-03 23:25:31,Austin,Travis,TX,30.30696384050195,-97.76599302415906,Clear,81.2,76.2,5.6,12.3,False,False,False,False,False,Night
A-4759,2,2022-11-06 07:40:11,Houston,Harris,TX,29.706995828019632,-95.41661952841429,Fair,50.0,19.0,6.6,9.5,False,False,False,False,False,Day
A-4760,2,2022-08-17 14:50:37,Chicago,Cook,IL,41.97255248463899,-87.63512371591382,Cloudy,64.2,28.5,6.9,7.5,False,False,False,False,True,Day
A-4761,2,2022-07-28 19:54:13,Charlotte,Mecklenburg,NC,35.29896252932345,-80.80823525357387,Light Rain,64.1,57.7,8.6,0.9,False,False,False,False,False,Night
A-4762,2,2022-05-29 06:30:23,Chicago,Cook,IL,41.7666141692583,-87.61446087320667,Clear,40.8,12.1,10.0,2.5,True,False,False,False,False,Day
A-4763,2,2022-07-18 20:37:46,Austin,Travis,TX,30.325821245998377,-97.65230735881573,Cloudy,69.4,44.3,10.0,10.2,False,False,False,False,False,Night
A-4764,2,2022-02-13 19:13:52,Miami,Miami-Dade,FL,25.73284899735103,-80.22118228524182,Rain,70.3,50.6,5.6,8.0,False,False,False,False,False,Night
A-4765,2,2022-07-08 18:07:18,Charlotte,Mecklenburg,NC,35.298725490991124,-80.87126912937131,Fair,87.4,90.4,9.4,11.9,True,False,False,False,True,Day
A-4766,4,2022-11-16 07:04:55,Chicago,Cook,IL,41.92854347513836,-87.58571592704985,Clear,64.7,46.8,7.9,4.2,False,False,False,False,False,Day
A-4767,2,2022-09-01 15:40:12,Seattle,King,WA,47.55184163671419,-122.41551556770926,Cloudy,71.6,49.6,8.1,7.2,True,False,False,False,False,Day
A-4768,1,2022-08-06 16:36:01,Los Angeles,Los Angeles,CA,34.08095426552198,-118.27185595742672,Clear,87.1,23.0,7.5,6.3,False,False,False,False,False,Day
A-4769,2,2022-11-22 22:10:22,Orlando,Orange,FL,28.503257850723188,-81.38573041039524,Fair,55.4,61.5,8.4,10.5,False,False,False,False,False,Night
A-4770,3,2022-07-23 07:43:44,Miami,Miami-Dade,FL,25.788601918196246,-80.19251238154405,Light Rain,47.3,60.2,5.4,15.2,False,False,False,False,False,Day
A-4771,3,2022-05-06 16:55:31,Los Angeles,Los Angeles,CA,34.05450179050563,-118.26908462122762,Fair,66.8,38.1,8.8,4.7,True,False,False,False,False,Day
A-4772,3,2022-07-22 08:12:10,Houston,Harris,TX,29.72392549446193,-95.46100820824456,Clear,62.0,78.3,9.6,0.0,False,False,False,False,False,Day
A-4773,2,2022-07-26 07:03:35,Miami,Miami-Dade,FL,25.69485093597621,-80.12106569909885,Clear,63.6,77.0,7.4,8.9,False,False,False,False,True,Day
A-4774,2,2022-12-22 10:58:02,Austin,Travis,TX,30.27870363415727,-97.67500286684333,Cloudy,58.7,48.8,7.9,8.7,False,True,False,False,True,Day
A-4775,3,2022-02-20 17:50:28,Miami,Miami-Dade,FL,25.784903620321447,-80.27502557039354,Fair,52.4,21.5,6.6,0.0,False,False,False,False,False,Day
A-4776,2,2022-05-03 11:05:30,Austin,Travis,TX,30.259307672189433,-97.7094083174855,Cloudy,79.0,38.6,8.2,3.1,False,False,False,False,False,Day
A-4777,3,2022-08-15 13:23:39,Los Angeles,Los Angeles,CA,34.013493751552424,-118.2504544020521,Overcast,64.7,90.7,9.2,5.2,False,False,False,False,True,Day
A-4778,2,2022-09-03 23:01:57,Miami,Miami-Dade,FL,25.73753929547086,-80.16382681015318,Fair,98.7,62.8,8.6,11.6,False,False,False,False,False,Night
A-4779,2,2022-11-17 10:04:41,Miami,Miami-Dade,FL,25.706888545037327,-80.17777003374077,Snow,49.4,44.7,10.0,2.9,False,False,False,False,False,Day
A-4780,3,2022-06-17 14:40:19,Miami,Miami-Dade,FL,25.798505143664883,-80.2646628556154,Rain,95.1,87.3,10.0,5.9,False,False,False,False,False,Day
A-4781,2,2022-06-28 09:00:55,Los Angeles,Los Angeles,CA,33.944233445752204,-118.20359850323645,Clear,69.4,56.3,7.8,0.0,False,False,False,True,False,Day
A-4782,1,2022-11-08 10:53:10,Los Angeles,Los Angeles,CA,34.099786242250104,-118.27129861938843,Clear,65.3,60.3,8.5,8.9,True,False,False,False,False,Day
A-4783,2,2022-04-10 16:27:46,Charlotte,Mecklenburg,NC,35.22330311814146,-80.9729185765559,Clear,48.5,100.0,6.8,2.0,False,False,False,False,True,Day
A-4784,3,2022-03-21 19:55:04,Miami,Miami-Dade,FL,25.787782070586516,-80.18183987036848,Clear,55.1,78.4,8.0,15.7,False,True,False,False,False,Night
A-4785,1,2022-04-12 13:25:15,Houston,Harris,TX,29.791387806203318,-95.44795946728941,Clear,83.9,54.3,9.1,3.6,False,False,False,False,False,Day
A-4786,1,2022-03-26 16:30:27,Houston,Harris,TX,29.766264593398212,-95.31256134689278,Fair,25.0,67.4,10.0,10.8,False,False,False,False,False,Day
A-4787,2,2022-10-21 05:37:08,Seattle,King,WA,47.58669854066711,-122.34665077769202,Clear,38.1,71.0,8.8,9.1,False,True,False,False,True,Night
A-4788,3,2022-07-24 07:34:42,Atlanta,Fulton,GA,33.80430664977333,-84.38405376994335,Clear,40.8,76.4,9.6,3.5,True,False,True,False,False,Day
A-4789,3,2022-08-07 12:24:42,Charlotte,Mecklenburg,NC,35.14133403655755,-80.81711591125759,Clear,82.6,39.3,6.3,11.4,False,False,False,False,False,Day
A-4790,2,2022-12-13 02:33:32,Miami,Miami-Dade,FL,25.826789638332272,-80.18655320303071,Clear,75.2,92.6,9.5,0.0,False,False,False,False,False,Night
A-4791,2,2022-07-15 07:55:55,Los Angeles,Los Angeles,CA,33.996033730629165,-118.27325148435436,Fair,49.8,88.5,7.3,6.9,False,True,False,False,False,Day
A-4792,2,2022-06-10 13:13:12,Chicago,Cook,IL,41.86181960569131,-87.57332097335632,Clear,57.9,41.4,10.0,9.8,False,False,False,False,False,Day
A-4793,2,2022-08-15 01:33:54,Los Angeles,Los Angeles,CA,34.12376563064507,-118.2491277310813,Rain,66.9,59.7,10.0,6.0,False,False,False,False,False,Night
A-4794,3,2022-06-13 08:18:29,Miami,Miami-Dade,FL,25.873173232145618,-80.24800952578605,Clear,80.3,61.5,10.0,2.4,False,False,False,False,False,Day
A-4795,2,2022-05-04 12:51:49,Miami,Miami-Dade,FL,25.770798554593945,-80.17406094650343,Rain,49.8,63.2,7.2,13.3,False,False,False,False,False,Day
A-4796,2,2022-03-26 14:33:48,Miami,Miami-Dade,FL,25.69396972829209,-80.19582549344723,Clear,67.0,75.5,10.0,6.5,False,False,False,False,False,Day
A-4797,2,2022-11-12 19:13:47,Los Angeles,Los Angeles,CA,34.094896221101436,-118.24484765899095,Cloudy,59.8,53.4,4.0,4.8,False,False,False,False,False,Night
A-4798,2,2022-04-14 15:14:34,Austin,Travis,TX,30.265248536187524,-97.73681247199843,Clear,63.5,68.6,10.0,2.6,True,False,False,False,True,Day
A-4799,2,2022-11-27 10:06:28,Los Angeles,Los Angeles,CA,33.999098166686224,-118.24090108577302,Overcast,51.6,72.7,8.9,7.4,False,False,False,False,False,Day
A-4800,2,2022-07-05 19:53:21,Dallas,Dallas,TX,32.78765851068452,-96.72412572363824,Clear,68.1,69.9,5.4,6.1,False,False,False,False,False,Night
A-4801,3,2022-12-17 16:50:09,Los Angeles,Los Angeles,CA,33.98671302490055,-118.28375235413709,Heavy Rain,53.3,69.5,10.0,5.8,False,True,False,False,False,Day
A-4802,2,2022-11-30 07:07:47,Los Angeles,Los Angeles,CA,34.06195235402761,-118.3477406988507,Clear,66.4,71.1,8.3,13.6,False,False,False,False,True,Day
A-4803,2,2022-05-03 06:28:22,Atlanta,Fulton,GA,33.702987824458795,-84.38797060063513,Clear,88.4,64.3,8.3,13.5,False,False,False,False,False,Day
A-4804,2,2022-02-01 15:05:07,Los Angeles,Los Angeles,CA,33.953800628062126,-118.20210768232086,Fair,80.7,21.6,10.0,8.0,False,False,False,False,False,Day
A-4805,4,2022-10-08 13:21:13,Austin,Travis,TX,30.184113802618306,-97.82130957158802,Overcast,85.8,39.7,10.0,9.7,False,False,False,False,False,Day
A-4806,2,2022-03-07 16:18:05,Charlotte,Mecklenburg,NC,35.19672012428478,-80.82487345310255,Heavy Rain,69.7,34.1,9.5,1.0,False,False,False,False,False,Day
A-4807,4,2022-11-09 16:35:53,Los Angeles,Los Angeles,CA,34.077293396841796,-118.3140315937016,Fair,82.0,38.5,4.4,7.4,False,False,False,False,False,Day
A-4808,3,2022-07-28 15:37:39,Chicago,Cook,IL,41.94080346678118,-87.58761200185658,Overcast,38.0,40.2,9.5,8.1,False,False,False,False,False,Day
A-4809,3,2022-08-29 22:52:53,Miami,Miami-Dade,FL,25.83307831795775,-80.19126055936356,Cloudy,39.6,80.7,6.9,6.1,False,False,False,False,False,Night
A-4810,2,2022-11-11 13:01:15,Seattle,King,WA,47.53060013434458,-122.37609304517086,Fair,49.9,86.7,10.0,5.3,False,False,False,False,False,Day
A-4811,2,2022-10-07 06:00:29,Los Angeles,Los Angeles,CA,34.0409734181116,-118.3238765519558,Cloudy,51.0,72.9,9.6,3.8,True,False,False,False,False,Day
A-4812,2,2022-11-11 17:47:32,Seattle,King,WA,47.57568823464442,-122.22304607105879,Clear,80.7,40.1,8.3,7.1,False,False,True,False,False,Day
A-4813,2,2022-01-01 07:38:15,Los Angeles,Los Angeles,CA,34.046883953809356,-118.12843778132739,Fair,42.4,41.6,8.7,11.6,False,False,False,False,False,Day
A-4814,4,2022-12-12 16:47:37,Charlotte,Mecklenburg,NC,35.2976230913179,-80.89705324275177,Overcast,44.6,47.1,5.3,12.2,True,False,False,False,True,Day
A-4815,2,2022-04-21 20:21:21,Austin,Travis,TX,30.275257599509363,-97.79823070878939,Fair,63.2,45.4,10.0,7.0,False,False,False,False,True,Night
A-4816,2,2022-03-10 16:30:39,Atlanta,Fulton,GA,33.79238834802665,-84.384045837517,Light Rain,67.1,86.4,9.5,11.3,False,False,False,False,False,Day
A-4817,1,2022-03-12 14:35:54,Atlanta,Fulton,GA,33.85957349764876,-84.40728037196938,Light Rain,78.1,32.9,9.4,3.3,False,False,False,False,False,Day
A-4818,3,2022-10-04 11:53:04,Austin,Travis,TX,30.18895709045142,-97.759404174619,Light Rain,61.0,66.3,9.5,9.3,False,False,False,False,False,Day
A-4819,2,2022-01-12 09:30:13,Seattle,King,WA,47.58245293718936,-122.31791333150949,Clear,62.3,34.5,5.2,6.5,False,False,False,False,False,Day
A-4820,2,2022-04-28 09:11:26,Los Angeles,Los Angeles,CA,34.08076130783891,-118.14781284620899,Clear,78.3,69.9,10.0,4.3,False,False,True,False,False,Day
A-4821,2,2022-03-23 15:23:54,Miami,Miami-Dade,FL,25.77502757219956,-80.12369468061694,Clear,51.5,52.4,8.0,15.6,False,False,False,True,False,Day
A-4822,3,2022-03-27 16:55:18,Miami,Miami-Dade,FL,25.81413295141067,-80.20781278844103,Snow,66.8,37.6,9.1,5.1,False,False,False,False,True,Day
A-4823,2,2022-06-11 15:06:27,Houston,Harris,TX,29.741209839006927,-95.33369430635989,Clear,73.5,48.8,7.6,5.5,False,False,False,False,True,Day
A-4824,2,2022-01-04 07:47:22,Houston,Harris,TX,29.770699715183333,-95.46215226569166,Fair,59.4,70.0,6.4,5.2,False,False,False,False,False,Day
A-4825,1,2022-05-13 12:13:31,Charlotte,Mecklenburg,NC,35.18928891562945,-80.83630500565681,Clear,77.9,27.4,7.7,8.4,True,False,False,False,False,Day
A-4826,4,2022-02-02 17:27:42,Los Angeles,Los Angeles,CA,34.10539317320389,-118.25553244524855,Clear,52.1,47.4,8.4,12.4,False,True,False,False,False,Day
A-4827,2,2022-10-06 12:35:30,Orlando,Orange,FL,28.54040463670624,-81.33102726623838,Clear,88.4,56.3,8.8,2.4,False,False,False,False,False,Day
A-4828,3,2022-10-24 13:19:59,Los Angeles,Los Angeles,CA,34.12238851301579,-118.21260348169868,Clear,60.3,32.5,7.8,8.9,False,False,False,False,False,Day
A-4829,2,2022-05-08 16:54:06,Miami,Miami-Dade,FL,25.832253553117276,-80.17635607892257,Fair,58.4,41.0,8.6,8.4,False,False,False,False,True,Day
A-4830,2,2022-03-28 15:33:52,Charlotte,Mecklenburg,NC,35.16301908789472,-80.82008772923596,Fog,43.1,89.1,8.2,0.6,False,False,False,False,False,Day
A-4831,2,2022-04-17 10:49:31,Austin,Travis,TX,30.345447881751433,-97.76477720098717,Cloudy,48.2,33.5,6.1,12.4,False,False,False,False,True,Day
A-4832,2,2022-02-13 18:59:05,Orlando,Orange,FL,28.58485432601634,-81.3308177577297,Cloudy,52.8,49.3,8.7,8.1,False,False,False,False,False,Day
A-4833,2,2022-07-10 07:53:46,Dallas,Dallas,TX,32.76887214966252,-96.77399314979274,Fair,48.1,69.7,8.7,9.9,False,False,False,False,False,Day
A-4834,2,2022-07-27 23:40:10,Los Angeles,Los Angeles,CA,34.09426137533659,-118.25181232769278,Overcast,47.3,58.5,7.4,0.0,False,True,False,False,False,Night
A-4835,2,2022-12-14 06:23:43,Charlotte,Mecklenburg,NC,35.20170564628199,-80.83816287657085,Rain,65.7,48.6,10.0,12.9,False,True,False,False,False,Day
A-4836,2,2022-03-25 01:16:24,Los Angeles,Los Angeles,CA,34.120252279883,-118.20149550775805,Fog,74.0,75.7,8.8,15.2,True,False,False,False,False,Night
A-4837,1,2022-10-07 18:08:21,Houston,Harris,TX,29.76535923469298,-95.3228653499065,Clear,69.2,18.5,9.6,6.4,False,False,False,False,True,Day
A-4838,3,2022-09-02 07:47:34,Houston,Harris,TX,29.804797712260303,-95.38691199599863,Light Rain,17.0,74.0,7.1,4.1,True,False,False,False,True,Day
A-4839,3,2022-02-03 16:54:16,Los Angeles,Los Angeles,CA,34.020657285575,-118.28838587263792,Clear,49.4,41.0,7.5,0.0,False,False,False,False,False,Day
A-4840,2,2022-01-28 17:00:52,Miami,Miami-Dade,FL,25.775785400199975,-80.21458241027287,Fair,82.1,10.0,8.3,1.8,False,True,False,False,False,Day
A-4841,2,2022-05-16 17:48:12,Chicago,Cook,IL,41.92239721618002,-87.65000640004082,Clear,44.8,100.0,6.4,10.3,True,False,False,False,False,Day
A-4842,3,2022-11-18 23:31:27,Chicago,Cook,IL,41.893487527810315,-87.6236373869723,Cloudy,63.2,60.7,5.1,6.9,False,False,False,False,False,Night
A-4843,3,2022-11-07 08:07:07,Houston,Harris,TX,29.788469937319586,-95.30992898302725,Fair,48.6,75.4,10.0,0.9,False,True,False,False,False,Day
A-4844,4,2022-09-17 16:09:36,Los Angeles,Los Angeles,CA,34.01421268644707,-118.26722662698256,Clear,84.6,81.5,7.7,13.1,False,False,False,False,False,Day
A-4845,2,2022-07-27 06:32:44,Los Angeles,Los Angeles,CA,34.0674268699258,-118.22429903883933,Overcast,53.1,41.5,8.6,4.3,False,True,False,False,True,Day
A-4846,2,2022-09-30 10:32:01,Houston,Harris,TX,29.722670321548332,-95.37901136111839,Fair,75.3,54.8,9.4,1.1,False,False,True,False,False,Day
A-4847,2,2022-05-12 17:04:56,Atlanta,Fulton,GA,33.74808190914522,-84.3870443471865,Clear,54.1,59.3,8.4,7.2,False,False,False,False,False,Day
A-4848,2,2022-06-10 09:11:51,Los Angeles,Los Angeles,CA,34.027553342135946,-118.22855190415437,Fair,28.6,45.9,6.6,9.0,False,False,False,False,True,Day
A-4849,2,2022-07-03 14:34:20,Austin,Travis,TX,30.25696867598259,-97.68302044625509,Fair,72.1,83.8,10.0,1.6,False,False,False,False,False,Day
A-4850,2,2022-12-08 12:01:52,Los Angeles,Los Angeles,CA,33.96461866651854,-118.23133269298752,Clear,36.2,86.6,7.9,5.8,False,False,False,False,True,Day
A-4851,2,2022-12-09 15:14:10,Chicago,Cook,IL,41.87942330448079,-87.75887845278926,Clear,51.3,57.4,10.0,13.2,False,False,True,False,True,Day
A-4852,2,2022-04-04 21:17:22,Houston,Harris,TX,29.755023509609597,-95.37975590179157,Thunderstorm,93.0,70.0,10.0,1.6,False,True,False,False,True,Night
A-4853,2,2022-07-27 04:30:53,Austin,Travis,TX,30.191430598676035,-97.6646448311003,Light Rain,111.9,77.1,6.4,8.4,False,False,False,False,False,Night
A-4854,2,2022-12-05 14:55:25,Miami,Miami-Dade,FL,25.778763297273635,-80.13469584986677,Clear,65.3,65.6,10.0,5.7,False,False,True,False,True,Day
A-4855,3,2022-12-11 17:38:06,Dallas,Dallas,TX,32.818001146148085,-96.75746856916487,Fair,51.6,48.5,9.2,9.1,False,False,False,False,False,Day
A-4856,3,2022-12-27 12:38:31,Los Angeles,Los Angeles,CA,34.06796370354746,-118.18473311708115,Fair,65.4,10.3,7.2,2.8,False,True,False,False,True,Day
A-4857,2,2022-12-22 05:13:28,Los Angeles,Los Angeles,CA,34.09148421247863,-118.20249885769816,Fair,45.3,61.9,9.8,7.9,False,False,False,False,False,Night
A-4858,4,2022-05-16 13:30:01,Atlanta,Fulton,GA,33.72265093658381,-84.33000253356481,Fair,58.7,75.9,9.2,3.2,False,False,False,False,False,Day
A-4859,2,2022-08-11 08:57:46,Atlanta,Fulton,GA,33.7383608743639,-84.44387514701543,Clear,89.0,41.1,7.8,0.0,False,False,False,False,True,Day
A-4860,2,2022-11-20 06:28:41,Seattle,King,WA,47.60990877506236,-122.33509295722567,Clear,68.1,63.4,10.0,1.4,False,True,False,False,False,Day
A-4861,4,2022-06-01 17:08:31,Dallas,Dallas,TX,32.78399951805806,-96.78962229033641,Clear,43.7,68.9,9.8,6.1,False,False,False,False,False,Day
A-4862,1,2022-01-01 13:13:50,Austin,Travis,TX,30.149716407109533,-97.74039766278551,Fair,71.1,69.0,6.8,7.9,False,False,False,False,True,Day
A-4863,2,2022-12-09 19:21:51,Los Angeles,Los Angeles,CA,34.006155718479086,-118.27255336423225,Rain,39.3,62.5,9.7,11.8,False,False,False,False,True,Night
A-4864,2,2022-03-23 17:16:15,Miami,Miami-Dade,FL,25.81181721101399,-80.18448397981888,Thunderstorm,36.8,40.0,8.6,8.4,True,False,False,False,False,Day
A-4865,2,2022-10-02 15:07:58,Miami,Miami-Dade,FL,25.722583330007524,-80.27681163416906,Heavy Rain,76.5,84.1,6.7,13.2,False,False,False,False,False,Day
A-4866,2,2022-03-18 00:57:11,Dallas,Dallas,TX,32.764354058191294,-96.77434169437441,Snow,53.5,59.1,8.5,6.2,True,False,False,False,False,Night
A-4867,2,2022-06-11 10:37:47,Houston,Harris,TX,29.757793553839708,-95.40348935056456,Clear,88.6,49.3,9.8,9.2,True,True,False,True,True,Day
A-4868,2,2022-04-15 07:18:54,Los Angeles,Los Angeles,CA,33.985182432434804,-118.35250203570666,Cloudy,49.2,27.2,7.1,3.1,False,False,False,False,True,Day
A-4869,3,2022-12-21 18:34:50,Dallas,Dallas,TX,32.85570820938489,-96.79617429941004,Clear,83.4,68.1,6.2,8.3,True,False,False,False,False,Day
A-4870,2,2022-09-13 07:20:15,Austin,Travis,TX,30.265634512028164,-97.66569426263057,Light Rain,89.6,100.0,6.2,5.5,False,False,False,False,False,Day
A-4871,2,2022-07-23 08:32:16,Houston,Harris,TX,29.71757695447064,-95.4648434052605,Overcast,67.3,55.3,6.4,5.1,False,False,False,False,False,Day
A-4872,2,2022-09-18 13:03:01,Los Angeles,Los Angeles,CA,34.08462282479794,-118.25585218582249,Fair,60.5,50.3,10.0,7.3,False,False,False,False,False,Day
A-4873,3,2022-07-11 08:30:24,Los Angeles,Los Angeles,CA,34.037363799350324,-118.32480554027539,Fair,56.0,59.7,9.8,1.3,False,False,False,False,False,Day
A-4874,3,2022-02-16 07:54:04,Miami,Miami-Dade,FL,25.764638797546073,-80.17894728866395,Clear,56.9,58.5,7.2,8.3,False,True,False,False,False,Day
A-4875,3,2022-10-16 14:28:49,Miami,Miami-Dade,FL,25.832142765408395,-80.14824793844255,Clear,41.0,52.6,8.6,9.8,False,False,False,False,False,Day
A-4876,2,2022-04-05 05:36:57,Dallas,Dallas,TX,32.74964032587247,-96.83746202916929,Snow,74.6,100.0,6.4,4.2,False,False,False,False,False,Night
A-4877,2,2022-11-16 05:18:22,Dallas,Dallas,TX,32.833839249649294,-96.8181806445383,Light Rain,74.1,60.9,7.7,7.7,False,False,False,False,True,Night
A-4878,2,2022-06-01 09:53:49,Orlando,Orange,FL,28.521190143288937,-81.3866341239202,Clear,61.6,33.9,7.7,12.0,False,True,False,False,True,Day
A-4879,2,2022-02-22 16:36:29,Houston,Harris,TX,29.763812678415253,-95.30782957138574,Clear,65.4,36.4,9.6,10.0,True,True,False,False,False,Day
A-4880,2,2022-05-25 13:27:24,Austin,Travis,TX,30.282356472653458,-97.8130085750626,Clear,58.2,82.8,10.0,6.5,True,False,False,False,False,Day
A-4881,4,2022-12-25 10:52:59,Miami,Miami-Dade,FL,25.74446930262402,-80.21449378583901,Snow,46.8,65.7,6.8,8.6,False,True,False,False,True,Day
A-4882,2,2022-07-25 14:10:01,Houston,Harris,TX,29.709563186593492,-95.29126451285339,Rain,45.4,53.0,7.3,13.0,False,False,False,False,False,Day
A-4883,4,2022-12-10 09:29:29,Austin,Travis,TX,30.289858642417315,-97.77946773513355,Fair,56.5,51.3,9.5,8.0,True,False,False,False,False,Day
A-4884,1,2022-07-09 19:12:06,Los Angeles,Los Angeles,CA,34.108274351629056,-118.26342507668934,Cloudy,59.1,73.9,6.1,10.8,False,False,False,False,True,Night
A-4885,4,2022-08-08 04:13:51,Los Angeles,Los Angeles,CA,34.083540320020944,-118.23469349500513,Cloudy,82.3,44.2,7.2,10.2,False,False,False,False,False,Night
A-4886,2,2022-06-17 15:10:36,Seattle,King,WA,47.63609635400121,-122.2157414084453,Clear,75.0,57.0,10.0,7.4,False,False,False,False,False,Day
A-4887,3,2022-08-29 18:18:07,Miami,Miami-Dade,FL,25.738820554737025,-80.24766866634855,Rain,88.1,74.6,10.0,12.2,False,False,False,False,False,Day
A-4888,2,2022-05-27 17:06:55,Orlando,Orange,FL,28.57271803045988,-81.34143203125215,Fair,75.4,45.1,7.1,3.0,False,False,False,False,False,Day
A-4889,4,2022-11-13 07:02:02,Los Angeles,Los Angeles,CA,34.070107133890204,-118.30308964354236,Clear,41.2,85.4,7.3,8.7,False,False,False,False,False,Day
A-4890,2,2022-10-06 08:44:32,Orlando,Orange,FL,28.581444802611763,-81.42957746855257,Fair,42.7,27.2,10.0,4.8,False,False,False,False,False,Day
A-4891,2,2022-12-28 16:27:35,Miami,Miami-Dade,FL,25.76663399631104,-80.21747202464665,Cloudy,49.1,60.8,10.0,10.6,False,False,False,False,False,Day
A-4892,2,2022-06-05 05:14:28,Los Angeles,Los Angeles,CA,34.08203837899895,-118.22045785161222,Fair,59.7,61.5,8.4,6.9,False,False,False,False,False,Night
A-4893,2,2022-09-23 17:45:18,Dallas,Dallas,TX,32.75253847750233,-96.82448706855793,Cloudy,53.4,17.5,7.6,10.8,False,False,False,False,False,Day
A-4894,2,2022-10-11 16:05:44,Miami,Miami-Dade,FL,25.796468324268826,-80.18515425420543,Light Rain,75.4,45.1,10.0,10.1,True,False,False,False,False,Day
A-4895,4,2022-07-01 16:46:54,Houston,Harris,TX,29.6974180110348,-95.40567482721694,Overcast,82.7,71.9,9.6,5.3,False,False,True,False,False,Day
A-4896,2,2022-04-24 06:06:26,Los Angeles,Los Angeles,CA,34.03546682145436,-118.23962559006904,Cloudy,46.9,45.6,8.8,9.1,False,False,False,False,False,Day
A-4897,3,2022-01-15 16:16:40,Los Angeles,Los Angeles,CA,34.017332763325285,-118.30858507963733,Fair,40.4,54.7,10.0,8.8,True,False,False,False,False,Day
A-4898,2,2022-11-17 15:01:46,Miami,Miami-Dade,FL,25.936993570177247,-80.25544195204034,Clear,89.7,51.9,9.4,6.2,False,False,False,False,False,Day
A-4899,2,2022-12-15 17:41:51,Los Angeles,Los Angeles,CA,34.084806675542424,-118.2693767652691,Fair,68.5,79.5,6.6,10.5,False,False,False,False,False,Day
A-4900,2,2022-11-30 04:09:27,Atlanta,Fulton,GA,33.69480952443365,-84.35744583362028,Clear,57.0,66.9,9.8,6.6,False,False,False,False,True,Night
A-4901,3,2022-09-27 02:04:50,Los Angeles,Los Angeles,CA,33.98381349453569,-118.23401018204342,Rain,88.7,51.0,7.6,3.9,False,False,False,False,False,Night
A-4902,2,2022-04-14 09:07:49,Charlotte,Mecklenburg,NC,35.139814969853994,-80.88181865364436,Rain,83.7,45.7,8.6,8.1,False,False,False,False,False,Day
A-4903,2,2022-04-23 06:04:10,Los Angeles,Los Angeles,CA,33.99521374654196,-118.30027847296459,Clear,56.1,77.3,10.0,8.8,False,True,False,False,False,Day
A-4904,2,2022-12-12 13:47:09,Miami,Miami-Dade,FL,25.719261806281477,-80.1401094782457,Overcast,78.1,62.9,10.0,0.0,False,True,False,False,False,Day
A-4905,2,2022-12-03 18:38:46,Atlanta,Fulton,GA,33.700232335586634,-84.31983783708793,Cloudy,82.3,80.1,3.0,16.6,True,False,True,False,False,Day
A-4906,2,2022-03-12 10:47:05,Los Angeles,Los Angeles,CA,34.02884310580672,-118.21831378079251,Fog,77.6,72.4,7.8,18.3,True,False,False,False,False,Day
A-4907,2,2022-12-30 17:16:14,Chicago,Cook,IL,41.91982507807927,-87.61202287473127,Fair,84.0,10.0,7.9,3.7,False,False,False,False,False,Day
A-4908,2,2022-05-20 00:55:01,Miami,Miami-Dade,FL,25.751743451124074,-80.29868994274814,Cloudy,50.8,81.4,8.9,9.5,False,False,False,False,False,Night
A-4909,1,2022-05-23 07:37:49,Orlando,Orange,FL,28.573945068154256,-81.34951802678121,Fair,65.4,62.5,7.2,2.7,True,False,False,False,False,Day
A-4910,3,2022-08-21 03:10:40,Charlotte,Mecklenburg,NC,35.17384565579106,-80.76367926047722,Clear,89.7,64.9,8.3,0.4,False,False,False,False,True,Night
A-4911,2,2022-03-26 08:17:14,Seattle,King,WA,47.58707265924315,-122.27848934827834,Clear,59.2,19.9,8.8,5.2,False,False,False,False,False,Day
A-4912,3,2022-08-27 18:53:49,Charlotte,Mecklenburg,NC,35.18020047640707,-80.79219716629706,Clear,55.3,50.3,5.6,1.5,False,False,False,False,True,Day
A-4913,2,2022-09-24 06:14:29,Charlotte,Mecklenburg,NC,35.24923606961033,-80.9258661860198,Clear,66.7,61.2,8.6,9.1,False,False,False,False,False,Day
A-4914,2,2022-08-03 14:17:30,Los Angeles,Los Angeles,CA,34.04314228544674,-118.27891561047501,Clear,41.3,34.3,10.0,10.5,False,False,False,False,False,Day
A-4915,2,2022-12-23 11:17:54,Los Angeles,Los Angeles,CA,34.140853900296435,-118.2509419744765,Cloudy,69.9,86.5,6.5,14.0,False,False,False,False,False,Day
A-4916,2,2022-03-10 19:12:13,Atlanta,Fulton,GA,33.715478670581504,-84.4235822428243,Cloudy,40.0,74.9,9.2,7.2,True,False,False,False,False,Night
A-4917,2,2022-03-13 06:35:17,Miami,Miami-Dade,FL,25.709719846663656,-80.2497937517324,Fog,84.0,52.0,9.1,10.5,False,False,False,False,False,Day
A-4918,2,2022-09-14 07:24:43,Houston,Harris,TX,29.775236988156674,-95.34884420636715,Clear,40.7,96.3,5.3,8.6,False,False,True,False,True,Day
A-4919,2,2022-09-26 03:11:39,Austin,Travis,TX,30.258389379544987,-97.69326292491763,Rain,77.7,67.4,8.2,8.2,False,False,False,False,True,Night
A-4920,2,2022-06-16 11:53:00,Miami,Miami-Dade,FL,25.786825584221877,-80.26161992827274,Cloudy,54.1,87.4,8.8,3.0,False,False,False,False,False,Day
A-4921,2,2022-03-18 08:49:06,Chicago,Cook,IL,41.87501639498266,-87.57790410657297,Fair,49.1,43.7,10.0,6.0,False,False,True,False,False,Day
A-4922,2,2022-07-28 17:35:22,Orlando,Orange,FL,28.53126546655578,-81.36803734749384,Cloudy,65.4,69.6,8.2,5.5,True,False,False,False,False,Day
A-4923,3,2022-10-08 14:49:54,Dallas,Dallas,TX,32.74330153041168,-96.71584833525468,Cloudy,69.5,86.9,9.7,9.4,False,False,False,False,False,Day
A-4924,3,2022-05-08 14:11:18,Seattle,King,WA,47.592720518052914,-122.29235845931038,Clear,66.4,83.7,7.5,0.0,True,False,False,False,True,Day
A-4925,2,2022-05-12 13:02:39,Los Angeles,Los Angeles,CA,33.97571654868903,-118.23720530957743,Overcast,70.1,80.2,9.6,11.2,False,False,False,True,True,Day
A-4926,3,2022-02-09 05:18:08,Miami,Miami-Dade,FL,25.821583437493874,-80.1849134453661,Cloudy,75.4,84.9,10.0,5.9,False,True,False,False,False,Night
A-4927,4,2022-09-13 11:50:48,Houston,Harris,TX,29.82388391205051,-95.36969348637342,Thunderstorm,34.8,90.5,5.7,4.3,False,False,False,False,True,Day
A-4928,2,2022-11-25 23:01:35,Miami,Miami-Dade,FL,25.808575301832285,-80.10087110484329,Rain,67.0,13.8,9.2,8.4,False,False,False,False,True,Night
A-4929,2,2022-07-27 17:10:33,Orlando,Orange,FL,28.515407887252906,-81.34859727809189,Cloudy,44.5,51.5,10.0,6.9,False,False,False,False,True,Day
A-4930,3,2022-04-27 18:00:24,Atlanta,Fulton,GA,33.717586826345865,-84.40639924885889,Cloudy,46.0,25.2,8.7,7.6,False,False,False,False,False,Day
A-4931,2,2022-04-08 17:10:22,Houston,Harris,TX,29.785354770396218,-95.34133604913275,Heavy Rain,48.5,25.4,9.5,12.2,False,False,False,False,False,Day
A-4932,1,2022-05-07 06:28:39,Miami,Miami-Dade,FL,25.71411828398426,-80.16849563508724,Fog,35.4,49.6,10.0,0.0,True,False,False,False,False,Day
A-4933,2,2022-02-12 07:03:56,Chicago,Cook,IL,41.93493289380672,-87.65094091748519,Overcast,64.8,51.4,6.2,1.4,False,False,False,False,False,Day
A-4934,3,2022-03-12 00:26:04,Houston,Harris,TX,29.64134500421714,-95.41080740543183,Overcast,38.5,87.2,9.8,4.8,False,False,False,False,True,Night
A-4935,4,2022-12-03 08:22:48,Charlotte,Mecklenburg,NC,35.20450316533675,-80.78400229512243,Clear,71.1,36.2,10.0,12.6,False,False,False,False,False,Day
A-4936,2,2022-08-31 06:17:42,Houston,Harris,TX,29.70717036647787,-95.38291983444905,Light Rain,87.8,63.6,8.1,10.2,False,False,True,False,False,Day
A-4937,4,2022-12-02 12:43:53,Atlanta,Fulton,GA,33.81134559641216,-84.4039274244525,Clear,88.5,91.9,7.7,6.5,False,False,False,False,False,Day
A-4938,2,2022-08-16 15:45:37,Charlotte,Mecklenburg,NC,35.280773731760945,-80.81400906160435,Fair,48.6,56.9,7.7,9.4,False,False,False,False,False,Day
A-4939,2,2022-07-08 17:47:49,Austin,Travis,TX,30.295418667181508,-97.76898881878147,Fair,47.2,99.0,9.6,10.4,False,False,False,False,True,Day
A-4940,2,2022-06-18 16:50:34,Austin,Travis,TX,30.362981315258732,-97.73166799305599,Clear,76.7,22.5,10.0,9.1,False,False,False,False,True,Day
A-4941,4,2022-11-30 19:47:02,Miami,Miami-Dade,FL,25.762200599190926,-80.21081213823014,Clear,65.9,43.0,10.0,11.3,False,False,False,False,False,Night
A-4942,2,2022-12-07 04:03:56,Houston,Harris,TX,29.79196289599536,-95.4987640198894,Light Rain,63.9,90.9,10.0,7.7,False,True,False,False,True,Night
A-4943,2,2022-09-30 01:43:01,Seattle,King,WA,47.52632060153169,-122.31278248432862,Overcast,45.4,46.5,8.3,9.0,False,False,False,False,False,Night
A-4944,2,2022-01-17 15:18:42,Houston,Harris,TX,29.74439340189444,-95.35670885327478,Fair,66.8,55.2,7.3,9.0,False,False,False,False,True,Day
A-4945,2,2022-12-28 08:08:36,Austin,Travis,TX,30.272702202945364,-97.72540870323796,Cloudy,78.0,93.4,5.9,5.4,False,False,False,True,True,Day
A-4946,2,2022-05-16 07:44:55,Atlanta,Fulton,GA,33.703164375212374,-84.49177742473535,Snow,53.4,73.3,9.9,6.5,True,True,False,False,False,Day
A-4947,1,2022-01-22 08:12:30,Dallas,Dallas,TX,32.789476121839776,-96.86453379857167,Fair,72.0,27.1,10.0,9.0,False,False,False,False,True,Day
A-4948,3,2022-04-04 08:37:25,Orlando,Orange,FL,28.439863046474777,-81.32107392750756,Fair,67.4,72.3,9.4,3.1,False,True,True,False,True,Day
A-4949,2,2022-11-02 12:21:05,Austin,Travis,TX,30.292206582541116,-97.73940490662005,Fair,55.2,45.9,9.7,4.1,False,False,False,False,False,Day
A-4950,2,2022-01-07 11:20:09,Seattle,King,WA,47.58446862389927,-122.42677514338835,Rain,64.2,50.1,8.9,6.0,False,False,False,False,False,Day
A-4951,2,2022-05-31 12:07:04,Houston,Harris,TX,29.721032545660975,-95.36557049668559,Fair,49.3,58.1,10.0,7.2,False,False,False,False,False,Day
A-4952,2,2022-06-04 15:50:27,Los Angeles,Los Angeles,CA,34.089368261525294,-118.32218985684224,Snow,77.8,48.4,7.8,6.9,True,False,False,False,False,Day
A-4953,2,2022-06-30 09:02:38,Houston,Harris,TX,29.833591908436436,-95.39846471768932,Clear,49.6,69.8,9.6,6.9,False,False,False,False,False,Day
A-4954,3,2022-11-08 07:50:35,Orlando,Orange,FL,28.582890621584735,-81.36652101967964,Clear,56.0,42.6,8.4,7.5,True,False,False,False,True,Day
A-4955,2,2022-05-06 07:25:44,Houston,Harris,TX,29.719828145861733,-95.35704884375278,Clear,78.5,66.1,10.0,6.1,False,False,False,False,False,Day
A-4956,3,2022-01-29 09:03:11,Orlando,Orange,FL,28.571707731498616,-81.32885727677936,Fair,57.1,75.1,9.0,4.3,False,False,False,False,False,Day
A-4957,3,2022-05-02 16:14:51,Houston,Harris,TX,29.747602410370668,-95.34653639520614,Cloudy,51.0,58.7,10.0,7.1,False,False,False,False,False,Day
A-4958,2,2022-03-26 16:28:08,Dallas,Dallas,TX,32.833171615890656,-96.77058622375034,Fair,67.8,61.4,7.2,9.6,False,False,False,False,True,Day
A-4959,2,2022-02-26 15:35:03,Los Angeles,Los Angeles,CA,34.06325582280067,-118.26277352565178,Fair,91.9,61.8,10.0,10.4,False,False,False,False,False,Day
A-4960,2,2022-07-14 07:37:55,Orlando,Orange,FL,28.464571147228224,-81.4217199552707,Fair,82.5,62.6,10.0,0.0,False,True,False,False,True,Day
A-4961,2,2022-04-13 14:59:23,Charlotte,Mecklenburg,NC,35.214997158064456,-80.8406538884068,Light Rain,74.2,57.9,8.4,3.0,False,False,False,False,False,Day
A-4962,2,2022-06-13 14:12:19,Miami,Miami-Dade,FL,25.720435987519245,-80.14079537210169,Light Rain,79.9,57.0,7.9,10.8,False,False,True,False,False,Day
A-4963,2,2022-06-10 12:50:26,Miami,Miami-Dade,FL,25.722838947522664,-80.15049674998072,Cloudy,72.7,57.6,6.5,5.9,False,True,False,False,False,Day
A-4964,2,2022-02-26 13:21:24,Orlando,Orange,FL,28.522053363282403,-81.38925531758206,Heavy Rain,68.4,63.7,6.7,0.0,False,False,False,False,True,Day
A-4965,3,2022-12-23 12:11:14,Charlotte,Mecklenburg,NC,35.24081064091088,-80.8460820701531,Fair,78.7,51.4,8.2,11.9,False,False,False,False,False,Day
A-4966,2,2022-05-07 14:19:21,Miami,Miami-Dade,FL,25.80710242302531,-80.23691907433492,Clear,70.2,57.1,9.3,11.0,False,False,True,False,False,Day
A-4967,2,2022-01-11 16:03:44,Chicago,Cook,IL,41.851828798036045,-87.57227467122172,Clear,64.2,79.8,9.4,2.3,False,False,False,False,True,Day
A-4968,2,2022-12-19 06:54:31,Orlando,Orange,FL,28.598933790646054,-81.29844402179602,Clear,67.8,100.0,10.0,2.3,False,False,False,False,False,Day
A-4969,2,2022-10-19 16:26:54,Chicago,Cook,IL,41.7929798230095,-87.60783357789224,Fair,70.0,100.0,8.0,18.9,False,False,False,False,False,Day
A-4970,2,2022-09-11 06:42:50,Houston,Harris,TX,29.718505182058394,-95.45158432092599,Rain,69.6,62.7,7.8,3.3,False,False,False,False,False,Day
A-4971,4,2022-05-14 05:32:09,Charlotte,Mecklenburg,NC,35.3295131355864,-80.80943004381646,Light Rain,70.5,39.4,8.8,11.9,False,False,False,False,False,Night
A-4972,3,2022-08-01 21:18:13,Atlanta,Fulton,GA,33.691869359240066,-84.30527358463338,Clear,50.2,55.1,7.2,13.2,False,False,False,False,False,Night
A-4973,2,2022-11-09 20:54:55,Charlotte,Mecklenburg,NC,35.28966385124807,-80.89902474480391,Fair,61.9,62.9,10.0,1.2,False,False,True,False,False,Night
A-4974,2,2022-08-04 05:40:22,Orlando,Orange,FL,28.5370010198309,-81.33690765169099,Cloudy,46.0,81.6,10.0,3.4,False,False,False,True,True,Night
A-4975,2,2022-01-28 11:46:05,Miami,Miami-Dade,FL,25.75815704182848,-80.20120042460339,Snow,68.9,45.7,10.0,11.1,False,False,False,False,False,Day
A-4976,2,2022-01-02 07:00:34,Houston,Harris,TX,29.807163078248774,-95.30760773871211,Clear,70.2,57.5,10.0,1.5,False,False,False,False,False,Day
A-4977,3,2022-05-07 12:28:22,Los Angeles,Los Angeles,CA,34.091958288876825,-118.30158859043526,Fair,84.8,39.8,8.7,2.7,False,False,False,False,True,Day
A-4978,4,2022-12-27 17:16:01,Miami,Miami-Dade,FL,25.828387565771855,-80.21348335995428,Snow,69.5,93.3,10.0,6.2,False,False,False,False,False,Day
A-4979,2,2022-07-07 19:18:31,Los Angeles,Los Angeles,CA,34.03984723353024,-118.32209609275574,Fog,59.4,70.9,10.0,6.5,False,True,False,False,True,Night
A-4980,2,2022-02-22 15:07:41,Los Angeles,Los Angeles,CA,34.059349547859206,-118.22672314593939,Clear,58.7,52.9,8.4,11.4,False,False,False,False,False,Day
A-4981,1,2022-05-16 09:58:58,Chicago,Cook,IL,41.8655903307663,-87.60214488746804,Clear,74.7,61.3,10.0,9.3,False,True,False,False,False,Day
A-4982,2,2022-06-27 14:38:21,Miami,Miami-Dade,FL,25.706105670176306,-80.17460160657467,Fair,54.8,33.0,9.0,7.8,False,False,True,False,False,Day
A-4983,2,2022-11-18 08:01:40,Dallas,Dallas,TX,32.785231437270525,-96.8227860379281,Light Rain,67.3,69.1,8.8,6.4,False,False,False,False,False,Day
A-4984,2,2022-03-26 18:18:40,Seattle,King,WA,47.59795564411662,-122.35407069048857,Clear,79.3,67.7,7.2,2.8,False,False,True,False,False,Day
A-4985,2,2022-07-28 17:27:31,Charlotte,Mecklenburg,NC,35.133530765014164,-80.8594601500196,Rain,95.4,24.6,9.4,11.9,False,False,False,False,False,Day
A-4986,2,2022-11-15 13:15:29,Los Angeles,Los Angeles,CA,34.10766967717939,-118.19943427058142,Clear,82.3,45.4,10.0,7.6,False,False,False,False,False,Day
A-4987,2,2022-05-14 08:51:55,Orlando,Orange,FL,28.545705160971345,-81.45183189051576,Cloudy,57.1,54.0,4.5,9.6,False,False,False,False,False,Day
A-4988,2,2022-09-16 08:44:53,Dallas,Dallas,TX,32.7416885581728,-96.81402793889988,Cloudy,53.8,54.2,9.7,7.9,False,False,False,False,False,Day
A-4989,2,2022-04-25 03:21:45,Orlando,Orange,FL,28.55492126454913,-81.45281632374689,Clear,74.5,49.9,10.0,7.5,False,True,False,False,False,Night
A-4990,2,2022-11-02 17:14:49,Austin,Travis,TX,30.24099449521865,-97.76356165369528,Fair,61.8,62.5,9.2,7.4,False,False,False,False,False,Day
A-4991,2,2022-02-27 11:21:39,Chicago,Cook,IL,41.888174725892235,-87.63051116979035,Fair,42.8,87.9,5.1,7.0,False,True,False,False,False,Day
A-4992,4,2022-03-07 08:40:40,Dallas,Dallas,TX,32.84606026342064,-96.69197695455247,Light Rain,103.9,69.6,6.3,6.4,False,True,False,False,False,Day
A-4993,2,2022-08-21 12:03:06,Miami,Miami-Dade,FL,25.781637519495895,-80.22518559370425,Clear,67.6,83.6,8.8,4.6,False,False,False,False,False,Day
A-4994,4,2022-11-20 17:06:03,Dallas,Dallas,TX,32.75234671444204,-96.74564648761348,Cloudy,83.7,67.3,5.7,9.1,False,False,False,False,False,Day
A-4995,2,2022-10-08 06:57:26,Los Angeles,Los Angeles,CA,34.00065260610707,-118.32921716333796,Cloudy,60.0,53.6,10.0,11.5,False,False,False,False,False,Day
A-4996,2,2022-06-02 17:30:25,Atlanta,Fulton,GA,33.713283075926405,-84.38601032741798,Fair,64.5,56.5,10.0,8.0,True,False,False,False,True,Day
A-4997,2,2022-01-23 18:34:08,Los Angeles,Los Angeles,CA,34.09280195118989,-118.24181872278001,Rain,67.3,76.1,6.9,13.4,True,False,False,False,True,Day
A-4998,2,2022-11-19 19:47:07,Miami,Miami-Dade,FL,25.758871493066344,-80.15453804310691,Cloudy,60.9,70.8,10.0,5.2,False,False,False,False,False,Night
A-4999,2,2022-01-22 10:20:15,Austin,Travis,TX,30.2951876437801,-97.77041034738214,Cloudy,53.6,86.7,10.0,15.6,False,False,False,False,False,Day
A-5000,3,2022-11-17 07:17:46,Dallas,Dallas,TX,32.76271739463962,-96.83624518023048,Fair,98.0,60.1,8.3,8.8,True,False,False,False,False,Day
